title,date,content,url,page_number,scrape_timestamp
,,"MI vs KKR Playing XI: આજે (31 માર્ચ) ઇન્ડિયન પ્રીમિયર લીગ (IPL) 2025ના મેચ નંબર-12માં મુંબઈ ઇન્ડિયન્સ (MI) અને કોલકાતા નાઈટ રાઇડર્સ (KKR) ટકરાશે. બંને ટીમો વચ્ચેની આ મેચ ભારતીય સમય મુજબ સાંજે 7:30 વાગ્યે મુંબઈના વાનખેડે સ્ટેડિયમ ખાતે રમાશે. આ મેચમાં હાર્દિક પંડ્યા મુંબઈ ઈન્ડિયન્સનું નેતૃત્વ કરશે, જ્યારે અજિંક્ય રહાણે KKR ટીમનું નેતૃત્વ કરશે.

Fun mode: ON 🤩 pic.twitter.com/cpmvNSxmqv

મુંબઈએ અત્યાર સુધી નથી મેળવી એક પણ જીત

પાંચ વખતની ચેમ્પિયન મુંબઈ આ સીઝનમાં પોતાની પહેલી જીતની રાહ જોઈ રહી છે. ટીમ અત્યાર સુધીમાં ચેન્નઈ સુપર કિંગ્સ (CSK) અને ગુજરાત ટાઇટન્સ (GT) સામે બે મેચ હારી ગઈ છે. બીજી તરફ ડિફેન્ડિંગ ચેમ્પિયન KKR એ રોયલ ચેલેન્જર્સ બેંગલુરુ (RCB) સામે હાર્યા બાદ સનરાઇઝર્સ હૈદરાબાદ (SRH) સામે એકતરફી જીત મેળવી હતી.

મુંબઈ અને કોલકાતા વચ્ચેની આ મેચમાં બધાની નજર બંને ટીમોના પ્લેઇંગ-11 પર પણ છે. KKRની પ્લેઇંગ-11માં એક ફેરફાર નક્કી છે. ઓલરાઉન્ડર સુનીલ નરેન ફિટ થઈ ગયો છે અને પાછો ફરશે. મુંબઈ ઇન્ડિયન્સ સ્પિનર ​​વિગ્નેશ પુથુર અને ઇંગ્લિશ ઓલરાઉન્ડર વિલ જેક્સને તક આપી શકે છે. વિગ્નેશે ચેન્નઈ સુપર કિંગ્સ સામેની તેની આઈપીએલ ડેબ્યૂ મેચમાં 3 વિકેટ લીધી હતી. જેક્સ પણ તે મેચમાં રમ્યો હતો.

મુંબઈ ઈન્ડિયન્સ માટે IPL સીઝનની શરૂઆત સતત હાર સાથે થાય તે કંઈ નવી વાત નથી. જોકે, મુંબઈને પોતાના અભિયાનને પાટા પર લાવવા માટે બોલરો તરફથી સારા પ્રદર્શન અને બેટ્સમેન તરફથી સાતત્યની જરૂર પડશે. ટીમના ભૂતપૂર્વ કેપ્ટન રોહિત શર્મા બંને મેચમાં કંઈ ખાસ કરી શક્યો નહીં. જ્યારે દક્ષિણ આફ્રિકાના બેટ્સમેન રેયાન રિકેલ્ટન હજુ સુધી ભારતીય પીચો પર પોતાની લય શોધી શક્યો નથી.

સૂર્યકુમાર અને હાર્દિક પર મોટી જવાબદારી રહેશે

ગુજરાત ટાઇટન્સ સામે 48 રન બનાવ્યા બાદ સૂર્યકુમાર યાદવ ફોર્મમાં પાછો ફર્યો હોય તેવું લાગ્યું પરંતુ તે એવી ઇનિંગ રમી શક્યો નથી જેના માટે તે જાણીતો છે. કોલકાતા સામેની મેચમાં તિલક વર્મા અને હાર્દિક પંડ્યા પાસેથી પણ મજબૂત ઇનિંગ્સની અપેક્ષા રાખવામાં આવશે. ટીમમાં સતત ફેરફારોને કારણે મુંબઈ ઇન્ડિયન્સ યોગ્ય સંયોજન શોધી રહ્યું છે. જસપ્રીત બુમરાહની ગેરહાજરી મુંબઈ ઈન્ડિયન્સને પણ નુકસાન પહોંચાડી રહી છે.

બીજી તરફ અજિંક્ય રહાણેના નેતૃત્વમાં KKR પાસે જરૂરી તાકાત છે. આ ટીમ પાસે ક્વિન્ટન ડી કોકના રૂપમાં એક શાનદાર ઓપનર છે, જેણે સનરાઇઝર્સ સામે મેચ વિનિંગ ઇનિંગ્સ રમી હતી. ટીમના બેટિંગ ક્રમમાં રહાણે, વેંકટેશ ઐયર, સુનીલ અને અંગક્રિશ રઘુવંશીનો સમાવેશ થાય છે.

રિંકુ સિંહ અને આન્દ્રે રસેલના રૂપમાં KKR પાસે એવા ખેલાડીઓ છે જે ડેથ ઓવરોમાં આક્રમક બેટિંગ કરી શકે છે. જ્યારે ટીમની બોલિંગ પણ એટલી જ આકર્ષક છે. હર્ષિત રાણા અને વૈભવ અરોરા અને ઓસ્ટ્રેલિયન ઝડપી બોલર સ્પેન્સર જોહ્ન્સન એક મજબૂત બોલિંગ આક્રમણ છે. પરંતુ KKR ની ખરી તાકાત તેમના સ્પિનર્સની છે. જેમાં સુનીલ નારાયણ અને વરુણ ચક્રવર્તીનો સમાવેશ થાય છે.",https://gujarati.abplive.com/sports/ipl/ipl-2025-mumbai-indians-vs-kolkata-knight-riders-predicted-playing-xi-934705,2,2025-04-01 18:28:39
,,"બોલિવૂડ અભિનેત્રી મલાઈકા અરોરા ઈન્ડિયન પ્રીમિયર લીગ 2025ની 11મી મેચમાં રાજસ્થાન રોયલ્સના ડગઆઉટમાં સ્પોટ થઇ હતી. મલાઈકા રાજસ્થાન રોયલ્સ ટીમના ડિરેક્ટર અને ભૂતપૂર્વ દિગ્ગજ ક્રિકેટર કુમાર સંગાકારા સાથે પણ જોવા મળી હતી. આ તસવીર સામે આવતા જ યુઝર્સે સોશિયલ મીડિયા પર ડેટિંગની અફવા ફેલાવવાનું શરૂ કરી દીધું હતું.

ઈન્ડિયન પ્રીમિયર લીગમાં બોલિવૂડનો સ્પર્શ ન હોય તો તે અધૂરું લાગે છે. દર વર્ષે લીગની શરૂઆત પહેલા ભવ્ય ઉદઘાટન સમારોહનું આયોજન કરવામાં આવે છે. આ ઉપરાંત સમાપન સમારોહ પણ યોજાય છે. આ ઈવેન્ટમાં બોલિવૂડની મોટી અને ફેમસ સેલિબ્રિટીઓ પરફોર્મ કરી રહી છે. આ સિવાય IPL મેચ દરમિયાન પણ બોલિવૂડના કલાકારો અને અભિનેત્રીઓ પોતાની ફેવરિટ ટીમને સપોર્ટ કરવા માટે મેચ જોવા સ્ટેડિયમમાં આવે છે.

Malaika Arora in the rr dugout Watching csk vs rr❤️#CSKvsRR pic.twitter.com/im9ZweL9tI

ઈન્ડિયન પ્રીમિયર લીગ 2025ની 11મી મેચમાં પણ કંઈક આવું  જોવા મળ્યું. આ મેચ ચેન્નાઈ સુપર કિંગ્સ અને રાજસ્થાન રોયલ્સ વચ્ચે ગુવાહાટીના બરસાપારા ક્રિકેટ સ્ટેડિયમમાં રમાઈ હતી. આ મેચમાં બોલિવૂડની ટોચની અભિનેત્રી અને ડાન્સર મલાઈકા અરોરા પણ જોવા મળી હતી. રાજસ્થાન રોયલ્સની જર્સીમાં મલાઈકા ટીમ ડાયરેક્ટર કુમાર સંગાકારાની બાજુમાં બેઠી હતી. ટીવી સ્ક્રીન પર મલાઈકા અરોરા દેખાતાની સાથે જ સોશિયલ મીડિયા યુઝર્સ પણ એક્ટિવ થઈ ગયા હતા.

તાજેતરમાં જ મલાઈકા અરોરાનું તેના કરતા નાના અભિનેત્રી અર્જુન કપૂર સાથે બ્રેકઅપ થયું હતું. મલાઈકા ભાગ્યે જ ક્રિકેટ મેચ જોવા સ્ટેડિયમ પહોંચતી જોવા મળી છે. આવી સ્થિતિમાં, રાજસ્થાન રોયલ્સના ડગઆઉટમાં કુમાર સંગાકારા સાથે જોવા મળ્યા પછી, સોશિયલ મીડિયા યુઝર્સે હવે તેમની ડેટિંગની અફવાઓ ફેલાવવાનું શરૂ કર્યું છે.

જો કે, આ અંગે કોઈ સત્તાવાર સમર્થન નથી. અર્જુન કપૂર સાથેના બ્રેકઅપ બાદ મલાઈકા અરોરા હાલ સિંગલ છે. અર્જુન કપૂર પહેલા, મલાઈકાએ અરબાઝ ખાન સાથે લગ્ન કર્યા હતા, પરંતુ 17 વર્ષ સુધી સાથે રહ્યા પછી, બંનેએ 2017 માં છૂટાછેડા લીધા. અર્જુન કપૂર સાથે બ્રેકઅપ બાદ મલાઈકાના નવા રિલેશનશિપની ચર્ચાનું બજાર ફરી ગરમ છે.",https://gujarati.abplive.com/sports/ipl/malaika-spotted-with-this-former-player-in-ipl-match-discussion-of-dating-on-social-media-934703,2,2025-04-01 18:28:47
,,"IPL 2025ની 11મી મેચમાં ચેન્નાઈ સુપર કિંગ્સનો રાજસ્થાન રોયલ્સ દ્વારા 6 રને પરાજય થયો હતો. મેચની વાત કરીએ તો રાજસ્થાનની ટીમે પ્રથમ બેટિંગ કરીને 20 ઓવરમાં 182 રન બનાવ્યા હતા. પરંતુ આ લક્ષ્યનો પીછો કરતી વખતે CSKની ટીમ અલગ પડી ગઈ હતી અને 6 વિકેટ ગુમાવીને માત્ર 176 રન બનાવી શકી હતી. આ મેચમાં CSKની હાર માટે તેમની જ ટીમના 5 ખેલાડીઓ જવાબદાર હતા.

આ મેચની હારમાં મહેન્દ્ર સિંહ ધોનીની પણ મોટી ભૂમિકા હતી. વિશ્વનો મહાન ફિનિશર કહેવાતો ધોની મેચ પૂરી કરવામાં નિષ્ફળ રહ્યો હતો. છેલ્લી ઓવરમાં CSKને જીતવા માટે 20 રનની જરૂર હતી. પરંતુ સંદીપ શર્માએ ધોનીને ડીપ મિડ-વિકેટ પર કેચ આઉટ કરાવ્યો અને તે મેચ પૂરી કરી શક્યો નહીં.

ફરી એકવાર રવિચંદ્રન અશ્વિન માટે મેચ સારી રહી ન હતી. તે IPLમાં સતત મોંઘો સાબિત થઈ રહ્યો છે. આ મેચમાં પણ અશ્વિને 4 ઓવરમાં 11.50ના ઈકોનોમી રેટથી 46 રન આપ્યા હતા અને તે માત્ર એક જ વિકેટ લઈ શક્યો હતો. આવી સ્થિતિમાં CSKની હારમાં રવિચંદ્રન અશ્વિનની પણ મોટી ભૂમિકા રહી હતી.

CSKની હારમાં રચિન રવિન્દ્ર વિલન હતો. જો રચિને આજે સીએસકેને સારી શરૂઆત અપાવી હોત તો ટીમ મેચ ન હારી હોત. પરંતુ એવું બન્યું નહીં અને રચિન રવિન્દ્ર 4 બોલ રમીને ખાતું પણ ખોલી શક્યો નહીં. તેને જોફ્રા આર્ચરે પેવેલિયન મોકલ્યો હતો.

CSKની હાર માટે વિજય શંકર અન્ય એક મોટો ગુનેગાર :S હતો. વિજય શંકરને મધ્ય ઓવરોમાં બેટિંગને મજબૂત કરવા માટે રાખવામાં આવ્યો હતો પરંતુ તે પણ 6 બોલમાં 9 રન બનાવવામાં નિષ્ફળ ગયો હતો અને CSKને ખોટમાં છોડી દીધો હતો. આનાથી CSK પર છેલ્લી ઓવરોમાં ઝડપી રન બનાવવાનું દબાણ પણ આવ્યું.

CSKની હારમાં જેમી ઓવરટને પણ મોટી ભૂમિકા ભજવી હતી. ઓવરટને 2 ઓવરમાં 30 રન બનાવ્યા હતા. જેના કારણે રાજસ્થાન મજબૂત સ્કોર કરવામાં સફળ રહ્યું હતું. ઓવરટોનની બોલિંગ સામે રાજસ્થાનના બેટ્સમેનોને કોઈ મુશ્કેલીનો સામનો કરવો પડ્યો ન હતો.",https://gujarati.abplive.com/sports/ipl/these-5-players-including-ms-dhoni-who-are-most-responsible-for-csks-defeat-lost-their-games-because-of-this-934700,2,2025-04-01 18:28:51
,,"IPL Points Table Update: રાજસ્થાન રોયલ્સે ચેન્નઈ સુપર કિંગ્સને 6 રને હરાવ્યું હતું. આ રીતે રાજસ્થાન રોયલ્સે સીઝનની પહેલી જીત મેળવી હતી. ચેન્નઈ સુપર કિંગ્સને સતત બીજી મેચમાં હારનો સામનો કરવો પડ્યો હતો. ચેન્નઈ સુપર કિંગ્સ પર રાજસ્થાન રોયલ્સની જીત પછી પોઈન્ટ ટેબલમાં કેટલો ફેરફાર થયો છે? હવે રાજસ્થાન રોયલ્સ પોઈન્ટ ટેબલમાં નવમા સ્થાને પહોંચી ગયું છે. રજત પાટીદારના કેપ્ટનશીપ હેઠળની રોયલ ચેલેન્જર્સ બેંગલુરુ પોઈન્ટ ટેબલમાં ટોચ પર છે. રોયલ ચેલેન્જર્સ બેંગલુરુના 2 મેચમાં 4 પોઈન્ટ છે.

હવે પોઈન્ટ ટેબલમાં કેટલો ફેરફાર થયો છે?

રોયલ ચેલેન્જર્સ બેંગલુરુ પછી દિલ્હી કેપિટલ્સ બીજા સ્થાને છે. દિલ્હી કેપિટલ્સ પણ 2 મેચમાં 4 પોઈન્ટ ધરાવે છે. આ પછી અનુક્રમે લખનઉ સુપર જાયન્ટ્સ, ગુજરાત જાયન્ટ્સ, પંજાબ કિંગ્સ, કોલકાતા નાઈટ રાઇડર્સ, ચેન્નઈ સુપર કિંગ્સ, સનરાઇઝર્સ હૈદરાબાદ અને રાજસ્થાન રોયલ્સ આવે છે. વાસ્તવમાં આ ટીમોના 2-2 પોઈન્ટ સમાન છે, પરંતુ નેટ રન રેટના આધારે ટીમો પોઈન્ટ ટેબલમાં આગળ અને પાછળ છે. હાર્દિક પંડ્યાના કેપ્ટનશીપ હેઠળની મુંબઈ ઈન્ડિયન્સ સીઝનની પોતાની પહેલી જીતની રાહ જોઈ રહી છે. અત્યાર સુધી મુંબઈ ઈન્ડિયન્સે બંને મેચમાં હારનો સામનો કરવો પડ્યો છે.

રાજસ્થાન રોયલ્સે સીઝનની પહેલી જીત મેળવી

રાજસ્થાન રોયલ્સે ચેન્નઈ સુપર કિંગ્સને હરાવીને સીઝનની પોતાની પહેલી જીત નોંધાવી હતી. રાજસ્થાન રોયલ્સે પ્રથમ બેટિંગ કરતા 20 ઓવરમાં 9 વિકેટે 182 રન કર્યા હતા. રાજસ્થાન રોયલ્સ તરફથી નીતિશ રાણાએ 36 બોલમાં સૌથી વધુ 81 રન કર્યા હતા. રિયાન પરાગે 28 બોલમાં 37 રનનું યોગદાન આપ્યું. ચેન્નઈ સુપર કિંગ્સ તરફથી ખલીલ અહેમદ, નૂર અહેમદ અને મથીશા પથિરાનાએ 2-2 વિકેટ લીધી હતી. રવિ અશ્વિન અને રવિન્દ્ર જાડેજાને 1-1 સફળતા મળી હતી.

રાજસ્થાન રોયલ્સના 182 રનના જવાબમાં બેટિંગ કરતા ચેન્નઈ સુપર કિંગ્સ 20 ઓવરમાં 6 વિકેટે 176 રન જ બનાવી શક્યું. આ રીતે ઋતુરાજ ગાયકવાડના કેપ્ટનશીપ હેઠળની ચેન્નઈ સુપર કિંગ્સને 6 રનથી હારનો સામનો કરવો પડ્યો હતો. ચેન્નઈ સુપર કિંગ્સ તરફથી કેપ્ટન ઋતુરાજ ગાયકવાડે 44 બોલમાં સૌથી વધુ 63 રન કર્યા હતા. રવિન્દ્ર જાડેજાએ 22 બોલમાં 32 રનનું યોગદાન આપ્યું હતું. રાજસ્થાન રોયલ્સ તરફથી વાનિન્દુ હસરંગાએ સૌથી વધુ 4 વિકેટ લીધી હતી. આ ઉપરાંત જોફ્રા આર્ચર અને સંદીપ શર્માને 1-1 સફળતા મળી હતી.",https://gujarati.abplive.com/sports/ipl/updated-ipl-2025-points-table-after-rr-vs-csk-match-934699,2,2025-04-01 18:28:57
,,"RR vs CSK match result 2025: આઈપીએલ ૨૦૨૫ની ૧૧મી મેચ રાજસ્થાન રોયલ્સ અને ચેન્નાઈ સુપર કિંગ્સ વચ્ચે ગુવાહાટીના બરસાપારા સ્ટેડિયમમાં રમાઈ હતી, જેમાં રાજસ્થાન રોયલ્સે એક રોમાંચક મુકાબલામાં ચેન્નાઈ સુપર કિંગ્સને ૬ રનથી પરાજય આપ્યો હતો. આ હાર સાથે ચેન્નાઈ સુપર કિંગ્સને આ સિઝનમાં સતત બીજી હારનો સામનો કરવો પડ્યો છે.

મેચમાં પ્રથમ બેટિંગ કરતા રાજસ્થાન રોયલ્સે ૨૦ ઓવરમાં ૯ વિકેટ ગુમાવીને ૧૮૨ રન બનાવ્યા હતા. જવાબમાં ચેન્નાઈ સુપર કિંગ્સની ટીમ ૨૦ ઓવરમાં ૬ વિકેટના નુકસાને ૧૭૬ રન જ બનાવી શકી હતી.

પ્રથમ બેટિંગ કરવા ઉતરેલા રાજસ્થાન રોયલ્સની શરૂઆત સારી રહી ન હતી અને યશસ્વી જયસ્વાલ (૪) પહેલી જ ઓવરમાં ખલીલ અહેમદનો શિકાર બન્યો હતો. જો કે, ત્યારબાદ ત્રીજા નંબર પર બેટિંગ કરવા આવેલા નીતિશ રાણાએ આ મેચમાં આક્રમક બેટિંગનું પ્રદર્શન કર્યું હતું. તેણે ઓપનર સંજુ સેમસન સાથે મળીને બીજી વિકેટ માટે ૮૨ રનની ભાગીદારી નોંધાવી હતી. ઈમ્પેક્ટ પ્લેયર તરીકે બેટિંગમાં આવેલા સંજુ સેમસન ૧૬ બોલમાં ૨૦ રન બનાવીને નૂર અહેમદનો શિકાર બન્યા હતા. ત્યારબાદ નીતિશ રાણાએ કેપ્ટન રિયાન પરાગ સાથે મળીને ૨૪ બોલમાં ૩૮ રનની ભાગીદારી કરી હતી. આ દરમિયાન ડાબોડી બેટ્સમેન નીતિશ રાણાએ ૨૧ બોલમાં પોતાની ૧૯મી અડધી સદી પૂરી કરી હતી અને અંતે તે ૩૬ બોલમાં તોફાની ૮૧ રન બનાવીને ધોની દ્વારા સ્ટમ્પ આઉટ થયો હતો. ૧૨૪ રનના સ્કોર પર ત્રણ વિકેટ ગુમાવ્યા બાદ રાજસ્થાનનો મિડલ ઓર્ડર થોડો લથડ્યો હતો. ધ્રુવ જુરેલે ૩ રન, વાનિન્દુ હસરંગાએ ૪ રન અને કુમાર કાર્તિકેયે ૧ રન બનાવ્યા હતા. જો કે, મહિષ તિક્ષાના ૨ રન અને તુષાર દેશપાંડે ૧ રન બનાવીને અણનમ રહ્યા હતા, જ્યારે જોફ્રા આર્ચર પોતાનું ખાતું પણ ખોલાવી શક્યો નહોતો. બોલિંગમાં ચેન્નાઈ તરફથી નૂર અહેમદ, ખલીલ અહેમદ અને મથિસા પથિરાનાએ ૨-૨ વિકેટ લીધી હતી.

લક્ષ્યનો પીછો કરવા ઉતરેલી ચેન્નાઈ સુપર કિંગ્સની શરૂઆત પણ ખાસ રહી ન હતી અને પહેલી જ ઓવરમાં જોફ્રા આર્ચરે રચિન રવિન્દ્રને વિકેટકીપરના હાથે કેચ આઉટ કરાવ્યો હતો, અને તે ખાતું પણ ખોલાવી શક્યો નહોતો. ત્યારબાદ રાહુલ ત્રિપાઠી અને ઋતુરાજ ગાયકવાડ વચ્ચે ૪૬ રનની ભાગીદારી થઈ હતી. જ્યાં સુધી આ બંને બેટિંગ કરી રહ્યા હતા ત્યાં સુધી એવું લાગી રહ્યું હતું કે ચેન્નાઈ મેચ પર પોતાની પકડ મજબૂત કરી રહી છે. પરંતુ વાનિન્દુ હસરંગાએ રાહુલ ત્રિપાઠીને આઉટ કરીને CSKને મોટો ઝટકો આપ્યો હતો. તે ૧૯ બોલમાં ૨૩ રન બનાવીને આઉટ થયો હતો. ત્યારબાદ બેટિંગ કરવા આવેલા શિવમ દુબેએ ૧૦ બોલમાં ૧૮ રન બનાવ્યા હતા અને વિજય શંકર ૬ બોલમાં ૯ રન બનાવીને આઉટ થયો હતો. આ પછી ઋતુરાજ ગાયકવાડ એક છેડેથી સતત સારી બેટિંગ કરી રહ્યો હતો, પરંતુ તે પણ ૪૪ બોલમાં ૬૩ રન બનાવીને આઉટ થઈ ગયો હતો અને અંતે ચેન્નાઈ સુપર કિંગ્સ નિર્ધારિત ઓવરમાં ૧૭૬ રન જ બનાવી શકી અને મેચ ૬ રનથી હારી ગઈ હતી.",https://gujarati.abplive.com/sports/ipl/ipl-2025-rajasthan-royals-beat-chennai-super-kings-by-6-runs-in-a-thriller-934689,2,2025-04-01 18:29:02
,,,https://gujarati.abplive.com/sports/ipl/rr-vs-csk-live-score-rajasthan-royals-vs-chennai-super-kings-ipl-2025-updates-934655,2,2025-04-01 18:29:05
,,"SRH vs DC match analysis: આઈપીએલ ૨૦૨૫ની દસમી મેચમાં દિલ્હી કેપિટલ્સે સનરાઇઝર્સ હૈદરાબાદને ૭ વિકેટથી પરાજય આપ્યો હતો. આ મેચમાં હૈદરાબાદની ટીમ દ્વારા ઘણી ભૂલો કરવામાં આવી હતી, જે તેમની હારનું મુખ્ય કારણ બની હતી. આ હાર સાથે વર્તમાન સિઝનમાં SRHની આ સતત બીજી હાર છે, જેના કારણે હવે ટીમના સંયોજન પર પણ સવાલો ઉઠી રહ્યા છે. જે ટીમે પોતાની પ્રથમ મેચમાં ૨૮૬ રનનો રેકોર્ડ બનાવ્યો હતો, તે જ ટીમ છેલ્લી બે મેચોમાં સંઘર્ષ કરતી જોવા મળી છે. ખતરનાક બેટિંગ લાઇન-અપ હોવા છતાં, SRH દિલ્હી સામે માત્ર ૧૬૩ રન જ બનાવી શકી હતી. ચાલો જાણીએ તે ૩ મુખ્ય કારણો વિશે જેના કારણે SRHને દિલ્હી સામે હારનો સામનો કરવો પડ્યો.

૧. અભિષેક શર્માનું ખરાબ ફોર્મ યથાવત:

સનરાઈઝર્સ હૈદરાબાદનો ઓપનર બેટ્સમેન અભિષેક શર્મા આઈપીએલ ૨૦૨૫માં પોતાની ટીમને સારી શરૂઆત અપાવવામાં અત્યાર સુધી નિષ્ફળ રહ્યો છે. રાજસ્થાન રોયલ્સ સામેની મેચમાં તેણે ૨૪ રન બનાવ્યા હતા, જ્યારે એલએસજી સામેની મેચમાં અભિષેક માત્ર ૬ રન બનાવીને આઉટ થયો હતો. હવે દિલ્હી સામેની મેચમાં પણ તે માત્ર ૧ રન જ બનાવી શક્યો હતો. તેનું આ ખરાબ ફોર્મ હૈદરાબાદ માટે મોટું નુકસાન સાબિત થઈ રહ્યું છે, કારણ કે તેના વહેલા આઉટ થવાથી અન્ય બેટ્સમેનો પર પણ દબાણ વધી જાય છે.

૨. ટોપ ઓર્ડરની નિષ્ફળતાથી આખી ટીમ પડી ભાંગી:

SRH સાથે આ સમસ્યા આઈપીએલ ૨૦૨૪માં પણ જોવા મળી હતી. આ એ જ ટીમ છે જેની પાસે આઈપીએલના ઇતિહાસમાં બીજો સૌથી વધુ સ્કોર નોંધાયેલો છે, પરંતુ ઘણી વખત SRHની આખી ટીમ એકસાથે તૂટી પડતી જોવા મળી છે. લખનૌ સામેની મેચમાં હૈદરાબાદનો ટોપ ઓર્ડર સારું પ્રદર્શન કરી શક્યો નહોતો, જેના કારણે ટીમને બેટિંગમાં સંઘર્ષ કરવો પડ્યો હતો. હવે દિલ્હી સામે પણ અભિષેક શર્મા, ટ્રેવિસ હેડ અને ઈશાન કિશનની નિષ્ફળતા બાદ આખી ટીમ વેરવિખેર થઈ ગઈ હતી. નોંધનીય છે કે આઈપીએલ ૨૦૨૪ની ફાઇનલમાં પણ ટોપ ઓર્ડરની બેટિંગની નિષ્ફળતાને કારણે SRHને KKRના હાથે મોટી હારનો સામનો કરવો પડ્યો હતો.

૩. બોલિંગ આક્રમણ પણ દબાણ હેઠળ તૂટી પડ્યું:

SRH પાસે ખૂબ જ મજબૂત બોલિંગ આક્રમણ છે, જેમાં મોહમ્મદ શમી અને પેટ કમિન્સ જેવા વિશ્વ કક્ષાના બોલરો સામેલ છે. જ્યારે બેટ્સમેન ઓછા રન બનાવે છે ત્યારે બોલરો પર નાના સ્કોરનો પણ બચાવ કરવાની જવાબદારી વધી જાય છે. પરંતુ દિલ્હી સામેની મેચમાં શમી અને કમિન્સ જેવા અનુભવી બોલરો પણ ઘણા મોંઘા સાબિત થયા હતા. માત્ર હર્ષલ પટેલનો ઇકોનોમી રેટ ૬ કરતા ઓછો હતો. શમી, કમિન્સ અને વિયાન મુલ્ડર પણ ખૂબ ખર્ચાળ સાબિત થયા હતા. નવા ખેલાડી ઝીશાન અંસારીએ ભલે ૩ વિકેટ લીધી હોય, પરંતુ તેણે ૧૦થી વધુના ઇકોનોમી રેટથી રન આપ્યા હતા, જે ટીમને ભારે પડ્યું હતું.

આમ, અભિષેક શર્માનું ખરાબ ફોર્મ, ટોપ ઓર્ડરની નિષ્ફળતા અને બોલિંગ આક્રમણનું દબાણ હેઠળ તૂટી પડવું એ SRHની દિલ્હી સામેની હારના મુખ્ય કારણો રહ્યા. ટીમે આગામી મેચોમાં આ સમસ્યાઓ પર ધ્યાન આપીને વધુ સારું પ્રદર્શન કરવાની જરૂર છે.",https://gujarati.abplive.com/sports/ipl/dc-vs-srh-top-3-reasons-behind-sunrisers-hyderabad-s-defeat-in-ipl-2025-934662,2,2025-04-01 18:29:16
,,,https://gujarati.abplive.com/sports/ipl/today-ipl-match-of-delhi-capitals-vs-sunrisers-hyderabad-to-watch-10th-match-live-cricket-score-and-updates-from-visakhapatnam-cricket-stadium-934614,2,2025-04-01 18:29:22
,,"Mitchell Starc IPL 2025: આઈપીએલ ૨૦૨૫ની સિઝનમાં દિલ્હી કેપિટલ્સ અને સનરાઈઝર્સ હૈદરાબાદ વચ્ચેની મેચમાં દિલ્હીના ફાસ્ટ બોલર મિચેલ સ્ટાર્કે શાનદાર પ્રદર્શન કરીને હૈદરાબાદના ટોપ ઓર્ડરને ધ્વસ્ત કરી દીધો હતો. હૈદરાબાદના કેપ્ટન પેટ કમિન્સે ટોસ જીતીને પ્રથમ બેટિંગ કરવાનો નિર્ણય લીધો હતો, પરંતુ સ્ટાર્કની ઘાતક બોલિંગે તેમના આ નિર્ણયને ખોટો સાબિત કરી દીધો હતો.

આઈપીએલ ૨૦૨૫ની આ મહત્વની મેચ ૩૦ માર્ચના રોજ વિશાખાપટ્ટનમમાં રમાઈ રહી હતી. સનરાઈઝર્સ હૈદરાબાદની ટીમ આ સિઝનમાં પોતાના બેટિંગ ઓર્ડરને કારણે ઘણી મજબૂત માનવામાં આવી રહી છે અને ચાહકોને આશા હતી કે તેઓ ફરી એકવાર મોટો સ્કોર નોંધાવશે. હૈદરાબાદની ટીમની મુખ્ય તાકાત તેમની બેટિંગ જ છે અને જ્યારે તેઓ પ્રથમ બેટિંગ કરે છે ત્યારે સામેની ટીમ પર દબાણ વધી જાય છે.

દિલ્હી કેપિટલ્સ સામેની આ મેચમાં પણ હૈદરાબાદે પ્રથમ બેટિંગ પસંદ કરી હતી. જો કે, કેપ્ટન કમિન્સનો આ નિર્ણય તેમની ટીમ માટે સારો સાબિત થયો નહોતો. પ્રથમ ઓવરમાં જ અભિષેક શર્મા રનઆઉટ થઈને પેવેલિયન પરત ફર્યો હતો, જે હૈદરાબાદ માટે એક મોટો ઝટકો હતો. ત્યારબાદ સૌની નજર ટ્રેવિસ હેડ અને રાજસ્થાન રોયલ્સ સામે સદી ફટકારનાર ઈશાન કિશન પર હતી.

પરંતુ દિલ્હી કેપિટલ્સના મોંઘા બોલર મિચેલ સ્ટાર્કે ઇનિંગની ત્રીજી ઓવરમાં હૈદરાબાદને બેવડો ફટકો આપ્યો હતો. પોતાના સ્પેલની બીજી ઓવરના પહેલા બોલ પર સ્ટાર્કે ઈશાન કિશનને આઉટ કર્યો હતો, જ્યારે ત્રીજા બોલ પર તેણે નીતિશ રેડ્ડીને પેવેલિયનનો રસ્તો બતાવ્યો હતો. નીતિશ રેડ્ડી આ મેચમાં પોતાનું ખાતું પણ ખોલાવી શક્યો નહોતો. નોંધનીય છે કે મિચેલ સ્ટાર્કને દિલ્હી કેપિટલ્સે મેગા ઓક્શનમાં ૧૧.૭૫ કરોડ રૂપિયાની મોટી કિંમતે ખરીદ્યો હતો અને ગત સિઝનમાં તે કોલકાતા નાઈટ રાઈડર્સ (KKR) તરફથી રમ્યો હતો.

સ્ટાર્ક પોતાની પ્રથમ બે ઓવરમાં જ પૂરી લયમાં જોવા મળ્યો હતો. તેના શાનદાર ફોર્મને જોતા દિલ્હી કેપિટલ્સના કેપ્ટન અક્ષર પટેલે તેને સ્પેલની ત્રીજી ઓવર પણ સોંપી હતી અને અહીં સ્ટાર્કે તે કામ કરી બતાવ્યું જેની તેનાથી અપેક્ષા હતી. તેણે આ ઓવરમાં ટ્રેવિસ હેડને આઉટ કરીને દિલ્હીને સૌથી મોટી સફળતા અપાવી હતી. ૧૨ બોલમાં ૨૨ રન બનાવીને ફરી એકવાર ખતરનાક દેખાઈ રહેલો ટ્રેવિસ હેડ કેએલ રાહુલના હાથે સ્ટાર્કના બોલ પર કેચ આઉટ થયો હતો. રસપ્રદ વાત એ છે કે આ બીજી વખત હતું જ્યારે સ્ટાર્કે આઈપીએલમાં ટ્રેવિસ હેડને આઉટ કર્યો હતો. હેડે આ ટૂર્નામેન્ટમાં અત્યાર સુધી સ્ટાર્ક સામે ૭ બોલ રમ્યા છે અને તેમાં માત્ર ૧૦ રન જ બનાવી શક્યો છે.

આમ, મિચેલ સ્ટાર્કે પોતાના સ્પેલની પ્રથમ ૩ ઓવરમાં જ હૈદરાબાદના બેટિંગ ઓર્ડરના ત્રણ મહત્વના ખેલાડીઓ - ટ્રેવિસ હેડ, ઈશાન કિશન અને નીતિશ રેડ્ડીને પેવેલિયન મોકલીને મેચમાં દિલ્હીની પકડ મજબૂત કરી દીધી હતી. તેના આ પ્રદર્શનથી દિલ્હી કેપિટલ્સના ચાહકોમાં ભારે ઉત્સાહ જોવા મળ્યો હતો અને ટીમને જીતની આશા બંધાઈ હતી. સ્ટાર્કે પોતાની બોલિંગથી સાબિત કરી દીધું કે તેને આટલી મોટી કિંમતમાં ખરીદવાનો નિર્ણય યોગ્ય હતો.",https://gujarati.abplive.com/sports/ipl/dc-vs-srh-mitchell-starc-destroys-sunrisers-hyderabad-in-ipl-2025-clash-934651,2,2025-04-01 18:29:28
,,"Who is Zeeshan Ansari: IPL 2025 ના દસમા મુકાબલામાં દિલ્હી કેપિટલ્સ અને સનરાઇઝર્સ હૈદરાબાદ આમને-સામને છે. આ મુકાબલામાં SRH એ ઝીશાન અંસારીને IPL માં ડેબ્યૂ કરવાની તક આપી છે. સિમરજીત સિંહની જગ્યાએ ઝીશાનને પ્લેઇંગ ઇલેવનમાં સામેલ કરવામાં આવ્યો છે. ૨૫ વર્ષીય અંસારી એક લેગ-સ્પિન બોલર છે જેને સનરાઇઝર્સ હૈદરાબાદે મેગા હરાજીમાં ૪૦ લાખ રૂપિયામાં ખરીદ્યો હતો. તમને જણાવી દઈએ કે ભારતીય ઘરેલુ ક્રિકેટમાં, ઝીશાન અંસારી ઉત્તર પ્રદેશ ટીમ તરફથી રમે છે.

કોણ છે ઝીશાન અંસારી ? ઝીશાન અંસારીનો જન્મ ૧૬ ડિસેમ્બર ૧૯૯૯ના રોજ ઉત્તરપ્રદેશના લખનૌમાં થયો હતો. તેણે 2017-18 રણજી ટ્રોફી સિઝનમાં ઉત્તરપ્રદેશ તરફથી રમીને ફર્સ્ટ-ક્લાસ ડેબ્યૂ કર્યું. મીડિયા રિપોર્ટ્સ અનુસાર, અંસારી મહાન બોલર શેન વોર્નને પોતાનો આદર્શ માને છે. ઝીશાનના પિતા, નઈમ અંસારી, વ્યવસાયે દરજી છે, પરંતુ તેમણે ક્યારેય નાણાકીય સમસ્યાઓને તેમના પુત્રના સપનાના માર્ગમાં આવવા દીધી નહીં.

ઝીશાન બાળપણથી જ લેગ સ્પિન બોલિંગનો ચાહક હતો અને હવે તે તેમાં મહાનતા પ્રાપ્ત કરી રહ્યો છે. તેણે વિજય મર્ચન્ટ ટ્રોફીથી કૂચ બિહાર ટ્રોફી સુધી પોતાની પ્રતિભા સાબિત કરી છે. અંસારી પહેલી વાર ત્યારે ચર્ચામાં આવ્યા જ્યારે તેમને 2016ના અંડર-19 T20 વર્લ્ડકપ માટે ભારતીય ટીમમાં સ્થાન મળ્યું. ઘરેલુ ટુર્નામેન્ટમાં તેના સતત પ્રદર્શનના આધારે, તેને રણજી ટ્રોફીમાં ડેબ્યૂ કરવાની તક મળી.

ઝીશાન અંસારીનું ક્રિકેટ કેરિયર - ઝીશાન અંસારીએ 2017-18 રણજી ટ્રોફીમાં ફર્સ્ટ-ક્લાસ ડેબ્યૂ કર્યું હોવા છતાં, તે અત્યાર સુધીમાં ફક્ત 5 ફર્સ્ટ-ક્લાસ મેચ રમી શક્યો છે. આ 5 મેચોમાં, ઉત્તરપ્રદેશ તરફથી રમતી વખતે, તેણે 17 વિકેટ લીધી છે અને બેટિંગમાં પણ 117 રન બનાવ્યા છે. તે જરૂર પડે ત્યારે બેટિંગ પણ કરી શકે છે અને તેની ફર્સ્ટ ક્લાસ કારકિર્દીમાં તેણે એક ફિફ્ટી ફટકારી છે. તેણે હજુ સુધી લિસ્ટ-એમાં ડેબ્યૂ કર્યું નથી.

2024 UP T20 લીગમાં ચમક્યો - ઝીશાન અંસારીએ ઉત્તરપ્રદેશ ટી20 લીગની 2024 આવૃત્તિમાં પોતાના જોરદાર પ્રદર્શનથી ધ્યાન ખેંચ્યું હતું. તેણે આખી સિઝનમાં કુલ 24 વિકેટ લીધી અને ટુર્નામેન્ટમાં સૌથી વધુ વિકેટ લેનાર બોલર હતો. તે ટુર્નામેન્ટમાં તેનો ઇકોનોમી રેટ પણ માત્ર 7.60 હતો.",https://gujarati.abplive.com/sports/ipl/ipl-2025-updates-news-who-is-zeeshan-ansari-debuting-for-sunrisers-hyderabad-vs-delhi-capitals-ipl-2025-dc-vs-srh-934647,2,2025-04-01 18:29:31
,,"Jake Fraser-McGurk catch: આઈપીએલ ૨૦૨૫ની ૧૦મી મેચમાં દિલ્હી કેપિટલ્સ અને સનરાઇઝર્સ હૈદરાબાદ વચ્ચે મુકાબલો થયો હતો. આ મેચમાં દિલ્હીના ખેલાડી જેક ફ્રેઝર-મેકગર્કે એક એવો કેચ પકડ્યો કે જેણે સૌ કોઈને આશ્ચર્યચકિત કરી દીધા. મેકગર્કના આ શાનદાર કેચનો વીડિયો સોશિયલ મીડિયા પર ખૂબ જ વાયરલ થઈ રહ્યો છે અને લોકો તેના વખાણ કરી રહ્યા છે.

મેચમાં સનરાઇઝર્સ હૈદરાબાદે ટોસ જીતીને પ્રથમ બેટિંગ કરવાનો નિર્ણય લીધો હતો અને ૧૮.૪ ઓવરમાં ૧૬૩ રન બનાવ્યા હતા. હૈદરાબાદ તરફથી અનિકેત વર્માએ સૌથી વધુ ૭૪ રન બનાવ્યા હતા. જોકે, તેની આ શાનદાર ઇનિંગનો અંત જેક ફ્રેઝર-મેકગર્કના એક અદભુત કેચથી આવ્યો હતો.

મેચની ૧૬મી ઓવરમાં દિલ્હીના ડાબા હાથના સ્પિનર કુલદીપ યાદવે શોર્ટ ઓફ લેન્થ બોલ ફેંક્યો હતો. અનિકેત વર્માએ બોલને મિડવિકેટ પર ફટકારવાનો પ્રયાસ કર્યો, અને શોટ જોઈને લાગી રહ્યું હતું કે બોલ સરળતાથી બાઉન્ડ્રી પાર કરી જશે. પરંતુ અનિકેત બોલને જોઈએ તેટલી ઊંચાઈ આપી શક્યો નહીં. પરિણામે, બોલ ડીપ મિડવિકેટ પર ઊભેલા જેક ફ્રેઝર-મેકગર્ક તરફ ઝડપથી ગયો.

ફ્રેઝર-મેકગર્કે બાઉન્ડ્રી લાઇન પર પરફેક્ટ ટાઇમિંગ સાથે એક લાંબો કૂદકો લગાવ્યો અને હવામાં જ એક હાથથી બોલને પકડી લીધો. આ કેચ એટલો અદ્ભુત હતો કે મેદાન પરના ખેલાડીઓ અને દર્શકો પણ આશ્ચર્યચકિત થઈ ગયા હતા. આ પહેલાં પણ જેક ફ્રેઝરે આ જ મેચમાં પેટ કમિન્સનો એક કેચ પકડ્યો હતો. આમ, ફિલ્ડિંગમાં તેણે પોતાની ટીમ માટે મહત્વનું યોગદાન આપ્યું હતું.

Flying Jack 🦸pic.twitter.com/FMaQgKZe9v

મેચની વાત કરીએ તો સનરાઇઝર્સ હૈદરાબાદની શરૂઆત સારી રહી નહોતી અને પાવરપ્લેમાં ટીમે ચાર વિકેટ ગુમાવી દીધી હતી. ત્યારબાદ અનિકેત વર્માએ હેનરિક ક્લાસેન સાથે મળીને પાંચમી વિકેટ માટે ૭૭ રનની ભાગીદારી કરી હતી. જોકે, ક્લાસેન આઉટ થયા બાદ હૈદરાબાદની બેટિંગ ફરી એકવાર કથળી ગઈ હતી. અનિકેત વર્મા એક છેડે ટકી રહ્યો હતો, પરંતુ બીજા છેડે વિકેટો પડતી રહી હતી. અંતે, કુલદીપના બોલ પર મેકગર્કના શાનદાર કેચથી તેની ઇનિંગનો અંત આવ્યો હતો.

હૈદરાબાદ તરફથી અનિકેત વર્મા (૭૪), ક્લાસેન (૩૨) અને ટ્રેવિસ હેડે (૨૨) રન બનાવ્યા હતા. દિલ્હી કેપિટલ્સ તરફથી મિચેલ સ્ટાર્ક સૌથી સફળ બોલર રહ્યો હતો, જેણે ૫ વિકેટ ઝડપી હતી, જ્યારે કુલદીપ યાદવને ૩ વિકેટ મળી હતી. મેકગર્કના આ અદભુત કેચની ચર્ચા સોશિયલ મીડિયા પર જોરશોરથી થઈ રહી છે અને તેને આઈપીએલ ૨૦૨૫નો શ્રેષ્ઠ કેચ પણ ગણવામાં આવી રહ્યો છે.",https://gujarati.abplive.com/sports/ipl/jake-fraser-mcgurk-turns-superman-in-ipl-2025-with-blinder-against-aniket-verma-934650,2,2025-04-01 18:29:36
,,"Jasprit Bumrah Fitness Update: IPL 2025માં મુંબઈ ઈન્ડિયન્સના અભિયાનની શરૂઆત ખૂબ જ ખરાબ રહી છે. આ ટીમ અત્યાર સુધી તેની બંને મેચ હારી છે. દેખીતી રીતે જ ટીમને તેના સૌથી ઘાતક બોલર જસપ્રીત બુમરાહની ખોટ છે. તમને જણાવી દઈએ કે બુમરાહ હાલમાં ઈજાથી પરેશાન છે, જે તેને ઓસ્ટ્રેલિયા વિરૂદ્ધ બોર્ડર-ગાવસ્કર ટ્રોફી દરમિયાન થઈ હતી. MIના મુખ્ય કોચ મહેલા જયવર્દનેએ તાજેતરમાં એક અપડેટ આપતા કહ્યું હતું કે બુમરાહ ઝડપથી સ્વસ્થ થઈ રહ્યો છે. હવે મુંબઈ ઈન્ડિયન્સ માટે વધુ એક સારા સમાચાર આવ્યા છે કારણ કે બુમરાહે બોલિંગની પ્રેક્ટિસ શરૂ કરી દીધી છે.

જસપ્રીત બુમરાહ છેલ્લા ઘણા અઠવાડિયાથી બેંગલુરુમાં બીસીસીઆઈના સેન્ટર ઓફ એક્સેલન્સમાં રોકાઈ રહ્યો છે. અહીં તે મેડિકલ ટીમની દેખરેખમાં છે, આ દરમિયાન એક નવું અપડેટ સામે આવ્યું છે કે બુમરાહે નેટ્સમાં બોલિંગની પ્રેક્ટિસ શરૂ કરી દીધી છે. બુમરાહ હજુ પણ બેંગલુરુની નેશનલ ક્રિકેટ એકેડમીમાં હાજર છે.

MI હેડ કોચે બુમરાહની ફિટનેસ વિશે અપડેટ આપી હતી

મુંબઈ ઈન્ડિયન્સના મુખ્ય કોચ માહેલા જયવર્દનેએ જસપ્રીત બુમરાહની ફિટનેસ અંગે અપડેટ આપી હતી અને કહ્યું હતું કે તે ઝડપથી સ્વસ્થ થઈ રહ્યો છે. જો કે બુમરાહની વાપસીની તારીખ હજુ નક્કી કરવામાં આવી નથી. એવી અટકળો છે કે બુમરાહ એપ્રિલના પહેલા સપ્તાહમાં મુંબઈ ઈન્ડિયન્સ કેમ્પમાં સામેલ થઈ શકે છે. એવો પણ દાવો કરવામાં આવી રહ્યો છે કે તે 7 એપ્રિલે રોયલ ચેલેન્જર્સ બેંગ્લોર સામેની મેચમાં રમી શકે છે.

IPL 2024માં જસપ્રીત બુમરાહનું પ્રદર્શન કેવું રહ્યું ?

જસપ્રીત બુમરાહે તેની IPL કરિયરમાં અત્યાર સુધી 165 વિકેટ લીધી છે. છેલ્લી સિઝન એટલે કે IPL 2024ની વાત કરીએ તો તેણે 13 મેચમાં કુલ 20 વિકેટ ઝડપી હતી. તે ટુર્નામેન્ટમાં MI માટે સૌથી વધુ વિકેટ લેનાર બોલર હતો, પરંતુ તેની ટીમ પોઈન્ટ ટેબલમાં છેલ્લા સ્થાને રહી હતી.

મુંબઈ ઈન્ડિયન્સ (MI) IPL 2025માં તેમની પ્રથમ જીતની શોધમાં છે. મુંબઈ ઈન્ડિયન્સ તેમની પ્રથમ બે મેચ હારી ચૂકી છે અને હવે તેમની નજર તેમની ત્રીજી મેચમાં જીતનું ખાતું ખોલવા પર છે. જોકે, મુંબઈ માટે આ એટલું સરળ નહીં હોય કારણ કે આ વખતે ટીમનો સામનો ડિફેન્ડિંગ ચેમ્પિયન કોલકાતા નાઈટ રાઈડર્સ (KKR) સામે થશે.",https://gujarati.abplive.com/sports/ipl/jasprit-bumrah-started-bowling-practice-bengaluru-nca-bumrah-might-return-soon-mumbai-indians-934646,2,2025-04-01 18:29:39
,,"મુંબઈ ઈન્ડિયન્સ (MI) IPL 2025માં તેમની પ્રથમ જીતની શોધમાં છે. મુંબઈ ઈન્ડિયન્સ તેમની પ્રથમ બે મેચ હારી ચૂકી છે અને હવે તેમની નજર તેમની ત્રીજી મેચમાં જીતનું ખાતું ખોલવા પર છે. જોકે, મુંબઈ માટે આ એટલું સરળ નહીં હોય કારણ કે આ વખતે ટીમનો સામનો ડિફેન્ડિંગ ચેમ્પિયન કોલકાતા નાઈટ રાઈડર્સ (KKR) સામે થશે.

રોહિત શર્મા મુંબઈ માટે પ્રથમ બે મેચમાં તેના બેટથી અપેક્ષા મુજબનું પ્રદર્શન કરી શક્યો નથી, જ્યારે દક્ષિણ આફ્રિકાનો બેટ્સમેન રેયાન રિકલ્ટન, જે પ્રથમ વખત IPL રમી રહ્યો છે, તે ભારતીય પીચો પર તેની લય શોધવા માટે સંઘર્ષ કરી રહ્યો છે. છેલ્લી મેચમાં ગુજરાત ટાઇટન્સ સામે 48 રન બનાવ્યા બાદ સૂર્યકુમાર યાદવ ફોર્મમાં પાછો ફરતો હોય તેવું લાગી રહ્યું હતું પરંતુ આ ઇનિંગ એવી નહોતી કે જેના માટે ભારતીય T20 કેપ્ટન ઓળખાય છે. હવે MI ચાહકો કોલકાતા સામેની મેચમાં સૂર્યકુમાર પાસેથી વધુ સારા પ્રદર્શનની અપેક્ષા રાખશે. આ મેચમાં સૂર્યા એક વિશાળ રેકોર્ડને પણ નિશાન બનાવશે, જેનાથી તે માત્ર 20 રન દૂર છે.

સૂર્યા ઈતિહાસ રચી શકે છે

વાસ્તવમાં, સૂર્યકુમાર યાદવે T20 ક્રિકેટમાં 311 મેચની 287 ઇનિંગ્સમાં 7980 રન બનાવ્યા છે. આ દરમિયાન તેણે 6 સદી અને 54 અડધી સદી ફટકારી છે. જો સૂર્યા કોલકાતા સામે 20 રનના આંકડાને સ્પર્શે છે તો તે T20 ક્રિકેટમાં પોતાના 8000 રન પૂરા કરશે. આમ કરવાથી તે વિશ્વનો 35મો અને ભારતનો માત્ર 5મો બેટ્સમેન બની જશે. અત્યાર સુધી માત્ર વિરાટ કોહલી, રોહિત શર્મા, શિખર ધવન અને સુરેશ રૈના જ ટી-20 ક્રિકેટમાં 8000 કે તેથી વધુ રન બનાવવાનું કારનામું કરી શક્યા છે.

T20 ક્રિકેટમાં સૌથી વધુ રન બનાવનાર ભારતીય બેટ્સમેન

વિરાટ કોહલી - 12976રોહિત શર્મા- 11838શિખર ધવન - 9797સુરેશ રૈના - 8654સૂર્યકુમાર યાદવ - 7980

IPL 2025માં, સૂર્યકુમાર યાદવે CSK સામેની પ્રથમ મેચમાં મુંબઈ માટે 29 રન બનાવ્યા હતા જ્યારે બીજી મેચમાં તે માત્ર 2 રનથી તેની અડધી સદી ચૂકી ગયો હતો. હવે કોલકાતા સામેની ત્રીજી મેચમાં તે મોટો સ્કોર કરવાનો પ્રયાસ કરશે અને મુંબઈને સિઝનની પ્રથમ જીત અપાવશે. આ મેચમાં તેની નજર ટી20 ક્રિકેટમાં 350 સિક્સર પૂરી કરવા પર પણ હશે. આ સ્થાન સુધી પહોંચવા માટે તેને માત્ર 3 છગ્ગાની જરૂર છે. ભારત તરફથી ટી20 ક્રિકેટમાં અત્યાર સુધી માત્ર બે બેટ્સમેન 350થી વધુ સિક્સર ફટકારવામાં સફળ રહ્યા છે, જેમાં રોહિત શર્મા (525 સિક્સર) પ્રથમ સ્થાને છે જ્યારે વિરાટ કોહલી (420 સિક્સર) બીજા સ્થાને છે.",https://gujarati.abplive.com/sports/ipl/suryakumar-yadav-can-complete-8000-t20-runs-during-mi-vs-kkr-match-at-wankhede-stadium-mumbai-2025-934642,2,2025-04-01 18:29:42
,,"IPL 2025 points table: આઈપીએલ ૨૦૨૫ની સિઝનમાં અત્યાર સુધી ૯ મેચો રમાઈ ચૂકી છે અને પોઈન્ટ ટેબલમાં મોટો ઉલટફેર જોવા મળ્યો છે. સિઝનની ૯મી મેચમાં ગુજરાત ટાઇટન્સે મુંબઈ ઈન્ડિયન્સને શાનદાર રીતે હરાવ્યા બાદ પોઈન્ટ ટેબલમાં એક સાથે છ ટીમોને પછાડીને ત્રીજું સ્થાન હાંસલ કર્યું છે. આ જીત ગુજરાત ટાઇટન્સ માટે આ સિઝનની પ્રથમ જીત હતી.

આ મેચ પહેલા ગુજરાત ટાઇટન્સ પોઈન્ટ ટેબલમાં ૯મા ક્રમે હતી, પરંતુ મુંબઈ ઈન્ડિયન્સને હરાવ્યા બાદ તેમને સીધો ૬ સ્થાનનો ફાયદો થયો અને તેઓ ત્રીજા નંબરે પહોંચી ગયા. આ સાથે ગુજરાતનો નેટ રન રેટ પણ સુધરીને પોઝિટિવ થઈ ગયો છે. મેચ પહેલા જીટીનો નેટ રન રેટ -૦.૫૫૦ હતો, જે હવે ૦.૬૨૫ થઈ ગયો છે.

બીજી તરફ, મુંબઈ ઈન્ડિયન્સને આ હારનો મોટો ફટકો પડ્યો છે અને તેઓ પોઈન્ટ ટેબલમાં ૮મા ક્રમેથી ૯મા ક્રમે ધકેલાઈ ગયા છે. તેમની સાથે તેમનો નેટ રન રેટ પણ વધુ ખરાબ થયો છે, જે પહેલાં -૦.૪૯૩ હતો અને હવે -૧.૧૬૩ થઈ ગયો છે. આ સિઝનમાં મુંબઈ ઈન્ડિયન્સ અને રાજસ્થાન રોયલ્સ હજુ પણ પોતાની પ્રથમ જીતની રાહ જોઈ રહ્યા છે અને તેઓ પોઈન્ટ ટેબલમાં છેલ્લા બે સ્થાન પર છે.

જો પોઈન્ટ ટેબલના ટોપની વાત કરીએ તો રોયલ ચેલેન્જર્સ બેંગ્લોરે શાનદાર શરૂઆત કરી છે અને પોતાની શરૂઆતની બંને મેચો જીતીને ૪ પોઈન્ટ અને ૨.૨૬૬ના નેટ રન રેટ સાથે પ્રથમ સ્થાન જાળવી રાખ્યું છે. લખનૌ સુપર જાયન્ટ્સની ટીમ બે મેચમાં એક જીત અને એક હાર સાથે બીજા સ્થાને છે. પંજાબ કિંગ્સની ટીમ ત્રીજા સ્થાનેથી ચોથા સ્થાને આવી ગઈ છે, જ્યારે દિલ્હી કેપિટલ્સ એક મેચમાં એક જીત સાથે પાંચમા ક્રમે છે.

સનરાઇઝર્સ હૈદરાબાદ હાલમાં છઠ્ઠા સ્થાને છે, જેણે પોતાની પ્રથમ મેચ જીતી હતી પરંતુ બીજી મેચમાં લખનૌ સામે હારનો સામનો કરવો પડ્યો હતો. ડિફેન્ડિંગ ચેમ્પિયન કોલકાતા નાઈટ રાઈડર્સ બે મેચમાં એક જીત સાથે સાતમા નંબરે છે, જ્યારે ચેન્નાઈ સુપર કિંગ્સ પણ બે મેચમાં એક જીત સાથે આઠમા ક્રમે છે. રાજસ્થાન રોયલ્સ હજુ સુધી પોતાની પ્રથમ જીત મેળવી શક્યું નથી અને પોઈન્ટ ટેબલમાં સૌથી નીચે દસમા ક્રમે છે. ગુજરાત ટાઇટન્સની આ મોટી છલાંગે પોઈન્ટ ટેબલને વધુ રોમાંચક બનાવી દીધું છે.",https://gujarati.abplive.com/sports/ipl/ipl-2025-points-table-gujarat-giants-rise-to-3rd-mi-drops-to-9th-934636,2,2025-04-01 18:29:45
,,"India Tour of Australia 2025-26: ઓસ્ટ્રેલિયાએ 2025-26 માટે તેનું સ્થાનિક આંતરરાષ્ટ્રીય શેડ્યૂલ જાહેર કર્યું છે. આ અંતર્ગત ભારતના ઓસ્ટ્રેલિયા પ્રવાસનું શેડ્યૂલ પણ જાહેર કરવામાં આવ્યું છે. ક્રિકેટ ઓસ્ટ્રેલિયાએ રવિવારે (30 માર્ચ) તેના સ્થાનિક આંતરરાષ્ટ્રીય શેડ્યૂલની પુષ્ટિ કરી છે, જે 10 ઓગસ્ટથી શરૂ થશે. જુલાઈમાં વેસ્ટ ઈન્ડિઝનો પ્રવાસ પૂરો કર્યાના થોડા અઠવાડિયા પછી ઑસ્ટ્રેલિયા ઉત્તર ઑસ્ટ્રેલિયામાં ડાર્વિન, કેર્ન્સ અને મેકેમાં દક્ષિણ આફ્રિકા સામે ત્રણ T20I અને ત્રણ ODI રમશે. મૈકે પ્રથમ વખત ઓસ્ટ્રેલિયન મેન્સ ટીમની યજમાની કરશે.  ડાર્વિન 17 વર્ષમાં પ્રથમ વખત આંતરરાષ્ટ્રીય ક્રિકેટ મેચનું આયોજન કરશે.

ઓસ્ટ્રેલિયાએ ભારત સામેની ODI અને T20I સિરીઝનું શેડ્યૂલ પણ જાહેર કર્યું છે. ટીમ ઈન્ડિયા 19 ઓક્ટોબરથી 8 નવેમ્બર વચ્ચે 21 દિવસમાં કુલ 8 મેચ રમશે. ODI સિરીઝમાં કુલ 3 મેચ રમાશે જ્યારે T20I સિરીઝમાં 5 મેચ રમાશે. આ પછી એશિઝ 2025-26 21 નવેમ્બરથી શરૂ થશે. એશિઝની પ્રથમ ટેસ્ટ મેચ પર્થમાં રમાશે.

11 cities. 26 matches. Three visiting nations up for the challenge. Cricket is everywhere this summer. And you need to see it! pic.twitter.com/FZOm1PGj0X

ઓસ્ટ્રેલિયાનું ઘરેલું આંતરરાષ્ટ્રીય શેડ્યૂલ નીચે મુજબ છે:

ઓસ્ટ્રેલિયા વિરુદ્ધ દક્ષિણ આફ્રિકા (3 T20I, 3 ODI)10 ઓગસ્ટ: પ્રથમ T20I, ડાર્વિન (N)12 ઓગસ્ટ: બીજી T20I, ડાર્વિન (N)16 ઓગસ્ટ: ત્રીજી T20I કેર્ન્સ (N)19 ઓગસ્ટ: પ્રથમ ODI, કેર્ન્સ (D/N)22 ઓગસ્ટ: બીજી ODI, મૈકે (D/N)24 ઓગસ્ટ: ત્રીજી ODI, મૈકે (D/N)

ભારતનો ઓસ્ટ્રેલિયા પ્રવાસ (3 ODI, 5 T20I)

19 ઓક્ટોબર : પ્રથમ ODI, પર્થ સ્ટેડિયમ (D/N)23 ઓક્ટોબર : બીજી ODI, એડિલેડ (D/N)25 ઓક્ટોબર: ત્રીજી ODI, સિડની (D/N)29 ઓક્ટોબર: 1લી T20I, કૈનબેરા (N)31 ઓક્ટોબર: બીજી T20I, MCG (N)2 નવેમ્બર: ત્રીજી T20I, હોબાર્ટ (N)6 નવેમ્બર: 4થી T20, ગોલ્ડ કોસ્ટ (N)8 નવેમ્બર: 5મી T20I, ગાબા (N)

મેન્સ એશિઝ 2025-26

21-25 નવેમ્બર: 1લી ટેસ્ટ, પર્થ સ્ટેડિયમ4-8 ડિસેમ્બર: બીજી ટેસ્ટ, ગાબા (ડે-નાઈટ)17-21 ડિસેમ્બર: ત્રીજી ટેસ્ટ, એડિલેડ26-30 ડિસેમ્બર: ચોથી ટેસ્ટ, MCG4-8 જાન્યુઆરી, પાંચમી ટેસ્ટ, SCG

ક્રિકેટ ઓસ્ટ્રેલિયા (CA) દ્વારા રવિવારે જાહેર કરાયેલા શેડ્યૂલ મુજબ, 2025-26 આંતરરાષ્ટ્રીય સિઝન એ પ્રથમ સિઝન હશે જેમાં પુરુષોની આંતરરાષ્ટ્રીય મેચો ઓસ્ટ્રેલિયાના તમામ આઠ રાજ્યો અને પ્રદેશોમાં રમાશે.

ટીમ ઈન્ડિયા 19 ઓક્ટોબરથી 8 નવેમ્બર વચ્ચે 21 દિવસમાં કુલ 8 મેચ રમશે. ODI સિરીઝમાં કુલ 3 મેચ રમાશે જ્યારે T20I સિરીઝમાં 5 મેચ રમાશે.",https://gujarati.abplive.com/sports/cricket/india-tour-of-australia-2025-26-schedule-announced-ind-vs-aus-3-odis-5-t20is-full-schedule-934616,2,2025-04-01 18:29:51
,,"Rajasthan Royals vs Chennai Super Kings Match Preview: IPL 2025માં આજે બે મોટી મેચો રમાશે. પ્રથમ મેચમાં દિલ્હી કેપિટલ્સ અને સનરાઈઝર્સ હૈદરાબાદ વચ્ચે ટક્કર થશે, જ્યારે બીજી મેચ રાજસ્થાન રોયલ્સ અને ચેન્નાઈ સુપર કિંગ્સ વચ્ચે રમાશે.  અહીં જાણો રાજસ્થાન અને ચેન્નાઈ વચ્ચેની મેચની પ્લેઈંગ ઈલેવન, પિચ રિપોર્ટ અને મેચ પ્રિડિક્શન વિશે.

આઈપીએલ 2025માં અત્યાર સુધીમાં ચેન્નાઈ સુપર કિંગ્સ બે મેચ રમી છે. આ સમયગાળા દરમિયાન ચેન્નાઈએ એક મેચ જીતી છે અને એક મેચ હારી છે. સીએસકેને રોયલ ચેલેન્જર્સ બેંગ્લોરથી હરાવ્યું હતું. જ્યારે રાજસ્થાન રોયલ્સ હજુ સુધી IPL 2025માં જીતનું ખાતું ખોલાવી શકી નથી. રાજસ્થાનને તેની બંને મેચમાં હારનો સામનો કરવો પડ્યો છે.

રાજસ્થાન રોયલ્સ અને ચેન્નાઈ સુપર કિંગ્સ વચ્ચેની મેચ ગુવાહાટીના બારસપારા ક્રિકેટ સ્ટેડિયમમાં રમાશે. આ રાજસ્થાનનું હોમ ગ્રાઉન્ડ છે. જો કે આ મેદાન પર પણ રાજસ્થાનની ટીમ જીતી શકી ન હતી. આ મેદાન પર કોલકાતા નાઈટ રાઈડર્સે રાજસ્થાનને હરાવ્યું હતું.

બારસપારા ક્રિકેટ સ્ટેડિયમ પીચ રિપોર્ટ

ગુવાહાટીના બારસપારા ક્રિકેટ સ્ટેડિયમની પીચ બોલરો માટે મદદરૂપ છે. અહીં બોલ જૂનો થયા પછી અટકીને આવે  છે. આવી સ્થિતિમાં આ મેદાન પર મોટો સ્કોર બનાવવો ઘણો મુશ્કેલ છે. લક્ષ્યાંકનો પીછો કરવો અહીં વધુ સારું માનવામાં આવે છે. જો કે, જો ટીમ પ્રથમ રમત બાદ 175 પ્લસ સ્કોર કરે છે, તો લક્ષ્યાંકનો પીછો કરવો પણ મુશ્કેલ બની શકે છે.

મેચ પ્રિડિક્શન

અમારું મેચ પ્રિડિક્શન મીટર કહી રહ્યું છે કે આ મેચમાં ચેન્નાઈ સુપર કિંગ્સનો હાથ ઉપર છે. રાજસ્થાનની સરખામણીમાં ચેન્નાઈની ટીમ વધુ સંતુલિત લાગે છે. ટાર્ગેટનો પીછો કરતી ટીમની જીતવાની વધુ તકો હોય છે.

રાજસ્થાન રોયલ્સની સંભવિત પ્લેઈંગ ઈલેવન - યશસ્વી જયસ્વાલ, સંજુ સેમસન, રિયાન પરાગ (કેપ્ટન), નીતીશ રાણા, ધ્રુવ જુરેલ (વિકેટકીપર), શિમરન હેટમાયર, શુભમ દુબે, વાનિન્દુ હસરંગા, જોફ્રા આર્ચર, મહેશ થીક્ષણા, તુષાર દેશપાંડે અને કુમાર કાર્તિકેય/સંદીપ શર્મા

ચેન્નાઈ સુપર કિંગ્સની સંભવિત પ્લેઈંગ ઈલેવન- રચિન રવિન્દ્ર, રાહુલ ત્રિપાઠી, રુતુરાજ ગાયકવાડ (કેપ્ટન), શિવમ દુબે, દીપક હુડા/વિજય શંકર, સેમ કરન, રવિન્દ્ર જાડેજા, એમએસ ધોની (વિકેટકીપર), આર અશ્વિન, નૂર અહેમદ, ખલીલ અહેમદ અને મથિશા પથિરાના.",https://gujarati.abplive.com/sports/ipl/rajasthan-royals-vs-chennai-super-kings-playing-11-barsapara-cricket-stadium-pitch-report-rr-vs-csk-match-prediction-934607,2,2025-04-01 18:29:56
,,"Hardik Pandya fined Rs 12 lakh for slow over rate: ગુજરાત ટાઇટન્સ સામેની ઇન્ડિયન પ્રીમિયર લીગ મેચમાં ધીમા ઓવર રેટ બદલ મુંબઈ ઇન્ડિયન્સના કેપ્ટન હાર્દિક પંડ્યાને 12 લાખ રૂપિયાનો દંડ ફટકારવામાં આવ્યો છે. પાંચ વખતની ચેમ્પિયન મુંબઈ ઈન્ડિયન્સનો શનિવારે નરેન્દ્ર મોદી સ્ટેડિયમ ખાતે ટાઇટન્સ સામે 36 રનથી પરાજય થયો હતો.

અમદાવાદની કાળી માટીની પીચ પર ગુજરાતે પ્રથમ બેટિંગ કરતા 196 રન બનાવ્યા, મુંબઈ ઇન્ડિયન્સે લક્ષ્યનો પીછો કરવામાં સંઘર્ષ કર્યો અને છ વિકેટે 160 રન જ બનાવી શક્યું. ગુજરાતે ચાલુ સિઝનમાં પોતાનો પહેલો વિજય નોંધાવ્યો છે, જ્યારે મુંબઈ ઈન્ડિયન્સનો આ સતત બીજો પરાજય હતો અને ટીમ હજુ સુધી પોઈન્ટનું ખાતું ખોલી શકી નથી.

ધીમો ઓવર રેટ જાળવવા બદલ દંડ ફટકારવામાં આવ્યો - IPL એ રવિવારે એક નિવેદનમાં જણાવ્યું હતું કે, મુંબઈ ઈન્ડિયન્સના કેપ્ટન હાર્દિક પંડ્યાને અમદાવાદના નરેન્દ્ર મોદી સ્ટેડિયમ ખાતે ગુજરાત ટાઇટન્સ સામે ટાટા ઇન્ડિયન પ્રીમિયર લીગ (IPL) 2025 ની નવમી મેચ દરમિયાન તેની ટીમ દ્વારા જાળવવામાં આવેલા ધીમા ઓવર રેટ બદલ દંડ ફટકારવામાં આવ્યો છે. નિવેદન અનુસાર, IPL આચારસંહિતાના નિયમ 2.2 હેઠળ ન્યૂનતમ ઓવર-રેટના ગુનાઓ સંબંધિત આ સિઝનમાં તેની ટીમનો આ પહેલો ગુનો હતો, તેથી પંડ્યા પર 12 લાખ રૂપિયાનો દંડ ફટકારવામાં આવ્યો હતો. તમને જણાવી દઈએ કે ગત સિઝનમાં હાર્દિક પંડ્યા પર સ્લો ઓવર રેટના કારણે પ્રતિબંધ મૂકવામાં આવ્યો હતો, જેના કારણે તે IPL 2025 ની પહેલી મેચ રમી શક્યો ન હતો.

હાર્દિક પંડ્યાએ હારનું કારણ જણાવ્યું - હાર્દિક પંડ્યાએ મેચ પછી કહ્યું, કેટલીક ભૂલો થઈ હતી, અમે મેદાન પર ખૂબ વ્યાવસાયિક નહોતા જેના કારણે અમે કદાચ 20-25 રનથી હારી ગયા. તેમણે (ટાઇટન્સના ઓપનરો) પાવરપ્લેમાં યોગ્ય કામ કર્યું, તેમણે ઘણા જોખમી શોટ રમ્યા નહીં, તેમણે ઘણા બધા રન બનાવ્યા અને તેનાથી અમને પાછળ પડી ગયા. તેમણે કહ્યું, હજુ શરૂઆતનો તબક્કો છે પરંતુ તે જ સમયે, બેટ્સમેનોએ પણ સારું પ્રદર્શન કરવું પડશે અને આશા છે કે તેઓ જલ્દી જ તે કરશે, જ્યારે આટલો અસમાન ઉછાળો હોય છે, ત્યારે બેટ્સમેન તરીકે તે મુશ્કેલ બની જાય છે.",https://gujarati.abplive.com/sports/ipl/ipl-big-update-news-mumbai-indians-skipper-hardik-pandya-fined-rs-12-lakh-for-slow-over-rate-934586,2,2025-04-01 18:30:00
,,"DC vs SRH Playing XI Pitch Report And Match Prediction: રવિવારે 2 IPL મેચ રમાશે. પ્રથમ મેચમાં સનરાઇઝર્સ હૈદરાબાદની ટીમ અક્ષર પટેલના નેતૃત્વ હેઠળની દિલ્હી કેપિટલ્સ સામે ટકરાશે. બંને ટીમો વિશાખાપટ્ટનમમાં એકબીજાનો સામનો કરશે. વળી, આ મેચ ભારતીય સમય મુજબ બપોરે 3.30 વાગ્યે શરૂ થશે. દિલ્હી કેપિટલ્સે ઋષભ પંતની આગેવાની હેઠળના લખનૌ સુપર જાયન્ટ્સને હરાવીને સિઝનની શરૂઆત જીત સાથે કરી. સનરાઇઝર્સ હૈદરાબાદે રાજસ્થાન રોયલ્સને હરાવ્યું, જ્યારે બીજી મેચમાં લખનઉ સુપર જાયન્ટ્સે પેટ કમિન્સની આગેવાની હેઠળની સનરાઇઝર્સ હૈદરાબાદને હરાવ્યું.

હાલમાં, દિલ્હી કેપિટલ્સ અને સનરાઇઝર્સ હૈદરાબાદના 2-2 પોઈન્ટ સમાન છે, પરંતુ સારા નેટ રનના આધારે દિલ્હી કેપિટલ્સ પાંચમા સ્થાને છે જ્યારે સનરાઇઝર્સ હૈદરાબાદ છઠ્ઠા સ્થાને છે.

શું પીચ પર બેટિંગ સરળ રહેશે કે બોલરો તબાહી મચાવશે ? વાસ્તવમાં, હૈદરાબાદની પીચને સંતુલિત પિચ તરીકે ઓળખવામાં આવે છે. આ પીચ પર બેટ્સમેન અને બોલરો માટે સમાન તકો છે. જોકે, આ પીચના રેકોર્ડ દર્શાવે છે કે બેટિંગ થોડી સરળ રહી છે. પ્રથમ ઇનિંગમાં સરેરાશ રન ૧૬૭ છે. પરંતુ આ ઉપરાંત, ઝડપી બોલરોને પિચમાંથી મદદ મળે છે. આ પીચ પર શરૂઆતની ઓવરોમાં ઝડપી બોલરો માટે રમવું મુશ્કેલ છે.

દિલ્હી કેપિટલ્સની સંભવિત પ્લેઇંગ ઇલેવન - જેક ફ્રેઝર-મેકગર્ક, ફાફ ડૂ પ્લેસિસ, અભિષેક પોરેલ (વિકેટકીપર), કેએલ રાહુલ, અક્ષર પટેલ (કેપ્ટન), ટ્રિસ્ટન સ્ટબ્સ, વપરાજ નિગમ, મિશેલ સ્ટાર્ક, કુલદીપ યાદવ, મોહિત શર્મા અને મુકેશ કુમાર.ઇમ્પેક્ટ પ્લેયર - આશુતોષ શર્મા.

સનરાઇઝર્સ હૈદરાબાદની સંભવિત પ્લેઇંગ ઇલેવન - અભિષેક શર્મા, ટ્રેવિસ હેડ, ઈશાન કિશન, નીતિશ કુમાર રેડ્ડી, હેનરિક ક્લાસેન (વિકેટકીપર), અનિકેત વર્મા, પેટ કમિન્સ (કેપ્ટન), સિમરજીત સિંહ, રાહુલ ચહર, મોહમ્મદ શમી અને એડમ ઝમ્પા.ઇમ્પેક્ટ પ્લેયર- સચિન બેબી / અભિનવ મનોહર

કઈ ટીમનો હાથ ઉપર છે ?સનરાઇઝર્સ હૈદરાબાદે રાજસ્થાન રોયલ્સને 44 રને હરાવ્યું. તે મેચમાં, પેટ કમિન્સના નેતૃત્વમાં સનરાઇઝર્સ હૈદરાબાદે 20 ઓવરમાં 6 વિકેટે 286 રન બનાવ્યા હતા. આ પછી, સનરાઇઝર્સ હૈદરાબાદે લખનઉ સુપર જાયન્ટ્સ સામે 190 રન બનાવ્યા. આ રીતે, સનરાઇઝર્સ હૈદરાબાદના બેટ્સમેનો રન બનાવી રહ્યા છે, પરંતુ ટીમની બોલિંગ ચિંતાનું કારણ છે. સનરાઇઝર્સ હૈદરાબાદના બોલરો સરળતાથી રન આપી રહ્યા છે. વળી, દિલ્હી કેપિટલ્સે લખનઉ સુપર જાયન્ટ્સ સામે 210 રનનો લક્ષ્યાંક હાંસલ કર્યો હતો. જોકે, જો આપણે બંને ટીમોના ફોર્મ પર નજર કરીએ તો, દિલ્હી કેપિટલ્સનો હાથ ઉપર હોય તેવું લાગે છે.",https://gujarati.abplive.com/sports/ipl/ipl-latest-news-delhi-capitals-vs-sunrisers-hyderabad-match-at-today-now-best-playing-xi-pitch-report-and-match-prediction-for-the-dc-vs-srh-934582,2,2025-04-01 18:30:09
,,"RR vs CSK Head To Head Record: આજે ગુવાહાટીમાં રાજસ્થાન રૉયલ્સ અને ચેન્નાઈ સુપર કિંગ્સની ટીમો એકબીજા સામે ટકરાશે. રાજસ્થાન રોયલ્સ સિઝનની પોતાની પહેલી જીતની રાહ જોઈ રહ્યું છે. વળી, ચેન્નાઈ સુપર કિંગ્સ (CSK) એ મુંબઈ ઈન્ડિયન્સ (MI) ને હરાવીને પોતાના અભિયાનની શરૂઆત કરી હતી, પરંતુ રોયલ ચેલેન્જર્સ બેંગ્લોર (RCB) સામે હારનો સામનો કરવો પડ્યો હતો. હવે પ્રશ્ન એ છે કે શું રાજસ્થાન રોયલ્સ (RR) ચેન્નાઈ સુપર કિંગ્સને તેમના હોમ ગ્રાઉન્ડ પર હરાવી શકશે? આ મેચમાં કઈ ટીમનો હાથ ઉપર છે? અત્યાર સુધી બંને ટીમોનો હેડ ટુ હેડ રેકોર્ડ કેવો રહ્યો છે?

બંને ટીમોનો હેડ ટૂ હેડ રેકોર્ડ કેવો રહ્યો છે ? આંકડા દર્શાવે છે કે, અત્યાર સુધીમાં રાજસ્થાન રોયલ્સ અને ચેન્નાઈ સુપર કિંગ્સ 29 વખત એકબીજા સામે આવી ચૂક્યા છે. રાજસ્થાન રોયલ્સે 13 વખત ચેન્નાઈ સુપર કિંગ્સને હરાવ્યું છે. વળી, ચેન્નાઈ સુપર કિંગ્સે રાજસ્થાન રોયલ્સ સામે 16 મેચ જીતી છે. રાજસ્થાન રોયલ્સ સામે ચેન્નાઈ સુપર કિંગ્સનો સર્વોચ્ચ સ્કોર 246 રન છે. જ્યારે ચેન્નાઈ સુપર કિંગ્સ સામે રાજસ્થાન રોયલ્સનો સર્વોચ્ચ સ્કોર 223 રન છે. આ પહેલા, બંને ટીમો છેલ્લી વખત ગયા સિઝનમાં એકબીજા સામે ટકરાઈ હતી. તે મેચમાં ચેન્નાઈ સુપર કિંગ્સે રાજસ્થાન રોયલ્સને 5 વિકેટે હરાવ્યું હતું.

છેલ્લી ૩ મેચમાં કઈ ટીમનો હાથ ઉપર રહ્યો છે ? જો આપણે રાજસ્થાન રોયલ્સ અને ચેન્નાઈ સુપર કિંગ્સ વચ્ચેની છેલ્લી 5 મેચો પર નજર કરીએ તો, રિયાન પરાગની આગેવાની હેઠળ રાજસ્થાન રોયલ્સનો હાથ ઉપર રહ્યો છે. છેલ્લી 5 મેચોમાં, રાજસ્થાન રોયલ્સે 3 વખત ચેન્નાઈ સુપર કિંગ્સને હરાવ્યું છે. તે જ સમયે, ચેન્નાઈ સુપર કિંગ્સે રાજસ્થાન રોયલ્સને બે વાર હરાવ્યું છે. ગમે તે હોય, આજે એ જોવું રસપ્રદ રહેશે કે કઈ ટીમ જીતે છે?

રાજસ્થાન રોયલ્સની સંભવિત પ્લેઇંગ ઇલેવન - યશસ્વી જાયસ્વાલ, સંજૂ સેમસન, નીતિશ રાણા, રિયાન પરાગ (કેપ્ટન), ધ્રુવ જુરેલ (વિકેટકીપર), શિમરોન હેટમાયર, વાનિન્દુ હસરંગા, જોફ્રા આર્ચર, મહેશ થીકશન, સંદીપ શર્મા અને તુષાર દેશપાંડે.

ચેન્નાઈ સુપર કિંગ્સની સંભવિત પ્લેઇંગ ઇલેવન - રચિન રવિન્દ્ર, રાહુલ ત્રિપાઠી, ઋતુરાજ ગાયકવાડ (કેપ્ટન), શિવમ દુબે, સેમ કુરન, રવિન્દ્ર જાડેજા, એમએસ ધોની (વિકેટકીપર), રવિચંદ્રન અશ્વિન, મથિશા પથિરાણા, નૂર અહેમદ અને ખલીલ અહેમદ.",https://gujarati.abplive.com/sports/ipl/ipl-2025-news-rajasthan-royals-vs-chennai-super-kings-match-today-know-head-to-head-record-between-rr-vs-csk-934580,2,2025-04-01 18:30:13
,,"CSK vs RR Match Analysis: શું રાજસ્થાન રોયલ્સ ઋતુરાજ ગાયકવાડના નેતૃત્વ હેઠળની ચેન્નાઈ સુપર કિંગ્સને હરાવી શકશે? ખરેખર, રાજસ્થાન રોયલ્સ સિઝનની તેમની પહેલી જીતની રાહ જોઈ રહ્યું છે. અત્યાર સુધી, રાજસ્થાન રોયલ્સે સનરાઇઝર્સ હૈદરાબાદ અને કોલકાતા નાઈટ રાઇડર્સ સામે હારનો સામનો કરવો પડ્યો છે. તે જ સમયે, ચેન્નાઈ સુપર કિંગ્સે મુંબઈ ઈન્ડિયન્સને હરાવ્યું, પરંતુ રોયલ ચેલેન્જર્સ બેંગ્લોર સામે હારનો સામનો કરવો પડ્યો. જોકે, ચેન્નાઈ સુપર કિંગ્સ ટીમમાં કેટલીક ખામીઓ છે, જે રાજસ્થાન રોયલ્સને જીતવામાં મદદ કરી શકે છે.

It’s 💪 vs 🚁 Day! 💗 pic.twitter.com/ULPHKv1Yrk

ચેન્નાઈ સુપર કિંગ્સનો નબળો મિડલ ઓર્ડર

ચેન્નાઈ સુપર કિંગ્સ કોઈક રીતે મુંબઈ ઈન્ડિયન્સ સામે જીત મેળવવામાં સફળ રહ્યા, પરંતુ મિડલ ઓર્ડરે ફરી એકવાર રોયલ ચેલેન્જર્સ બેંગ્લોર સામે તેમની તકો બગાડી નાખી. આથી, ચેન્નાઈ સુપર કિંગ્સને ૫૦ રનના મોટા માર્જિનથી હારનો સામનો કરવો પડ્યો. અત્યાર સુધી શિવમ દુબે, રાહુલ ત્રિપાઠી, રવિન્દ્ર જાડેજા અને દીપક હુડા જેવા બેટ્સમેનોએ નિરાશ કર્યા છે. જોકે, ઋતુરાજ ગાયકવાડ અને રચિન રવિન્દ્રએ ચોક્કસપણે સારી ઇનિંગ્સ રમી છે, પરંતુ અન્ય બેટ્સમેનોએ તેમને સાથ આપ્યો નથી.

સ્પિન બોલરો પર વધુ પડતો આધાર

અત્યાર સુધી ચેન્નાઈ સુપર કિંગ્સે ચેપોકમાં તેમની બંને મેચ રમી છે. ચેપોકમાં સ્પિન બોલરોને મદદ મળે છે. આથી, નૂર અહેમદ, રવિ અશ્વિન અને રવિન્દ્ર જાડેજા જેવા બોલરોએ વિરોધી બેટ્સમેનોને બાંધી રાખ્યા. ખાસ કરીને મુંબઈ ઈન્ડિયન્સ સામે. પરંતુ શું ચેન્નાઈ સુપર કિંગ્સની આ રણનીતિ રાજસ્થાન રોયલ્સ સામે અસરકારક સાબિત થશે? વાસ્તવમાં, ચેન્નાઈ સુપર કિંગ્સ અને રાજસ્થાન રોયલ્સની ટીમો ગુવાહાટીમાં એકબીજા સામે ટકરાશે. એવું માનવામાં આવે છે કે ગુવાહાટીની પિચ સ્પિનરો માટે બહુ અનુકૂળ નથી. જોકે, ઋતુરાજ ગાયકવાડના નેતૃત્વ હેઠળની ચેન્નાઈ સુપર કિંગ્સની મુશ્કેલીઓ વધી શકે છે.

રાજસ્થાન રોયલ્સ સંભવિત પ્લેઇંગ-11

રિયાન પરાગ (કેપ્ટન), સંજુ સેમસન, યશસ્વી જયસ્વાલ, નીતિશ રાણા, ધ્રુવ જુરેલ (વિકેટકીપર), શિમરોન હેટમાયર, જોફ્રા આર્ચર, મહિશ થિક્સાના, તુષાર દેશપાંડે, સંદીપ શર્મા અને વાનિન્દુ હસરંગા.

ચેન્નઈ સુપર કિંગ્સ સંભવિત પ્લેઇંગ-11

ઋતુરાજ ગાયકવાડ (કેપ્ટન), રચિન રવીન્દ્ર, રાહુલ ત્રિપાઠી, દીપક હુડા, રવીન્દ્ર જાડેજા, સેમ કરન, એમએસ ધોની (વિકેટકીપર), રવિચંદ્રન અશ્વિન, નૂર અહેમદ, મથિશા પથિરાના અને ખલીલ અહેમદ,.",https://gujarati.abplive.com/sports/cricket/chennai-super-kings-rajasthan-royals-match-analysis-csk-vs-rr-ipl-2025-here-know-934553,2,2025-04-01 18:30:17
,,"DC vs SRH Playing XI Pitch Report And Match Prediction:  રવિવારે આઈપીએલમાં બે મેચ રમાશે. પ્રથમ મેચમાં સનરાઇઝર્સ હૈદરાબાદની ટીમ અક્ષર પટેલના નેતૃત્વ હેઠળની દિલ્હી કેપિટલ્સ સામે ટકરાશે. બંને ટીમો વિશાખાપટ્ટનમમાં એકબીજાનો સામનો કરશે. તે જ સમયે, આ મેચ ભારતીય સમય મુજબ બપોરે 3.30 વાગ્યે શરૂ થશે. દિલ્હી કેપિટલ્સે ઋષભ પંતની આગેવાની હેઠળના લખનૌ સુપર જાયન્ટ્સને હરાવીને સિઝનની શરૂઆત જીત સાથે કરી. સનરાઇઝર્સ હૈદરાબાદે રાજસ્થાન રોયલ્સને હરાવ્યું, જ્યારે બીજી મેચમાં લખનૌ સુપર જાયન્ટ્સે પેટ કમિન્સની આગેવાની હેઠળની સનરાઇઝર્સ હૈદરાબાદને હરાવ્યું. હાલમાં, દિલ્હી કેપિટલ્સ અને સનરાઇઝર્સ હૈદરાબાદના 2-2 પોઈન્ટ સમાન છે, પરંતુ સારા નેટ રનના આધારે, દિલ્હી કેપિટલ્સ પાંચમા સ્થાને છે જ્યારે સનરાઇઝર્સ હૈદરાબાદ છઠ્ઠા સ્થાને છે.

શું પીચ પર બેટિંગ સરળ રહેશે કે બોલરો તબાહી મચાવશે?

વાસ્તવમાં, હૈદરાબાદની પિચને સંતુલિત પિચ તરીકે ઓળખવામાં આવે છે. આ પીચ પર બેટ્સમેન અને બોલરો માટે સમાન તકો છે. જોકે, આ પીચના રેકોર્ડ દર્શાવે છે કે બેટિંગ થોડી સરળ રહી છે. પ્રથમ ઇનિંગમાં સરેરાશ રન 167 છે. પરંતુ આ ઉપરાંત, ઝડપી બોલરોને પિચમાંથી મદદ મળે છે. આ પીચ પર શરૂઆતની ઓવરોમાં ઝડપી બોલરો માટે રમવું મુશ્કેલ છે.

દિલ્હી કેપિટલ્સની સંભવિત પ્લેઇંગ ઇલેવન-

જેક ફ્રેઝર-મેકગર્ક, ફાફ ડુ પ્લેસિસ, અભિષેક પોરેલ (વિકેટકીપર), કેએલ રાહુલ, અક્ષર પટેલ (કેપ્ટન), ટ્રિસ્ટન સ્ટબ્સ, વિપ્રજ નિગમ, મિશેલ સ્ટાર્ક, કુલદીપ યાદવ, મોહિત શર્મા અને મુકેશ કુમાર.

ઇમ્પેક્ટ પ્લેયર - આશુતોષ શર્મા

સનરાઇઝર્સ હૈદરાબાદની સંભવિત પ્લેઇંગ ઇલેવન-

અભિષેક શર્મા, ટ્રેવિસ હેડ, ઈશાન કિશન, નીતિશ કુમાર રેડ્ડી, હેનરિક ક્લાસેન (વિકેટકીપર), અનિકેત વર્મા, પેટ કમિન્સ (કેપ્ટન), સિમરજીત સિંહ, રાહુલ ચહર, મોહમ્મદ શમી અને એડમ ઝમ્પા.

ઇમ્પેક્ટ પ્લેયર-સચિન બેબી / અભિનવ મનોહર

કઈ ટીમનો હાથ ઉપર છે?

સનરાઇઝર્સ હૈદરાબાદે રાજસ્થાન રોયલ્સને 44 રને હરાવ્યું. તે મેચમાં, પેટ કમિન્સના નેતૃત્વમાં સનરાઇઝર્સ હૈદરાબાદે 20 ઓવરમાં 6 વિકેટે 286 રન બનાવ્યા હતા. આ પછી, સનરાઇઝર્સ હૈદરાબાદે લખનૌ સુપર જાયન્ટ્સ સામે 190 રન બનાવ્યા. આ રીતે, સનરાઇઝર્સ હૈદરાબાદના બેટ્સમેનો રન બનાવી રહ્યા છે, પરંતુ ટીમની બોલિંગ ચિંતાનું કારણ છે. સનરાઇઝર્સ હૈદરાબાદના બોલરો સરળતાથી રન આપી રહ્યા છે. તે જ સમયે, દિલ્હી કેપિટલ્સે લખનૌ સુપર જાયન્ટ્સ સામે 210 રનનો લક્ષ્યાંક હાંસલ કર્યો હતો. જોકે, જો આપણે બંને ટીમોના ફોર્મ પર નજર કરીએ તો, દિલ્હી કેપિટલ્સનો હાથ ઉપર હોય તેવું લાગે છે.",https://gujarati.abplive.com/sports/cricket/delhi-capitals-sunrisers-hyderabad-dc-vs-srh-playing-xi-pitch-report-and-match-prediction-ipl-2025-934543,2,2025-04-01 18:30:22
,,"Hardik Pandya on Mumbai Indians Loss: મુંબઈ ઈન્ડિયન્સે IPL 2025માં સતત બીજી હારનો સામનો કરવો પડ્યો છે. ગુજરાત ટાઇટન્સે MI ને 36 રને હરાવ્યું. આ પહેલા મુંબઈને CSK સામે 4 વિકેટે હારનો સામનો કરવો પડ્યો હતો. IPL 2025 માં આ પહેલી વાર હતું જ્યારે મુંબઈની ટીમ હાર્દિકની કેપ્ટનશીપમાં રમી રહી હતી. તમને યાદ અપાવીએ કે હાર્દિકે એક મેચનો પ્રતિબંધ પૂર્ણ કર્યા બાદ ગુજરાત સામેની મેચમાં વાપસી કરી હતી. જીટી સામેની હાર બાદ કેપ્ટન પંડ્યા ખૂબ જ નિરાશ દેખાતો હતો.

A victory sealed with a 🫂 Nothing but pure joy in the #GT camp after securing their first 𝗪 of #TATAIPL 2025 💙#GTvMI | @gujarat_titans | @ShubmanGill | @mdsirajofficial pic.twitter.com/1oljgMZtsv

હાર્દિક પંડ્યાએ હારનું કારણ જણાવ્યુંમેચ પછીના પ્રેઝન્ટેશનમાં, હાર્દિક પંડ્યાએ કહ્યું કે ટીમ દ્વારા કરવામાં આવેલી નાની ભૂલો તેમની ટીમની હારનું કારણ હતી. તેમણે કહ્યું, ""અમે ખૂબ જ નાની ભૂલો કરી, જેના કારણે અમે 20-25 રન વધારે આપ્યા, જે T20 મેચમાં ઘણા વધારે કહેવાય. ગુજરાત ટાઇટન્સના ઓપનિંગ બેટ્સમેનોએ સારી બેટિંગ કરી, તેમણે ખૂબ ઓછી ભૂલો કરી, ખૂબ જ સારું રમ્યા અને જોખમમુક્ત શોટ રમીને રન બનાવવામાં સક્ષમ રહ્યા.

આ કામ ભવિષ્યમાં કરવું પડશેમુંબઈ ઈન્ડિયન્સના કેપ્ટન હાર્દિકે કહ્યું કે આ તો આઈપીએલ 2025ની માત્ર શરૂઆત છે અને હજુ ઘણું બધું ચકાસવાનું બાકી છે. તેમણે એમ પણ કહ્યું કે બેટ્સમેનોએ શક્ય તેટલી વહેલી તકે પોતાની જવાબદારી સમજવી પડશે. હાર્દિકે એ વાત પર પણ ભાર મૂક્યો કે આ પીચ પર ધીમા બોલને પકડવાનું સૌથી મુશ્કેલ કાર્ય હતું. જો આપણે આંકડાઓ પર નજર કરીએ તો, મુંબઈએ 37 ધીમા બોલ ફેંક્યા જેમાં તેમને ફક્ત એક જ વિકેટ મળી. બીજી તરફ, ગુજરાતના બોલરોએ 32 ધીમા બોલ ફેંક્યા જેમાં તેમણે 3 વિકેટ લીધી.

નરેન્દ્ર મોદી સ્ટેડિયમમાં ગુજરાત ટાઇટન્સે MI સામે જીતની હેટ્રિક બનાવી છે. અહીં ગુજરાતે છેલ્લી ત્રણ મેચમાં મુંબઈને હરાવ્યું છે. નરેન્દ્ર મોદી સ્ટેડિયમ ખાતે મુંબઈ સામે ગુજરાતનો જીત-હારનો રેકોર્ડ હવે 4-2નો છે.

મુંબઈ ઈન્ડિયન્સની બેટિંગ આ મેચમાં ખરાબ રીતે નિષ્ફળ રહી હતી. તિલક વર્માએ 39 રન અને સૂર્યકુમાર યાદવે 28 બોલમાં 48 રનની ઇનિંગ રમી હતી, પરંતુ આ બે બેટ્સમેન સિવાય અન્ય કોઈ ખેલાડી ગુજરાતના બોલરો સામે ટકી શક્યો નહોતો અને મોટાભાગના બેટ્સમેનો સસ્તામાં આઉટ થઈ ગયા હતા. ગુજરાતના બોલરોએ શાનદાર લાઇન અને લેન્થ સાથે બોલિંગ કરી હતી અને મુંબઈના બેટ્સમેનોને કોઈ તક આપી નહોતી.",https://gujarati.abplive.com/sports/cricket/hardik-pandya-comments-on-mumbai-indians-loss-against-gujarat-titans-gt-vs-mi-ipl-2025-934541,3,2025-04-01 18:30:31
,,"GT vs MI 2025: શનિવારે રમાયેલી IPL 2025ની 9 નંબરની મેચમાં ગુજરાત ટાઇટન્સે મુંબઈ ઈન્ડિયન્સને 36 રનથી હરાવ્યું હતું. 197 રનનો પીછો કરતા મુંબઈ ઈન્ડિયન્સ 20 ઓવરમાં 160 રન જ બનાવી શકી હતી. ફરી એકવાર રોહિત શર્મા ફ્લોપ રહ્યો હતો, તે 8 રન બનાવીને મોહમ્મદ સિરાજના હાથે બોલ્ડ થયો હતો. બીજો ઓપનર રેયાન રિકલ્ટન પણ 6 રન બનાવીને પેવેલિયન પરત ફર્યો હતો. આ પછી સૂર્યકુમાર યાદવ (48) અને તિલક વર્મા (39)એ 62 રનની ભાગીદારી કરીને ટીમની કમાન સંભાળી હતી. એવી અપેક્ષા રાખવામાં આવી રહી હતી કે હાર્દિક પંડ્યા અંતમાં સારી ઇનિંગ રમશે અને ટીમને જીત અપાવશે, જો કે, તેણે બિનઅનુભવી રોબિન મિન્ઝને પોતાની ઉપર બેટિંગ કરવા મોકલીને મોટી ભૂલ કરી. જાણો આ મેચમાં મુંબઈ ઈન્ડિયન્સની હારના 3 મુખ્ય કારણો.

વિગ્નેશ પુથુરને પ્લેઇંગ 11માં સામેલ ન કર્યો

મુંબઈ ઈન્ડિયન્સ પણ પહેલી મેચ હારી ગઈ હતી, પરંતુ ચેન્નાઈ સુપર કિંગ્સ સામેની તે મેચમાં વિગ્નેશ પુથુરે પોતાની બોલિંગથી બધાને પ્રભાવિત કર્યા હતા. તે વિગ્નેશની IPL ડેબ્યૂ મેચ હતી, જેમાં તેણે 4 ઓવરમાં 32 રન આપીને 3 મહત્વની વિકેટ લીધી હતી. પરંતુ હાર્દિક પંડ્યાએ તેને ગુજરાત ટાઇટન્સ સામેની પ્લેઇંગ 11માં સામેલ ન કર્યો, આ કેપ્ટનનો ખરાબ નિર્ણય હતો, જે આજની હારનું મુખ્ય કારણ બની ગયો.

વિલ જેક્સને ટીમની બહાર રાખ્યો

હાર્દિક પંડ્યાએ પણ ઈંગ્લેન્ડના ખેલાડી વિલ જેક્સને પ્લેઈંગ 11માંથી બહાર રાખીને મોટી ભૂલ કરી હતી. તમને જણાવી દઈએ કે તેણે નરેન્દ્ર મોદી ક્રિકેટ સ્ટેડિયમમાં રમાયેલી તેની છેલ્લી મેચમાં સદી ફટકારી હતી. 28 એપ્રિલ 2024ના રોજ, તેણે આ મેદાન પર ગુજરાત ટાઇટન્સ સામે 41 બોલમાં 100 રનની અણનમ ઇનિંગ રમી હતી. હવે આવા ખેલાડીને બહાર રાખવો એ જરા પણ સારો નિર્ણય નહોતો.

હાર્દિક પંડ્યા સામે આવ્યો નથી

હાર્દિક પંડ્યા એક વિસ્ફોટક બેટ્સમેન છે. તે તેના આત્મવિશ્વાસ માટે પણ જાણીતો છે પરંતુ ગુજરાત ટાઇટન્સ સામે તેણે બિનઅનુભવી રોબિન મિન્ઝને પોતાની ઉપરથી બહાર મોકલી દીધો હતો. તિલક વર્મા અને સૂર્યકુમાર યાદવે 62 રનની ભાગીદારી કરી હતી. તિલક વર્મા 12મી ઓવરમાં આઉટ થયો હતો, તેને પ્રસિદ્ધ કૃષ્ણએ આઉટ કર્યો હતો. આ સમયે મુંબઈ ઈન્ડિયન્સને જીતવા માટે 51 બોલમાં 100 રનની જરૂર હતી. તિલકની વિકેટ પછી, એવું લાગ્યું કે હાર્દિક પંડ્યા બેટિંગ કરવા આવશે કારણ કે લગભગ 10ની સરેરાશથી રનની જરૂર હતી. પરંતુ તેની ઉપર રોબિન મિન્ઝ બેટિંગ કરવા આવ્યો હતો, જે 6 બોલમાં 3 રન બનાવીને આઉટ થયો હતો.",https://gujarati.abplive.com/sports/ipl/mumbai-indians-lost-due-to-these-mistakes-of-hardik-know-the-three-major-reasons-for-mi-s-defeat-934535,3,2025-04-01 18:30:35
,,"GT vs MI full match highlights: આઈપીએલ ૨૦૨૫ની સિઝનમાં મુંબઈ ઈન્ડિયન્સની (MI) મુશ્કેલીઓ ઓછી થવાનું નામ નથી લઈ રહી. ગુજરાત ટાઇટન્સે (GT) મુંબઈને તેમના હોમ ગ્રાઉન્ડ પર ૩૬ રનથી કારમી હાર આપી છે. આ હાર મુંબઈની આ સિઝનની સતત બીજી હાર છે, જ્યારે ગુજરાતે આ જીત સાથે પોતાનું ખાતું ખોલ્યું છે. નરેન્દ્ર મોદી સ્ટેડિયમમાં રમાયેલી આ મેચમાં ગુજરાતે પ્રથમ બેટિંગ કરતાં ૧૯૬ રન બનાવ્યા હતા, જેના જવાબમાં મુંબઈની આખી ટીમ માત્ર ૧૬૦ રન જ બનાવી શકી હતી. આ મેચમાં રોહિત શર્મા ફરી એકવાર મોટો સ્કોર કરવામાં નિષ્ફળ રહ્યો હતો, જ્યારે કેપ્ટન હાર્દિક પંડ્યાનું પ્રદર્શન પણ નિરાશાજનક રહ્યું હતું.

૧૯૭ રનના લક્ષ્યાંકનો પીછો કરવા ઉતરેલી મુંબઈ ઈન્ડિયન્સની શરૂઆત અત્યંત ખરાબ રહી હતી. માત્ર ૩૫ રનના સ્કોર પર જ ટીમે પોતાના બંને ઓપનિંગ બેટ્સમેનોને ગુમાવી દીધા હતા. રોહિત શર્મા માત્ર ૮ રન બનાવીને આઉટ થયો હતો, જ્યારે રેયાન રિકલ્ટન પણ માત્ર ૬ રન બનાવી શક્યો હતો. સૂર્યકુમાર યાદવ અને તિલક વર્મા વચ્ચે ૬૨ રનની ભાગીદારી જરૂર થઈ હતી, પરંતુ ગુજરાતના બોલરોએ મેચ પર પોતાની પકડ જમાવી લીધી હતી.

ગુજરાત ટાઇટન્સના ફાસ્ટ બોલરોએ મધ્ય ઓવરોમાં મુંબઈના બેટ્સમેનો પર એવી તબાહી મચાવી હતી કે ટીમે માત્ર ૨૭ રનના ગાળામાં પોતાની ૪ મોટી વિકેટો ગુમાવી દીધી હતી. એક સમયે મુંબઈની ટીમ ૨ વિકેટના નુકસાન પર ૯૭ રન બનાવીને સારી સ્થિતિમાં હતી, પરંતુ તિલક વર્મા ૩૯ રન બનાવીને આઉટ થતાં જ વિકેટો પડવાની શરૂઆત થઈ ગઈ હતી. આ પછી મુંબઈએ ઝડપથી વિકેટો ગુમાવી અને તેમનો સ્કોર ૬ વિકેટે ૧૨૪ રન સુધી પહોંચી ગયો હતો.

મુંબઈ ઈન્ડિયન્સની બેટિંગ આ મેચમાં ખરાબ રીતે નિષ્ફળ રહી હતી. તિલક વર્માએ ૩૯ રન અને સૂર્યકુમાર યાદવે ૨૮ બોલમાં ૪૮ રનની ઇનિંગ રમી હતી, પરંતુ આ બે બેટ્સમેન સિવાય અન્ય કોઈ ખેલાડી ગુજરાતના બોલરો સામે ટકી શક્યો નહોતો અને મોટાભાગના બેટ્સમેનો સસ્તામાં આઉટ થઈ ગયા હતા. ગુજરાતના બોલરોએ શાનદાર લાઇન અને લેન્થ સાથે બોલિંગ કરી હતી અને મુંબઈના બેટ્સમેનોને કોઈ તક આપી નહોતી.",https://gujarati.abplive.com/sports/ipl/ipl-2025-gt-vs-mi-gujarat-titans-defeat-mumbai-indians-by-36-runs-full-match-highlights-934533,3,2025-04-01 18:30:39
,,,https://gujarati.abplive.com/sports/ipl/gt-vs-mi-live-score-ipl-2025-gujarat-titans-vs-mumbai-indians-updates-934502,3,2025-04-01 18:30:42
,,"GT vs MI IPL 2025: આઈપીએલ ૨૦૨૫માં ગુજરાત ટાઇટન્સ અને મુંબઈ ઈન્ડિયન્સ વચ્ચેની મેચમાં એક અનોખી ઘટના જોવા મળી હતી. બંને ટીમો પોતાની પ્રથમ મેચ હાર્યા બાદ આ મુકાબલામાં જીત માટે ઝઝૂમી રહી હતી. મુંબઈ ઈન્ડિયન્સે ટોસ જીતીને પ્રથમ બોલિંગ કરવાનો નિર્ણય લીધો હતો અને ગુજરાત ટાઇટન્સે બેટિંગમાં જોરદાર શરૂઆત કરી હતી. જો કે, અંતિમ ઓવરોમાં વિકેટોની હારમાળા સર્જાઈ, જેમાં સળંગ ત્રણ બોલમાં ત્રણ વિકેટ પડી, પરંતુ કોઈ બોલર હેટ્રિક નોંધાવી શક્યો નહીં.

અમદાવાદના નરેન્દ્ર મોદી સ્ટેડિયમમાં રમાયેલી આ મેચમાં ગુજરાત ટાઇટન્સના કેપ્ટન શુભમન ગિલ અને સાઈ સુદર્શને શાનદાર ઓપનિંગ ભાગીદારી કરી હતી. ગિલના આઉટ થયા બાદ જોસ બટલરે પણ ઝડપી રન બનાવ્યા હતા. ૧૮મી ઓવર સુધી ગુજરાતનો સ્કોર ૧૭૯ રન હતો અને માત્ર ૪ વિકેટ પડી હતી, જેના કારણે ટીમ ૨૦૦ રનનો આંકડો પાર કરે તેવી લાગી રહ્યું હતું. પરંતુ પછી અચાનક વિકેટો પડવાનું શરૂ થયું.

મુંબઈ ઈન્ડિયન્સના બોલરોએ ૧૮મી અને ૧૯મી ઓવરમાં સળંગ ૩ બોલમાં ગુજરાતના ૩ બેટ્સમેનોને આઉટ કર્યા હતા, પરંતુ આશ્ચર્યની વાત એ છે કે કોઈ બોલરને હેટ્રિક મળી ન હતી. આનું કારણ એ હતું કે આ ત્રણ વિકેટ બે અલગ-અલગ ઓવરમાં પડી હતી અને તેમાંથી એક વિકેટ રનઆઉટના રૂપમાં મળી હતી.

વાત એમ હતી કે ૧૮મી ઓવરના છેલ્લા બોલ પર ટ્રેન્ટ બોલ્ટે સાઈ સુદર્શનને કેચ આઉટ કરાવ્યો હતો. ત્યારબાદ ૧૯મી ઓવરની શરૂઆતમાં દીપક ચહરે પ્રથમ બોલ પર નવા બેટ્સમેન રાહુલ તેવટિયાને રનઆઉટ કર્યો હતો. આ જ ઓવરના બીજા બોલ પર દીપક ચહરે શેરફેન રધરફર્ડને પણ કેચ આઉટ કરાવ્યો હતો. આમ, સળંગ ત્રણ બોલમાં ત્રણ વિકેટ પડી હોવા છતાં, બે અલગ-અલગ ઓવર અને એક રનઆઉટના કારણે કોઈ બોલર હેટ્રિકનો દાવો કરી શક્યો નહીં.

ગુજરાત ટાઇટન્સે આ વિકેટો પડવા છતાં ૨૦ ઓવરમાં ૮ વિકેટ ગુમાવીને ૧૯૬ રન બનાવ્યા હતા. ઓપનર સાઈ સુદર્શને ૪૧ બોલમાં ૬૩ રનની શાનદાર ઇનિંગ રમી હતી, જ્યારે કેપ્ટન શુભમન ગિલે ૨૭ બોલમાં ૩૮ અને જોસ બટલરે ૨૪ બોલમાં ૩૯ રનનું મહત્વનું યોગદાન આપ્યું હતું. મુંબઈ ઈન્ડિયન્સ માટે કેપ્ટન હાર્દિક પંડ્યા સૌથી સફળ બોલર રહ્યો હતો, જેણે ૪ ઓવરમાં માત્ર ૨૯ રન આપીને ૨ વિકેટ લીધી હતી. આ અનોખી ઘટનાએ મેચને વધુ રસપ્રદ બનાવી દીધી હતી.",https://gujarati.abplive.com/sports/ipl/mumbai-indians-claim-3-wickets-in-3-balls-against-gujarat-titans-no-hat-trick-in-ipl-2025-934532,3,2025-04-01 18:30:45
,,"Shubman Gill 1000 runs record: ગુજરાત ટાઇટન્સના કેપ્ટન શુભમન ગિલે મુંબઈ ઈન્ડિયન્સ સામેની મેચમાં એક મોટી સિદ્ધિ પોતાના નામે કરી છે. તેણે અમદાવાદના નરેન્દ્ર મોદી સ્ટેડિયમમાં આઈપીએલમાં પોતાના ૧૦૦૦ રન પૂરા કરીને ઈતિહાસ રચ્યો છે. આ સાથે શુભમન ગિલ આ મેદાન પર સૌથી ઝડપી ૧૦૦૦ રન બનાવનાર બીજો બેટ્સમેન અને પ્રથમ ભારતીય ખેલાડી બન્યો છે.

મુંબઈ ઈન્ડિયન્સે ટોસ જીતીને પ્રથમ બોલિંગ કરવાનો નિર્ણય લીધો હતો અને ગુજરાત ટાઇટન્સે પ્રથમ બેટિંગ કરી હતી. ઇનિંગ્સની શરૂઆત કેપ્ટન શુભમન ગિલ અને સાઈ સુદર્શને કરી હતી અને બંનેએ પ્રથમ વિકેટ માટે ૭૮ રનની ભાગીદારી નોંધાવી હતી. ગિલ નવમી ઓવરના ત્રીજા બોલ પર ૩૮ રન બનાવીને આઉટ થયો હતો. તેણે પોતાની ૨૭ બોલની ઇનિંગમાં ૧ સિક્સ અને ૪ ચોગ્ગા ફટકાર્યા હતા. આ ઇનિંગ દરમિયાન જ શુભમન ગિલે નરેન્દ્ર મોદી સ્ટેડિયમમાં આઈપીએલના પોતાના ૧૦૦૦ રન પૂરા કર્યા હતા.

શુભમન ગિલે આ સિદ્ધિ માત્ર ૨૦ ઇનિંગ્સમાં હાંસલ કરી છે. આ સાથે તે આઈપીએલના ઇતિહાસમાં કોઈ એક મેદાન પર સૌથી ઝડપી ૧૦૦૦ રન બનાવનાર બીજો બેટ્સમેન બન્યો છે. આ યાદીમાં પ્રથમ સ્થાને વેસ્ટ ઈન્ડિઝના દિગ્ગજ બેટ્સમેન ક્રિસ ગેલ છે, જેમણે બેંગલુરુના એમ. ચિન્નાસ્વામી સ્ટેડિયમમાં માત્ર ૧૯ ઇનિંગ્સમાં આ આંકડો પાર કર્યો હતો. શુભમન ગિલ પ્રથમ ભારતીય બેટ્સમેન છે જેણે આ સિદ્ધિ મેળવી છે.

નરેન્દ્ર મોદી સ્ટેડિયમમાં શુભમન ગિલનો રેકોર્ડ

ગુજરાત ટાઇટન્સે પોતાની પ્રથમ આઈપીએલ મેચ ૮ એપ્રિલ ૨૦૨૨ના રોજ પોતાના હોમ ગ્રાઉન્ડ નરેન્દ્ર મોદી સ્ટેડિયમમાં રમી હતી. આ મેદાન શુભમન ગિલ માટે ખૂબ જ ભાગ્યશાળી સાબિત થયું છે. અહીં ગુજરાત ટાઇટન્સ તરફથી રમતા ગિલ પોતાની પ્રથમ મેચમાં ભલે શૂન્ય રને આઉટ થયો હતો, પરંતુ ત્યારબાદ તેણે આ મેદાન પર અનેક યાદગાર ઇનિંગ્સ રમી છે. અગાઉ, કોલકાતા નાઈટ રાઈડર્સ (KKR) માટે રમતી વખતે, ગિલે ૨૦૨૧માં અહીં રમાયેલી બે ઇનિંગ્સમાં અનુક્રમે ૯ અને ૪૩ રન બનાવ્યા હતા.

When your plan works to perfection 😌Hardik Pandya wins the captains' battle against Shubman Gill 💪Updates ▶ https://t.co/lDF4SwmX6j #TATAIPL | #GTvMI | @mipaltan | @hardikpandya7 pic.twitter.com/HnkSxFdpFR

૧૫ મે ૨૦૨૩ના રોજ, શુભમન ગિલે નરેન્દ્ર મોદી સ્ટેડિયમમાં પોતાની પ્રથમ આઈપીએલ સદી ફટકારી હતી. તેણે સનરાઇઝર્સ હૈદરાબાદ સામે ૫૮ બોલમાં ૧૦૧ રનની શાનદાર ઇનિંગ રમી હતી. એટલું જ નહીં, ૨૦૨૩માં જ ગિલે આ જ મેદાન પર મુંબઈ ઈન્ડિયન્સ સામે ૧૨૯ રનની વિસ્ફોટક ઇનિંગ પણ રમી હતી. ૨૦૨૪માં પણ ગિલે નરેન્દ્ર મોદી સ્ટેડિયમમાં ચેન્નાઈ સુપર કિંગ્સ સામે સદી (૧૦૪) ફટકારી હતી. શુભમન ગિલે આઈપીએલમાં કુલ ૪ સદી ફટકારી છે, જેમાંથી ૩ સદી તેણે એકલા નરેન્દ્ર મોદી સ્ટેડિયમ પર જ નોંધાવી છે, જે આ મેદાન પર તેની બેટિંગ પ્રભુત્વને દર્શાવે છે. શુભમન ગિલની આ સિદ્ધિ ગુજરાત ટાઇટન્સ અને તેના ચાહકો માટે ખૂબ જ ગર્વની વાત છે.",https://gujarati.abplive.com/sports/ipl/gt-vs-mi-ipl-2025-shubman-gill-achieves-1000-runs-milestone-at-narendra-modi-stadium-934528,3,2025-04-01 18:30:49
,,"Rohit Sharma 450 T20 matches: રોહિત શર્માએ પોતાની T20 કારકિર્દીમાં એક મોટી સિદ્ધિ પોતાના નામે કરી છે. IPL 2025ની 9મી મેચમાં ગુજરાત ટાઇટન્સ સામે રમતા રોહિત શર્મા ૪૫૦ T20 મેચ રમનાર પ્રથમ ભારતીય ખેલાડી બન્યા છે. આ મેચ અમદાવાદના નરેન્દ્ર મોદી સ્ટેડિયમમાં રમાઈ રહી છે, જેમાં મુંબઈ ઈન્ડિયન્સે ટોસ જીતીને પ્રથમ બોલિંગ કરવાનો નિર્ણય લીધો છે અને કેપ્ટન હાર્દિક પંડ્યા પણ ટીમમાં પરત ફર્યા છે.

મુંબઈ ઈન્ડિયન્સ ટીમનો મહત્વનો ભાગ રહેલા રોહિત શર્મા માટે આ મેચ તેમના T20 કરિયરમાં એક યાદગાર ક્ષણ બની ગઈ છે. તેઓ ૪૫૦ T20 મેચ રમનાર પ્રથમ ભારતીય ખેલાડી છે. આ સિદ્ધિ દર્શાવે છે કે રોહિતે આ ફોર્મેટમાં કેટલું લાંબુ અને સફળ કરિયર બનાવ્યું છે. રોહિત શર્મા બાદ સૌથી વધુ T20 મેચ રમનાર ભારતીય ખેલાડી દિનેશ કાર્તિક છે, જેમણે ૪૧૨ મેચ રમી છે. આ યાદીમાં વિરાટ કોહલી ૪૦૧ મેચ સાથે ત્રીજા અને એમએસ ધોની ૩૯૩ મેચો સાથે ચોથા સ્થાને છે.

રોહિત શર્માએ વર્ષ ૨૦૨૪માં ભારતીય ટીમને T20 વર્લ્ડ કપમાં વિજય અપાવ્યા બાદ આંતરરાષ્ટ્રીય ક્રિકેટના આ ફોર્મેટમાંથી સંન્યાસ લઈ લીધો હતો. હવે તેઓ માત્ર IPLમાં જ T20 ફોર્મેટમાં રમતા જોવા મળે છે. વિશ્વ ક્રિકેટમાં સૌથી વધુ T20 મેચ રમવાનો રેકોર્ડ વેસ્ટ ઈન્ડિઝના કિરોન પોલાર્ડના નામે છે, જેમણે કુલ ૬૯૫ મેચ રમી છે. રોહિત શર્મા હવે ૪૫૦ કે તેથી વધુ T20 મેચ રમનાર વિશ્વના ૧૨મા ખેલાડી બન્યા છે, જે ભારતીય ક્રિકેટ માટે ગર્વની વાત છે.

સૌથી વધુ T20 મેચ રમનાર ભારતીય ખેલાડીઓ:

રોહિત શર્મા - ૪૫૦ ટી૨૦ મેચ

દિનેશ કાર્તિક – ૪૧૨ ટી૨૦ મેચ

વિરાટ કોહલી - ૪૦૧ T20 મેચ

એમએસ ધોની - ૩૯૩ ટી૨૦ મેચો

આ મેચમાં મુંબઈ ઈન્ડિયન્સની ટીમ IPL 2025માં પોતાની પ્રથમ જીત મેળવવા માટે ઉત્સુક છે. સિઝનની પ્રથમ મેચમાં તેમને હારનો સામનો કરવો પડ્યો હતો. આ મેચ માટે મુંબઈ ઈન્ડિયન્સની પ્લેઈંગ ઈલેવનમાં બે ફેરફાર કરવામાં આવ્યા છે, જેમાં હાર્દિક પંડ્યાની સાથે મુજીબ ઉર રહેમાનને પણ તક મળી છે. રોહિત શર્માની આ મોટી સિદ્ધિ અને મુંબઈની પ્રથમ જીતની શોધ આ મેચને વધુ રોમાંચક બનાવે છે.",https://gujarati.abplive.com/sports/ipl/rohit-sharma-achieves-450-t20-matches-feat-becomes-first-indian-to-do-so-934503,3,2025-04-01 18:30:53
,,,https://gujarati.abplive.com/photo-gallery/sports/ipl-ipl-2025-stats-nicholas-pooran-kuldeep-yadav-noor-ahmad-shine-in-key-metrics-934491,3,2025-04-01 18:30:55
,,"CSK 100 IPL losses record: ચેન્નાઈ સુપર કિંગ્સ (CSK), જે IPLની સૌથી સફળ ટીમોમાંની એક ગણાય છે, તેણે શુક્રવારે રોયલ ચેલેન્જર્સ બેંગ્લોર (RCB) સામેની ૫૦ રનની હાર બાદ એક અનિચ્છનીય યાદીમાં પોતાનું નામ નોંધાવ્યું છે. આ હાર સાથે CSK IPLના ઇતિહાસમાં ૧૦૦ મેચ હારનારી ૭મી ટીમ બની ગઈ છે.

CSKને પોતાના હોમ ગ્રાઉન્ડ એમએ ચિદમ્બરમ સ્ટેડિયમમાં ૧૭ વર્ષ બાદ RCB સામે હારનો સામનો કરવો પડ્યો હતો. આ મેચમાં RCBએ પ્રથમ બેટિંગ કરીને ૨૦ ઓવરમાં ૧૯૬ રન બનાવ્યા હતા, જેના જવાબમાં CSKની ટીમ ૨૦ ઓવરમાં ૮ વિકેટ ગુમાવીને માત્ર ૧૪૬ રન જ બનાવી શકી હતી. આ હાર માત્ર CSK માટે શરમજનક જ નથી, પરંતુ રનના માર્જિનની દૃષ્ટિએ IPLના ઇતિહાસમાં તેમની ત્રીજી સૌથી મોટી હાર પણ છે.

IPLના ઇતિહાસમાં સૌથી વધુ મેચો હારવાનો રેકોર્ડ દિલ્હી કેપિટલ્સના નામે છે, જેણે કુલ ૧૩૫ મેચોમાં પરાજયનો સામનો કર્યો છે. હવે CSK પણ ૧૦૦ મેચ હારનારી ટીમોના ક્લબમાં જોડાઈ ગઈ છે. અત્યાર સુધીમાં ચેન્નાઈ સુપર કિંગ્સે IPLમાં કુલ ૨૪૧ મેચ રમી છે, જેમાંથી તેમણે ૧૩૯ મેચ જીતી છે, જ્યારે ૧૦૦ મેચમાં તેમને હારનો સામનો કરવો પડ્યો છે. રનના માર્જિનથી CSKની સૌથી મોટી હાર ૨૦૧૩ની IPL સિઝનમાં મુંબઈ ઇન્ડિયન્સ સામે વાનખેડે સ્ટેડિયમમાં ૬૦ રનની હતી.

CSKએ IPLની ૧૮મી સિઝનની શરૂઆત મુંબઈ ઇન્ડિયન્સ સામે ૪ વિકેટથી જીત સાથે કરી હતી, જેના કારણે ચાહકોને RCB સામે પણ સારા પ્રદર્શનની અપેક્ષા હતી. જો કે, પ્રથમ બોલરો અને પછી બેટ્સમેનોએ નિરાશ કર્યા હતા. RCB સામેની હારની અસર CSKના નેટ રન રેટ પર પણ પડી છે, જે હવે બે મેચમાં એક જીત અને એક હાર બાદ -૧.૦૧૩ થઈ ગયો છે. આમ, એક તરફ RCBએ ૧૭ વર્ષ બાદ ચેપોકમાં જીત મેળવીને ઇતિહાસ રચ્યો, તો બીજી તરફ CSKએ ૧૦૦ મેચ હારનારી ટીમોની યાદીમાં જોડાઈને એક અનિચ્છનીય રેકોર્ડ પોતાના નામે કર્યો છે.

નોંધનીય છે કે, રોયલ ચેલેન્જર્સ બેંગ્લોરે ચેન્નાઈ સુપર કિંગ્સને તેમના જ ઘરઆંગણે હરાવીને એક અવિશ્વસનીય જીત મેળવી હતી. ચેપોકના એમ. એ. ચિદમ્બરમ સ્ટેડિયમમાં રમાયેલી IPL 2025ની આ મેચમાં RCBએ CSKને ૫૦ રનથી પરાજય આપ્યો હતો. આ જીત એટલા માટે પણ ખાસ છે કારણ કે RCBએ ૧૭ વર્ષ પછી ચેન્નાઈના આ ગઢમાં વિજય મેળવ્યો હતો.",https://gujarati.abplive.com/sports/ipl/ipl-2025-chennai-super-kings-registers-100th-ipl-loss-joins-unwanted-elite-list-934484,3,2025-04-01 18:30:58
,,"Virat Kohli Khaleel Ahmed viral video: રોયલ ચેલેન્જર્સ બેંગ્લોર અને ચેન્નાઈ સુપર કિંગ્સ વચ્ચે રમાયેલી મેચ બાદ એક વીડિયો સોશિયલ મીડિયા પર ખૂબ જ વાયરલ થઈ રહ્યો છે. આ વીડિયોમાં વિરાટ કોહલી CSKના એક ખેલાડી પર ગુસ્સે થતો જોવા મળી રહ્યો છે.

IPL 2025માં સતત બીજી જીત નોંધાવનારી રોયલ ચેલેન્જર્સ બેંગ્લોરની ટીમ 28 માર્ચે CSK સામે 50 રનથી જીતી હતી. જો કે, આ મેચમાં વિરાટ કોહલી રન બનાવવા માટે થોડો સંઘર્ષ કરતો જોવા મળ્યો હતો અને મોટી ઇનિંગ્સ રમી શક્યો નહોતો. આ દરમિયાન, સોશિયલ મીડિયા પર એક વીડિયો ઝડપથી ફેલાઈ રહ્યો છે, જે આ મેચ પછીનો હોવાનું કહેવાય છે. વીડિયોમાં વિરાટ કોહલી CSKના ખેલાડી પર ગુસ્સામાં કંઈક કહેતો દેખાઈ રહ્યો છે.

વાયરલ થયેલા વીડિયોમાં ચેન્નાઈ સુપર કિંગ્સનો ફાસ્ટ બોલર ખલીલ અહેમદ વિરાટ કોહલી સાથે જોવા મળી રહ્યો છે. વીડિયોમાં સ્પષ્ટપણે જોઈ શકાય છે કે વિરાટ કોહલી મેચ પૂરી થયા બાદ રવિન્દ્ર જાડેજા સાથે ઊભો છે અને હસી-મજાક કરી રહ્યો છે. તેવામાં ખલીલ અહેમદ તેની પાસે આવે છે. પરંતુ ખલીલને જોતાં જ વિરાટ કોહલી ગુસ્સામાં કંઈક બોલતો જોવા મળે છે, જ્યારે ખલીલ અહેમદ શાંતિથી તેની વાત સાંભળી રહ્યો છે. નોંધનીય છે કે મેચ દરમિયાન પણ આ બંને ખેલાડીઓ વચ્ચે થોડી ગરમાગરમી જોવા મળી હતી.

Virat be lyk - next match chinnaswamy lo kanpadra nuvu kodaka .. 😂😂Khaleel ahmed gadiki pant jaripodi odiley pic.twitter.com/MmphDbCUra

હકીકતમાં, મેચ દરમિયાન વિરાટ કોહલી ખલીલ અહેમદની બોલિંગ સામે થોડો મુશ્કેલીમાં દેખાયો હતો અને પહેલા જ બોલ પર આઉટ થતાં માંડ બચ્યો હતો. તે જ ઓવરના ત્રીજા બોલ પર ખલીલે બાઉન્સર ફેંક્યો હતો, જેને કોહલીએ પુલ કરવાનો પ્રયાસ કર્યો હતો, પરંતુ બોલ બેટ સાથે અથડાયો નહોતો. આ પછી, ખલીલ બોલિંગ પૂરી કરીને કોહલીની ખૂબ જ નજીક આવી ગયો હતો અને લાંબા સમય સુધી તેની સામે જોઈ રહ્યો હતો. જેના જવાબમાં વિરાટે પણ ખલીલ સામે ગુસ્સાથી જોયું હતું. ચાહકો માની રહ્યા છે કે વિરાટ મેચ પછી આ ઘટના વિશે ખલીલને જણાવી રહ્યો હતો.

વિરાટ કોહલી માટે આ મેચ ખાસ રહી નહોતી. તેણે 30 બોલમાં માત્ર 31 રન બનાવ્યા હતા, જેમાં બે ચોગ્ગા અને એક છગ્ગાનો સમાવેશ થાય છે. જો કે, સિઝનની પ્રથમ મેચમાં તેણે KKR સામે અણનમ અડધી સદી ફટકારીને ટીમને જીત અપાવી હતી. હાલમાં આ વીડિયો સોશિયલ મીડિયા પર ખૂબ જ વાયરલ થઈ રહ્યો છે અને લોકો તેના પર પોતાની પ્રતિક્રિયાઓ આપી રહ્યા છે.",https://gujarati.abplive.com/sports/ipl/ipl-2025-virat-kohli-khaleel-ahmed-s-heated-moment-goes-viral-in-csk-vs-rcb-934481,3,2025-04-01 18:31:04
,,"Gujarat Titans vs Mumbai Indians Match Preview: IPL 2025માં આજે ગુજરાત ટાઇટન્સ અને મુંબઈ ઈન્ડિયન્સની ટીમો સામસામે ટકરાશે. મતલબ કે હાર્દિક પંડ્યા અને શુભમન ગિલ વચ્ચે ટક્કર થશે. આ મેચમાં હાર્દિક પંડ્યા એક્શનમાં જોવા મળશે. પ્રતિબંધના કારણે તે પ્રથમ મેચ રમી શક્યો ન હતો. ગુજરાત અને મુંબઈ વચ્ચેની આ મેચ અમદાવાદના નરેન્દ્ર મોદી સ્ટેડિયમમાં રમાશે. મેચનો ટોસ સાંજે સાત વાગ્યે થશે જ્યારે મેચની શરુઆત સાંજે 7.30 વાગ્યે થશે.  ગુજરાત ટાઈટન્સ અને મુંબઈ ઈન્ડિયન્સ વચ્ચેના આ મુકાબલાને લઈ ક્રિકેટપ્રેમીઓ પણ આતુરતાથી રાહ જોઈ રહ્યા છે.

IPL 2025ની પ્રથમ મેચમાં ગુજરાત અને મુંબઈને હારનો સામનો કરવો પડ્યો હતો. ચેન્નાઈએ મુંબઈના ચેપોકમાં હારનો સામનો કરવો પડ્યો હતો. ગુજરાતને ઘરઆંગણે પંજાબ કિંગ્સ સામે હારનો સામનો કરવો પડ્યો હતો. આજે બેમાંથી એક ટીમની જીતનું ખાતું ખુલશે.

નરેન્દ્ર મોદી સ્ટેડિયમ પીચ રિપોર્ટ

અમદાવાદના નરેન્દ્ર મોદી સ્ટેડિયમની પીચની વાત કરીએ તો તે બેટ્સમેનોને મદદરૂપ થશે. અહીં આ સિઝનની પ્રથમ મેચમાં પંજાબ કિંગ્સે 243 રન બનાવ્યા હતા. આ પછી ગુજરાતને માત્ર 11 રનથી હારનો સામનો કરવો પડ્યો હતો. ગુજરાત અને મુંબઈ વચ્ચેની મેચમાં પણ ચોગ્ગા-છગ્ગાનો વરસાદ થઈ શકે છે. ફરી એકવાર અહીં હાઈ સ્કોરિંગ મેચ જોવા મળી શકે છે.

મેચ પ્રિડિક્શન

અમારું મેચ પ્રિડિક્શન મીટર કહી રહ્યું છે કે આ મેચમાં મુંબઈ ઈન્ડિયન્સનો હાથ ઉપર છે. બંને ટીમો વચ્ચેના હેડ  ટુ હેડની વાત કરીએ તો ગુજરાતની ટીમ 3-2થી આગળ છે. ગુજરાતની ટીમ ભલે ઘરઆંગણે રમી રહી હોય, પરંતુ આ સિઝનમાં મુંબઈની ટીમ એકદમ ભરચક દેખાઈ રહી છે. ટાર્ગેટનો પીછો કરતી ટીમની જીતવાની વધુ તકો હોય છે.

ગુજરાત ટાઇટન્સની સંભવિત પ્લેઇંગ ઇલેવન- શુભમન ગિલ (કેપ્ટન), જોસ બટલર, સાઇ સુદર્શન, શાહરૂખ ખાન, શરફાન રધરફર્ડ, વોશિંગ્ટન સુંદર, રાહુલ તેવટિયા, રાશિદ ખાન, આર સાઇ કિશોર, કાગીસો રબાડા, પ્રસિદ્ધ ક્રિષ્ણા

ઈમ્પેક્ટ પ્લેયર- મોહમ્મદ સિરાજ

મુંબઈ ઈન્ડિયન્સના સંભવિત પ્લેઈંગ ઈલેવન - રેયાન રિકલ્ટન (વિકેટકીપર), રોહિત શર્મા, વિલ જેક્સ, સૂર્યકુમાર યાદવ, તિલક વર્મા, હાર્દિક પંડ્યા (કેપ્ટન), નમન ધીર, મિશેલ સેન્ટનર, દીપક ચહર, ટ્રેન્ટ બોલ્ટ અને સત્યનારાયણ રાજુ.

ઈમ્પેક્ટ પ્લેયર- વિગ્નેશ પુથુર",https://gujarati.abplive.com/sports/ipl/gujarat-titans-vs-mumbai-indians-playing-11-hardik-pandya-narendra-modi-stadium-pitch-report-gt-vs-mi-match-prediction-ipl-2025-934479,3,2025-04-01 18:31:07
,,"Virat Kohli Dance RCB dressing room: 28 માર્ચે રમાયેલી IPL 2025ની 9મી મેચમાં રોયલ્સ ચેલેન્જર્સ બેંગ્લોરે ચેન્નાઈ સુપર કિંગ્સને 50 રનથી હરાવ્યું હતું. આ સાથે RCBએ 17 વર્ષ બાદ ચેન્નાઈને ઘરઆંગણે હરાવ્યું. છેલ્લી વખત બેંગલુરુએ ચેન્નાઈને 2008માં 14 રનના માર્જિનથી હરાવ્યું હતું. પરંતુ હવે લાંબા સમય બાદ ચેપોક સ્ટેડિયમમાં આરસીબીનો દબદબો જોવા મળ્યો. પ્રથમ બેટિંગ કરતા RCBએ 20 ઓવરમાં સ્કોર બોર્ડ પર 196 રન બનાવ્યા હતા. રજત પાટીદારે કેપ્ટનશીપમાં 51 રનની ઇનિંગ રમી હતી. ટીમ ડેવિડે પણ મજબૂત ફિનિશિંગ આપ્યું.  બોલિંગમાં જોશ હેઝલવુડે પણ ત્રણ વિકેટ ઝડપી હતી. આ જીત બાદ વિરાટ કોહલીની ખુશીની કોઈ સીમા ન રહી. તે ડ્રેસિંગ રૂમમાં ડાન્સ કરતો જોવા મળ્યો હતો.

A post shared by Royal Challengers Bengaluru (@royalchallengers.bengaluru)

ચેન્નાઈ સુપર કિંગ્સને 17 વર્ષ બાદ હરાવીને કોહલીનો ડાન્સ

વાસ્તવમાં ચેન્નાઈને ચેપોકમાં 17 વર્ષ બાદ હરાવ્યા બાદ બેંગલુરુના પૂર્વ કેપ્ટન વિરાટ કોહલી ઘણા ખુશ દેખાઈ રહ્યા હતા. મેચ પૂરી થયા બાદ કિંગ કોહલીએ ડ્રેસિંગ રૂમમાં ડાન્સ પણ કર્યો હતો, જેનો વીડિયો ટીમે તેના ઓફિશિયલ ઈન્સ્ટાગ્રામ હેન્ડલ પર પોસ્ટ કર્યો હતો. વિરાટ અન્ય ખેલાડીઓ સાથે પણ ખૂબ મસ્તી કરતો જોવા મળે છે. તેની ડાન્સિંગ સ્ટાઈલ જોઈને ટીમના બાકીના ખેલાડીઓ પણ ખૂબ એન્જોય કરતા જોવા મળે છે. 2008માં જ્યારે RCBએ CSKને હરાવ્યું ત્યારે વિરાટ ટીમમાં હાજર હતો. આજે 18મી સિઝનમાં પણ તે એ જ ટીમ સાથે ઉભો છે.

બેંગલુરુએ એકતરફી મેચમાં ચેન્નાઈને 50 રનથી હરાવ્યું

ચેન્નાઈ અને બેંગલુરુ વચ્ચે રમાયેલી આ મેચના સ્કોર કાર્ડ પર નજર કરીએ તો RCBની ટીમે ટોસ હાર્યા બાદ પ્રથમ બેટિંગ કરતા 20 ઓવરમાં 6 વિકેટ ગુમાવીને 196 રન બનાવ્યા હતા. તેની તરફથી રજત પાટીદારે સૌથી વધુ 51 રનની અડધી સદીની ઇનિંગ રમી હતી. જવાબમાં 197 રનના લક્ષ્યાંકનો પીછો કરવા ઉતરેલી CSKની ટીમ 20 ઓવરમાં 9 વિકેટ ગુમાવીને 146 રન જ બનાવી શકી હતી. રચિન રવિન્દ્રએ બેટિંગમાં 41 રનનું યોગદાન આપ્યું હતું, પરંતુ તેનું કોઈ પરિણામ આવ્યું ન હતું અને ટીમને 50 રનના વિશાળ અંતરથી હારનો સામનો કરવો પડ્યો હતો.

RCB IPL 2025 પોઈન્ટ ટેબલમાં નંબર 1 પર

રોયલ ચેલેન્જર્સ બેંગ્લોરની ટીમ આ નવી સિઝનમાં ખૂબ જ જોરદાર પ્રદર્શન કરતી જોવા મળી રહી છે. અત્યાર સુધી રમાયેલી બંને મેચોમાં રજત પાટીદારની આગેવાની હેઠળની આરસીબીએ લગભગ એક તરફ જીત મેળવી છે. ઓપનિંગ મેચમાં કોલકાતા નાઈટ રાઈડર્સને હરાવ્યું, પછી બીજી મેચમાં ચેન્નાઈ સુપર કિંગ્સને મોટા અંતરથી હરાવ્યું. RCB અત્યારે પોઈન્ટ ટેબલમાં નંબર 1 પર છે. ટીમનો નેટ રન રેટ પણ +2.266 છે. ટીમની બેટિંગ, બોલિંગ અને ફિલ્ડિંગ એકદમ ચપળ દેખાય છે. ટીમમાં નવા ફેરફારે અલગ જ રંગ આપ્યો છે.",https://gujarati.abplive.com/sports/ipl/virat-kohli-dance-video-in-rcb-dressing-room-after-defeat-csk-after-17-years-in-chepauk-934473,3,2025-04-01 18:31:10
,,"BCCI Meeting Central Contract 2025: તાજેતરમાં BCCI સેન્ટ્રલ કોન્ટ્રાક્ટનો વિષય ચર્ચામાં રહ્યો છે. સેન્ટ્રલ કોન્ટ્રાક્ટ લિસ્ટને લઈને 29 માર્ચે ગુવાહાટીમાં બીસીસીઆઈના અધિકારીઓની બેઠક યોજાવાની હતી. હવે એક મીડિયા રિપોર્ટમાં ખુલાસો થયો છે કે બેઠક હાલ પુરતી મુલતવી રાખવામાં આવી છે. આ બેઠકમાં ભારતીય ક્રિકેટ ટીમના ભવિષ્ય અંગે ચર્ચા થશે તેવી અટકળો ચાલી રહી હતી. હાલમાં, મીટિંગની નવી તારીખને લઈને કોઈ અપડેટ આવ્યું નથી.

ઈન્ડિયા ટુડેમાં પ્રસિદ્ધ થયેલા અહેવાલ મુજબ, બીસીસીઆઈના અધિકારીઓ સેન્ટ્રલ કોન્ટ્રાક્ટ લિસ્ટને લઈને ગૌતમ ગંભીર અને અજીત અગરકરને મળવા જઈ રહ્યા હતા. આ બેઠકમાં ટીમ ઈન્ડિયાના ટેસ્ટ કેપ્ટન વિશે ચર્ચા થવાની આશા હતી. તમને જણાવી દઈએ કે હાલમાં ટેસ્ટ ટીમના કેપ્ટન રોહિત શર્મા છે. આ રિપોર્ટ અનુસાર વિરાટ કોહલી, રોહિત શર્મા, જસપ્રિત બુમરાહ અને રવિન્દ્ર જાડેજા સેન્ટ્રલ કોન્ટ્રાક્ટ લિસ્ટમાં A+ કેટેગરીમાં રહેશે. પરંતુ રોહિત શર્માની ટેસ્ટ કારકિર્દી પર મુશ્કેલીના વાદળો ઘેરાવા લાગ્યા છે.

વિરાટ કોહલી ઈંગ્લેન્ડ સામે ટેસ્ટ સિરીઝ રમશે

વિરાટ કોહલીએ ટેસ્ટ ક્રિકેટમાં પોતાના ભવિષ્યને લઈને પસંદગીકારોનો સંપર્ક કર્યો હતો. કોહલી માટે ઈંગ્લેન્ડ પ્રવાસ ઘણો મહત્વનો હોઈ શકે છે, જેમાં સફળતા અને નિષ્ફળતા તેના ભવિષ્યની દિશા નક્કી કરી શકે છે. એવી આશા પણ વ્યક્ત કરવામાં આવી હતી કે ગયા વર્ષે ડોમેસ્ટિક ક્રિકેટ ન રમવાના કારણે લિસ્ટમાંથી બહાર થઈ ગયેલા શ્રેયસ અય્યર સેન્ટ્રલ કોન્ટ્રાક્ટ લિસ્ટમાં પરત ફરી શકે છે.

ઈંગ્લેન્ડ પ્રવાસ અંગે પણ ચર્ચા થવાની હતી

IPL 2025 ના સમાપનના થોડા અઠવાડિયા પછી, ભારતીય ક્રિકેટ ટીમને ઇંગ્લેન્ડની મુલાકાત લેવાની છે, જ્યાં તેણે પાંચ ટેસ્ટ મેચોની શ્રેણી રમવાની છે. સેન્ટ્રલ કોન્ટ્રાક્ટ લિસ્ટ સિવાય બીસીસીઆઈની બેઠકમાં ઈંગ્લેન્ડ પ્રવાસ પર જઈ રહેલા ભારતીય ખેલાડીઓ અંગે પણ ચર્ચા થઈ શકે છે.

જો મીડિયા રિપોર્ટ્સનું માનીએ તો BCCI દ્વારા ખેલાડીઓની આગામી સેન્ટ્રલ કોન્ટ્રાક્ટ લિસ્ટ ટૂંક સમયમાં જાહેર કરવામાં આવી શકે છે. એવી અપેક્ષા રાખવામાં આવે છે કે યુવા સ્ટાર બેટ્સમેન શ્રેયસ અય્યર, જે ગત વખતે બીસીસીઆઈના સેન્ટ્રલ કોન્ટ્રાક્ટની યાદીમાંથી બહાર રહી ગયો હતો, તે ફરીથી વાપસી કરી શકે છે. પરંતુ હજુ પણ ઈશાન કિશનને લઈને શંકા છે.",https://gujarati.abplive.com/sports/cricket/bcci-meeting-postponed-regarding-central-contract-list-2025-during-ipl-2025-934468,3,2025-04-01 18:31:13
,,"Ravindra Jadeja IPL 2025 record: ચેન્નાઈ સુપર કિંગ્સ ભલે રોયલ ચેલેન્જર્સ બેંગ્લોર સામેની મેચમાં ૫૦ રનથી હારી ગયું હોય, પરંતુ ટીમના સ્ટાર ઓલરાઉન્ડર રવિન્દ્ર જાડેજાએ આ મેચમાં એક મોટી અને ઐતિહાસિક સિદ્ધિ પોતાના નામે કરી છે. જાડેજા IPLના ઈતિહાસમાં ૩૦૦૦ રન બનાવનાર અને ૧૫૦થી વધુ વિકેટ લેનાર પ્રથમ ખેલાડી બની ગયા છે.

IPLની ૧૮મી સીઝનમાં રવિન્દ્ર જાડેજાનું પ્રદર્શન બેટ અને બોલ બંનેથી શાનદાર રહ્યું છે. RCB સામેની આ મેચમાં જાડેજાએ બેટિંગમાં ૨૫ રન બનાવ્યા હતા અને આ સાથે જ તેમણે પોતાની IPL કરિયરમાં ૩૦૦૦ રનનો આંકડો પાર કરી લીધો હતો. આ સિદ્ધિની સાથે જાડેજાએ IPLમાં એક ખાસ રેકોર્ડ પોતાના નામે કર્યો છે, જે આ T20 લીગના ૧૮ વર્ષના ઈતિહાસમાં આ પહેલા કોઈ ખેલાડી હાંસલ કરી શક્યો નહોતો.

રવિન્દ્ર જાડેજાએ IPLમાં અત્યાર સુધીમાં કુલ ૨૪૨ મેચ રમી છે, જેમાં તેમને ૧૮૬ ઇનિંગ્સમાં બેટિંગ કરવાનો મોકો મળ્યો છે અને આમાં તેમણે ૨૭.૨૮ની સરેરાશથી ૩૦૦૧ રન બનાવ્યા છે. IPLમાં જાડેજાના નામે ત્રણ અડધી સદીની ઇનિંગ્સ પણ નોંધાયેલી છે.

જો રવિન્દ્ર જાડેજાના બોલિંગ પ્રદર્શન પર નજર કરીએ તો તે પણ અતિ પ્રભાવશાળી રહ્યું છે. તેમણે ૨૪૨ મેચની ૨૧૩ ઇનિંગ્સમાં બોલિંગ કરીને ૩૦.૭૬ની સરેરાશથી ૧૬૦ વિકેટ ઝડપી છે. આ દરમિયાન તેમનું સર્વશ્રેષ્ઠ બોલિંગ પ્રદર્શન ૧૬ રનમાં ૫ વિકેટ રહ્યું છે. IPLમાં બોલ સાથે જાડેજાનો ઈકોનોમી રેટ ૭.૬૪ રહ્યો છે. હાલમાં રવિન્દ્ર જાડેજાની ગણતરી વિશ્વ ક્રિકેટના શ્રેષ્ઠ ઓલરાઉન્ડર ખેલાડીઓમાં થાય છે અને આ નવી સિદ્ધિ તેમના નામે વધુ એક મોરપીંછ ઉમેરે છે.

ઈન્ડિયન પ્રીમિયર લીગ (IPL)ના ઈતિહાસમાં ઘણા ખેલાડીઓએ બેટ અને બોલ બંનેથી શાનદાર પ્રદર્શન કર્યું છે, પરંતુ રવિન્દ્ર જાડેજા એકમાત્ર એવા ખેલાડી છે જેમણે ૩૦૦૦ રન બનાવવાની સાથે ૧૦૦ વિકેટ પણ પોતાના નામે કરી છે. આ સિદ્ધિ IPLના ૧૮ વર્ષના ઈતિહાસમાં અન્ય કોઈ ખેલાડી હાંસલ કરી શક્યો નથી.

ભલે IPLમાં કેટલાક એવા ખેલાડીઓ રહ્યા હોય જેમણે બેટિંગ અને બોલિંગ બંને વિભાગમાં સારું પ્રદર્શન કર્યું હોય, પરંતુ ૩૦૦૦ રન અને ૧૦૦ વિકેટ બંનેનો આંકડો પાર કરવામાં જાડેજાએ એક અનોખું સ્થાન બનાવ્યું છે. આ સિદ્ધિ તેમને IPLના સૌથી સફળ ઓલરાઉન્ડર્સમાંના એક તરીકે સ્થાપિત કરે છે.

ઉલ્લેખનીય છે કે IPLમાં સૌથી વધુ રન બનાવવાનો રેકોર્ડ વિરાટ કોહલીના નામે છે. તેમણે અત્યાર સુધીમાં ૨૫૪ મેચમાં ૮,૦૯૪ રન બનાવ્યા છે. કોહલી બેટિંગમાં ટોચ પર છે, તો જાડેજા ઓલરાઉન્ડ પ્રદર્શનમાં સૌથી આગળ છે. આ આંકડાઓ દર્શાવે છે કે રવિન્દ્ર જાડેજા IPLમાં એક દુર્લભ અને મૂલ્યવાન ખેલાડી છે.",https://gujarati.abplive.com/sports/ipl/historic-feat-ravindra-jadeja-achieves-3000-plus-runs-and-150-plus-wickets-in-ipl-934467,3,2025-04-01 18:31:24
,,"CSK coach Stephen Fleming pitch reaction: રોયલ ચેલેન્જર્સ બેંગ્લોર સામે ઘરઆંગણે મળેલી કારમી હાર બાદ ચેન્નાઈ સુપર કિંગ્સના મુખ્ય કોચ સ્ટીફન ફ્લેમિંગે એક વિચિત્ર નિવેદન આપ્યું છે. તેમણે હારનું કારણ જણાવતા જે બહાનું કાઢ્યું છે તે સોશિયલ મીડિયા પર ચર્ચાનો વિષય બન્યું છે.

IPL 2025ની બીજી મેચમાં ચેન્નાઈ સુપર કિંગ્સે રોયલ ચેલેન્જર્સ બેંગ્લોર સામે ૫૦ રને પરાજયનો સામનો કરવો પડ્યો હતો. આ મેચમાં CSKનું બેટિંગ પ્રદર્શન સાધારણ રહ્યું હતું અને ટીમનો ધબડકો થયો હતો. ઘરઆંગણે CSKની આ સૌથી મોટી હાર હતી. મેચ બાદ ટીમના કેપ્ટન રુતુરાજ ગાયકવાડે ખરાબ ફિલ્ડિંગને હારનું કારણ ગણાવ્યું હતું, પરંતુ કોચ સ્ટીફન ફ્લેમિંગે અલગ જ વાત કહી છે.

મેચ બાદ પ્રેસ કોન્ફરન્સમાં સ્ટીફન ફ્લેમિંગે જણાવ્યું હતું કે તેઓ ચેપોકની પીચને સમજી શક્યા નથી. તેમણે કહ્યું કે છેલ્લા કેટલાક વર્ષોથી CSK ચેપોકની પીચને વાંચવામાં સફળ રહી નથી. ઉલ્લેખનીય છે કે ચેપોકની પીચ સામાન્ય રીતે સ્પિન બોલરો માટે મદદરૂપ માનવામાં આવે છે, પરંતુ આ વખતે પરિસ્થિતિ કંઈક અલગ જોવા મળી હતી. આ મેચમાં સ્પિનરો કરતાં ફાસ્ટ બોલરોને વધુ મદદ મળી રહી હતી, જેનો RCBના ફાસ્ટ બોલરોએ ભરપૂર ફાયદો ઉઠાવ્યો હતો, જ્યારે CSK પાસે વધુ સ્પિન બોલરો છે.

ફ્લેમિંગે કહ્યું, ""અમે તમને ઘણા વર્ષોથી કહી રહ્યા છીએ કે ચેપોકમાં હોમ ગ્રાઉન્ડ પર રમવાનો કોઈ ફાયદો નથી. અમે ઘણી વખત ઘરથી દૂર જીત્યા છીએ અને અમે આ પીચ વાંચી શક્યા નથી. અમે તમારી સાથે ખૂબ જ પ્રમાણિક છીએ. છેલ્લા કેટલાક વર્ષોમાં અમે અહીં વિકેટ વાંચી શક્યા નથી. તેથી, આ કંઈ નવું નથી. અમે દરરોજ જે મળે છે તેની સાથે વ્યવહાર કરવાનો પ્રયાસ કરી રહ્યા છીએ અને અમને ખબર નથી.""

સ્ટીફન ફ્લેમિંગે વધુમાં જણાવ્યું કે, ""આ જૂનું ચેપોક નથી, જ્યાં તમે જઈને ચાર સ્પિનરો રમાડી શકો. અમારે દરેક પીચની પ્રકૃતિને સમજવા માટે ખરેખર સખત મહેનત કરવી પડશે અને તે તદ્દન અલગ છે."" બીજી તરફ, ફ્લેમિંગને આશા હતી કે ઝાકળ તેમને લક્ષ્ય હાંસલ કરવામાં મદદ કરશે, પરંતુ બીજી ઇનિંગ્સમાં પીચ વધુ ધીમી બની ગઈ, જેના કારણે લક્ષ્ય મુશ્કેલ બન્યું. તેમણે કહ્યું, ""ના, અમે તેને બરાબર સમજી શક્યા નથી. તે વાંચવું ખૂબ જ મુશ્કેલ છે, પરંતુ અમે વિચાર્યું હતું કે ઝાકળના કારણે બોલ સરકશે, પરંતુ વાસ્તવમાં તે થોડું ચીકણું થઈ ગયું. તેથી તે ચોક્કસપણે લક્ષ્યને મુશ્કેલ બનાવ્યું.""",https://gujarati.abplive.com/sports/ipl/ipl-2025-stephen-fleming-says-csk-struggled-to-read-chepauk-pitch-against-rcb-934463,3,2025-04-01 18:31:29
,,"Virender Sehwag On MS Dhoni: ચેન્નાઈ સુપર કિંગ્સને રોયલ ચેલેન્જર્સ બેંગ્લોર સામે હારનો સામનો કરવો પડ્યો હતો. રોયલ ચેલેન્જર્સ બેંગ્લોર (RCB) એ ચેન્નાઈ સુપર કિંગ્સ (CSK) ને 50 રનથી હરાવ્યું. આ મેચમાં ચેન્નાઈ સુપર કિંગ્સના ખેલાડી મહેન્દ્ર સિંહ ધોની નવમા નંબર પર બેટિંગ કરવા આવ્યો હતો. જે બાદ ઈરફાન પઠાણ, રોબિન ઉથપ્પા અને આકાશ ચોપરા જેવા પૂર્વ ક્રિકેટરોએ આ નિર્ણયની ટીકા કરી હતી. હવે પૂર્વ ભારતીય ક્રિકેટર વિરેન્દ્ર સેહવાગે એમએસ ધોની પર સવાલ ઉઠાવ્યા છે.

એમએસ ધોની પર વીરેન્દ્ર સેહવાગે શું કહ્યું ?

વાસ્તવમાં, વિરેન્દ્ર સેહવાગ ક્રિકબઝ પર પોતાનો અભિપ્રાય આપી રહ્યો હતો. તેણે કહ્યું, 'તમે વહેલા આવી ગયા ને?' આ પછી ત્યાં હાજર બધા હસવા લાગ્યા. ભૂતપૂર્વ ભારતીય ક્રિકેટરે કહ્યું કે 'જ્યારે તે આવ્યો ત્યારે 16 ઓવર થઈ ચૂકી હતી. સામાન્ય રીતે તે 19મી કે 20મી ઓવરમાં આવે છે. તમે વહેલા આવ્યા, ખરું ને? કાં તો તેઓ વહેલા આવ્યા અથવા તેમના બેટ્સમેનોએ વહેલી વિકેટ ગુમાવી દીધી. હવે વીરેન્દ્ર સેહવાગનો વીડિયો સોશિયલ મીડિયા પર ઝડપથી વાયરલ થઈ રહ્યો છે. આ સિવાય સોશિયલ મીડિયા યુઝર્સ સતત કોમેન્ટ કરીને પોતાનો પ્રતિભાવ આપી રહ્યા છે.

Sehwag cooked Dhoni 😭😭pic.twitter.com/OCPEc4w0Lt

ચેપોકમાં સીએસકે પ્રથમ વખત આરસીબી સામે હારી હતી

આ પહેલા શુક્રવારે રોયલ ચેલેન્જર્સ બેંગ્લોરે ચેન્નાઈ સુપર કિંગ્સને 50 રનથી હરાવ્યું હતું. પ્રથમ બેટિંગ કરવા આવેલી રોયલ ચેલેન્જર્સ બેંગ્લોરે 20 ઓવરમાં 7 વિકેટે 197 રન બનાવ્યા હતા. રોયલ ચેલેન્જર્સ બેંગ્લોર માટે કેપ્ટન રજત પાટીદારે 32 બોલમાં સૌથી વધુ 51 રન બનાવ્યા હતા. આ સિવાય ફિલ સોલ્ટે 16 બોલમાં 32 રનની ઇનિંગ રમી હતી. ચેન્નાઈ સુપર કિંગ્સ તરફથી નૂર અહેમદે સૌથી વધુ 3 વિકેટ લીધી હતી. રોયલ ચેલેન્જર્સ બેંગ્લોરના 197 રનના જવાબમાં બેટિંગ કરવા આવેલી ચેન્નાઈ સુપર કિંગ્સ 20 ઓવરમાં 8 વિકેટે 146 રન જ બનાવી શકી હતી. આ રીતે રોયલ ચેલેન્જર્સ બેંગ્લોરે 50 રનથી મોટી જીત નોંધાવી હતી.

એમએસ ધોનીએ મોટી ભૂલ કરી

જિયો હોટસ્ટાર પર વાત કરતા શેન વોટસને કહ્યું, ""CSK ચાહકો ખરેખર ધોનીને 16 બોલમાં 30 રન બનાવતા જોવા આવે છે. મને વ્યક્તિગત રીતે તેને ઉપરના ક્રમમાં બેટિંગ કરતો જોવાનું ગમ્યું હોત. મારું માનવું છે કે તેણે રવિચંદ્રન અશ્વિન પહેલાં બેટિંગ કરવા આવવું જોઈતું હતું. મેચની પરિસ્થિતિને ધ્યાનમાં લેતા, ધોની 15 વધુ બોલ માટે આ જ શૈલીમાં રમી શક્યો હોત.""

શું ધોનીના કારણે CSK હારી ગયું?શેન વોટસને એમ પણ કહ્યું કે જો ધોની ઉપર બેટિંગ કરવા આવ્યો હોત તો કદાચ ચેન્નાઈ સુપર કિંગ્સની જીતની શક્યતા વધી ગઈ હોત. તેમણે કહ્યું કે ધોનીએ ફટકારેલા ચોગ્ગા અને છગ્ગા દર્શકોને ચોક્કસ ગમ્યા હશે. પરંતુ જો ધોની પહેલા બેટિંગ કરવા આવ્યો હોત તો કદાચ CSK જીતી શક્યું હોત. ધોનીએ 16 બોલમાં 30 રનની ઇનિંગ દરમિયાન 3 ચોગ્ગા અને 2 છગ્ગા ફટકાર્યા.",https://gujarati.abplive.com/sports/ipl/virender-sehwag-hilarious-reaction-on-ms-dhoni-batting-position-csk-vs-rcb-ipl-2025-latest-sports-news-934460,3,2025-04-01 18:31:32
,,"Hardik Pandya Mumbai Indians: IPL 2025માં ગુજરાત ટાઇટન્સ અને મુંબઈ ઈન્ડિયન્સ વચ્ચે અમદાવાદના મેદાન પર મેચ રમાશે. બંને ટીમો પોતાની પ્રથમ મેચ હારી ચૂકી છે. આવી સ્થિતિમાં, બંને ટીમોની નજર IPL 2025માં પોતાની પ્રથમ જીત નોંધાવવા પર હશે. મુંબઈ ઈન્ડિયન્સના નિયમિત કેપ્ટન હાર્દિક પંડ્યાનું ગુજરાત સામેની મેચમાં વાપસી લગભગ નિશ્ચિત છે. પ્રતિબંધના કારણે તે ચેન્નાઈ સુપર કિંગ્સ સામે પ્રથમ મેચ રમી શક્યો ન હતો. ત્યારબાદ સૂર્યકુમાર યાદવે કેપ્ટનશીપની જવાબદારી સંભાળી હતી. હવે હાર્દિક પરત ફરશે ત્યારે સૌથી મોટો સવાલ એ છે કે મુંબઈ ઈન્ડિયન્સની પ્લેઈંગ ઈલેવનમાંથી કયો ખેલાડી બહાર રહેશે.

રોબિન મિંઝ પર લટકતી તલવાર

હાર્દિક પંડ્યાની ગણતરી સ્ટાર ઓલરાઉન્ડરોમાં થાય છે. તે શાનદાર બોલિંગ અને મજબૂત બેટિંગમાં નિષ્ણાત ખેલાડી છે. આવી સ્થિતિમાં જ્યારે તે પ્લેઈંગ ઈલેવનમાં પ્રવેશ કરે છે ત્યારે વિકેટકીપર બેટ્સમેન રોબિન મિંઝને પ્લેઈંગ ઈલેવનમાંથી બહાર કરી શકાય છે. કારણ કે મુંબઈ ઈન્ડિયન્સ પાસે રેયાન રિકલ્ટનના રૂપમાં એક ઉત્તમ વિકેટકીપર છે. રોબિન મિંઝ ચેન્નાઈ સુપર કિંગ્સ સામે મેચ રમી હતી અને તે તેમાં સારું પ્રદર્શન કરી શક્યો નહોતો. ત્યારપછી તેના બેટમાંથી માત્ર ત્રણ રન આવ્યા હતા. આવી સ્થિતિમાં, પ્લેઈંગ ઈલેવનમાંથી તેને બહાર કરવાની પૂરી સંભાવના છે.

IPL 2025ની પ્રથમ મેચમાં મુંબઈનો પરાજય થયો હતો

મુંબઈ ઈન્ડિયન્સ આઈપીએલ 2025માં અત્યાર સુધી માત્ર એક જ મેચ રમી છે, જેમાં તેને ચેન્નાઈ સુપર કિંગ્સ સામે ચાર વિકેટથી હારનો સામનો કરવો પડ્યો હતો. આ મેચમાં મુંબઈના બેટ્સમેનો ખાસ પ્રદર્શન કરી શક્યા ન હતા અને આખી ટીમ પ્રથમ બેટિંગ કરતા માત્ર 155 રન જ બનાવી શકી હતી. આ પછી, રચિન રવિન્દ્ર અને રુતુરાજ ગાયકવાડની અડધી સદીની મદદથી ચેન્નાઈ સુપર કિંગ્સે સરળતાથી લક્ષ્યનો પીછો કરી લીધો હતો. મુંબઈની ટીમ હાલમાં IPL 2025ના પોઈન્ટ ટેબલમાં 8મા સ્થાને છે અને તેનો નેટ રન રેટ માઈનસ 0.493 છે.

IPL 2025 માટે મુંબઈ ઈન્ડિયન્સની ટીમ:

રોહિત શર્મા, રેયાન રિકલ્ટન (વિકેટકીપર), વિલ જેક્સ, સૂર્યકુમાર યાદવ, હાર્દિક પંડ્યા (કેપ્ટન), તિલક વર્મા, રોબિન મિંઝ, નમન ધીર, મિશેલ સેન્ટનર, દીપક ચહર, ટ્રેન્ટ બોલ્ટ, સત્યનારાયણ રાજુ, વિગ્નેશ પુથુર, રાજ બાવા, અશ્વિની કુમાર, કોર્બીન  બોશ, કર્ણ શર્મા, જસપ્રીત બુમરાહ, રીસ ટોપ્લે, મુજીબ ઉર રહમાન, બેવોન જૈકબ્સ, અર્જુન તેંડુલકર, કૃષ્ણન શ્રીજીત.",https://gujarati.abplive.com/sports/ipl/hardik-pandya-mumbai-indians-robin-minz-may-out-playing-11-ipl-2025-934454,3,2025-04-01 18:31:35
,,"Shane Watson on MS Dhoni Batting Position: ગયા શુક્રવારે, રોયલ ચેલેન્જર્સ બેંગ્લોરુએ ચેન્નાઈ સુપર કિંગ્સને 50 રનથી હરાવ્યું. આ મુકાબલામાં, જ્યારે CSK ને ઝડપથી રન બનાવવાની જરૂર હતી, ત્યારે રવિચંદ્રન અશ્વિનને બેટિંગ માટે મોકલવામાં આવ્યો. સોશિયલ મીડિયા પર બેટિંગ ઓર્ડર અંગે ચર્ચા ચાલી રહી છે કે ચેન્નાઈની હાર પાછળનું કારણ એમએસ ધોનીનું 9 નંબર પર બેટિંગ કરવા આવવું છે. પરંતુ આ દરમિયાન, ઓસ્ટ્રેલિયન દિગ્ગજ બેટ્સમેન શેન વોટસને, જે RCB અને CSK બંને માટે રમી ચૂક્યા છે, ધોનીના બેટિંગ ક્રમ વિશે એક મોટું નિવેદન આપ્યું છે.

શેન વોટસન માને છે કે જો ધોની પહેલા બેટિંગ કરવા આવ્યો હોત તો કદાચ ચેન્નાઈની જીતની ટકાવારી વધી હોત. તેમણે કેપ્ટન ઋતુરાજ ગાયકવાડની રણનીતિ પર પણ સવાલ ઉઠાવ્યા અને કહ્યું કે તેમણે 'થાલા'ને આટલા નીચલા ક્રમમાં બેટિંગ કરવા માટે મોકલવો જોઈતો ન હતો.

એમએસ ધોનીએ મોટી ભૂલ કરીજિયો હોટસ્ટાર પર વાત કરતા શેન વોટસને કહ્યું, ""CSK ચાહકો ખરેખર ધોનીને 16 બોલમાં 30 રન બનાવતા જોવા આવે છે. મને વ્યક્તિગત રીતે તેને ઉપરના ક્રમમાં બેટિંગ કરતો જોવાનું ગમ્યું હોત. મારું માનવું છે કે તેણે રવિચંદ્રન અશ્વિન પહેલાં બેટિંગ કરવા આવવું જોઈતું હતું. મેચની પરિસ્થિતિને ધ્યાનમાં લેતા, ધોની 15 વધુ બોલ માટે આ જ શૈલીમાં રમી શક્યો હોત.""

શું ધોનીના કારણે CSK હારી ગયું?શેન વોટસને એમ પણ કહ્યું કે જો ધોની ઉપર બેટિંગ કરવા આવ્યો હોત તો કદાચ ચેન્નાઈ સુપર કિંગ્સની જીતની શક્યતા વધી ગઈ હોત. તેમણે કહ્યું કે ધોનીએ ફટકારેલા ચોગ્ગા અને છગ્ગા દર્શકોને ચોક્કસ ગમ્યા હશે. પરંતુ જો ધોની પહેલા બેટિંગ કરવા આવ્યો હોત તો કદાચ CSK જીતી શક્યું હોત. ધોનીએ 16 બોલમાં 30 રનની ઇનિંગ દરમિયાન 3 ચોગ્ગા અને 2 છગ્ગા ફટકાર્યા.

રોયલ ચેલેન્જર્સ બેંગ્લોરે આજે ચેન્નાઈ સુપર કિંગ્સને તેમના જ ઘરઆંગણે હરાવીને એક અવિશ્વસનીય જીત મેળવી. ચેપોકના એમ. એ. ચિદમ્બરમ સ્ટેડિયમમાં રમાયેલી IPL 2025ની આ મેચમાં RCBએ CSKને 50 રનથી પરાજય આપ્યો હતો. આ જીત એટલા માટે પણ ખાસ છે કારણ કે RCBએ 17 વર્ષ પછી ચેન્નાઈના આ ગઢમાં વિજય મેળવ્યો છે. IPL 2025માં RCBની આ સતત બીજી જીત છે. આ પહેલા તેણે પોતાની પ્રથમ મેચમાં કોલકાતા નાઈટ રાઈડર્સને 7 વિકેટે હરાવ્યું હતું. આ જીત સાથે રોયલ ચેલેન્જર્સ બેંગ્લોરે પોઈન્ટ ટેબલમાં પ્રથમ સ્થાન હાંસલ કરી લીધું છે. RCB પોતાની બંને મેચ જીતીને હાલમાં ટેબલ ટોપર છે.",https://gujarati.abplive.com/sports/cricket/ms-dhoni-should-have-batted-above-ravichandran-ashwin-says-shane-watson-csk-vs-rcb-ipl-2025-ms-dhoni-batting-position-934441,3,2025-04-01 18:31:40
,,"IPL Points Table Update:  ચેપોક ખાતે રોયલ ચેલેન્જર્સ બેંગ્લુરુએ ચેન્નાઈ સુપર કિંગ્સને હરાવ્યું. રજત પાટીદારના નેતૃત્વ હેઠળની રોયલ ચેલેન્જર્સ બેંગ્લુરુએ (RCB) ચેન્નાઈ સુપર કિંગ્સ (CSK) ને 50 રનના મોટા માર્જિનથી હરાવ્યું. અત્યાર સુધી, IPLના ઇતિહાસમાં પહેલી વાર, રોયલ ચેલેન્જર્સ બેંગ્લુરુ ચેપોક ખાતે ચેન્નાઈ સુપર કિંગ્સને હરાવ્યું હતું. જોકે, ચેન્નાઈ સુપર કિંગ્સની હાર બાદ પોઈન્ટ ટેબલમાં કેટલો ફેરફાર થયો છે? હકીકતમાં, આ હાર બાદ, રુતુરાજ ગાયકવાડની આગેવાની હેઠળની ચેન્નાઈ સુપર કિંગ્સ સાતમા ક્રમે સરકી ગઈ છે.

હવે પોઈન્ટ ટેબલમાં કેટલો ફેરફાર થયો?

રોયલ ચેલેન્જર્સ બેંગ્લુરુ સતત બીજી જીત મેળવી. હવે રોયલ ચેલેન્જર્સ બેંગ્લોર 2 મેચમાં 4 પોઈન્ટ સાથે ટોચ પર છે. આ પછી, ઋષભ પંતની આગેવાની હેઠળ લખનૌ સુપર જાયન્ટ્સ બીજા સ્થાને છે. તે જ સમયે, રોયલ ચેલેન્જર્સ બેંગ્લોર અને લખનૌ સુપર જાયન્ટ્સ પછી, અનુક્રમે પંજાબ કિંગ્સ, દિલ્હી કેપિટલ્સ, સનરાઇઝર્સ હૈદરાબાદ, કોલકાતા નાઈટ રાઇડર્સ અને ચેન્નાઈ સુપર કિંગ્સ છે. આ ટીમોના 2-2 પોઇન્ટ સમાન છે. હાર્દિક પંડ્યાની આગેવાની હેઠળની મુંબઈ ઈન્ડિયન્સ ઉપરાંત, ગુજરાત ટાઇટન્સ અને રાજસ્થાન રોયલ્સ સિઝનની તેમની પ્રથમ જીતની રાહ જોઈ રહ્યા છે.

રોયલ ચેલેન્જર્સ બેંગ્લુરુ ચેન્નાઈ સુપર કિંગ્સને સરળતાથી હરાવ્યું

તમને જણાવી દઈએ કે પહેલા બેટિંગ કરવા આવેલી રોયલ ચેલેન્જર્સ બેંગ્લુરુ 20 ઓવરમાં 7 વિકેટે 197 રન બનાવ્યા હતા. રોયલ ચેલેન્જર્સ બેંગ્લુરુ માટે કેપ્ટન રજત પાટીદારે 32 બોલમાં સૌથી વધુ 51 રન બનાવ્યા. આ ઉપરાંત ફિલ સોલ્ટે 16 બોલમાં 32 રનની ઇનિંગ રમી હતી. ચેન્નાઈ સુપર કિંગ્સ તરફથી નૂર અહેમદે સૌથી વધુ 3 વિકેટ લીધી. રોયલ ચેલેન્જર્સ બેંગ્લોરના 197 રનના જવાબમાં ચેન્નાઈ સુપર કિંગ્સ બેટિંગ કરવા ઉતરી અને 20 ઓવરમાં 8 વિકેટે માત્ર 146 રન જ બનાવી શકી. આ રીતે રોયલ ચેલેન્જર્સ બેંગ્લુરુ 50 રનથી મોટી જીત નોંધાવી.

રજત પાટીદારે માત્ર ૩૨ બોલમાં ૫૧ રનની ઇનિંગ રમી હતી, જેમાં ૩ સિક્સ અને ૪ ફોરનો સમાવેશ થાય છે. ચેપોકના મેદાન પર કેપ્ટન તરીકે અડધી સદી ફટકારનાર પાટીદાર RCBનો બીજો ખેલાડી છે. આ પહેલા, ૧૩ એપ્રિલ ૨૦૧૩ના રોજ વિરાટ કોહલીએ કેપ્ટન તરીકે આ મેદાન પર અડધી સદી ફટકારી હતી. ત્યારથી લઈને અત્યાર સુધી કોઈ અન્ય RCB કેપ્ટન આ સિદ્ધિ મેળવી શક્યો નહોતો. નોંધનીય છે કે વિરાટ કોહલીએ ૨૦૧૨માં પણ ચેપોકમાં CSK સામે અડધી સદી ફટકારી હતી, પરંતુ તે સમયે RCBનો કેપ્ટન ડેનિયલ વેટોરી હતો.",https://gujarati.abplive.com/sports/cricket/royal-challengers-bengaluru-beat-chennai-super-kings-by-50-runs-points-table-update-rcb-vs-csk-ipl-2025-934415,3,2025-04-01 18:31:43
,,"Rajat Patidar 50 vs CSK: IPL 2025માં રોયલ ચેલેન્જર્સ બેંગ્લોરના કેપ્ટન રજત પાટીદારે ચેન્નાઈ સુપર કિંગ્સ સામે શાનદાર બેટિંગનું પ્રદર્શન કર્યું હતું. તેમણે ચેપોકના મેદાન પર અડધી સદી ફટકારીને RCBના કેપ્ટન તરીકે ૧૨ વર્ષ જૂનો રેકોર્ડ તોડી નાખ્યો છે. પાટીદાર CSK સામે આ મેદાન પર અડધી સદી ફટકારનાર રોયલ ચેલેન્જર્સ બેંગ્લોરનો માત્ર બીજો કેપ્ટન બન્યો છે.

શુક્રવારે રમાયેલી મેચમાં ફિલ સોલ્ટ અને વિરાટ કોહલીએ RCBની ઇનિંગ્સની શરૂઆત કરી હતી. ત્યારબાદ દેવદત્ત પડિકલ અને વિરાટ કોહલીએ પણ મહત્વપૂર્ણ યોગદાન આપ્યું હતું. જો કે, વિરાટ કોહલી આઉટ થયા બાદ ટીમ પર થોડું દબાણ આવ્યું હતું, પરંતુ કેપ્ટન રજત પાટીદારે આ સમયે જબરદસ્ત બેટિંગ કરીને અડધી સદી ફટકારી હતી.

રજત પાટીદારે માત્ર ૩૨ બોલમાં ૫૧ રનની ઇનિંગ રમી હતી, જેમાં ૩ સિક્સ અને ૪ ફોરનો સમાવેશ થાય છે. ચેપોકના મેદાન પર કેપ્ટન તરીકે અડધી સદી ફટકારનાર પાટીદાર RCBનો બીજો ખેલાડી છે. આ પહેલા, ૧૩ એપ્રિલ ૨૦૧૩ના રોજ વિરાટ કોહલીએ કેપ્ટન તરીકે આ મેદાન પર અડધી સદી ફટકારી હતી. ત્યારથી લઈને અત્યાર સુધી કોઈ અન્ય RCB કેપ્ટન આ સિદ્ધિ મેળવી શક્યો નહોતો. નોંધનીય છે કે વિરાટ કોહલીએ ૨૦૧૨માં પણ ચેપોકમાં CSK સામે અડધી સદી ફટકારી હતી, પરંતુ તે સમયે RCBનો કેપ્ટન ડેનિયલ વેટોરી હતો.

રજત પાટીદાર IPLમાં RCBનો ૭મો કેપ્ટન છે. તેમના પહેલા રાહુલ દ્રવિડ, કેવિન પીટરસન, અનિલ કુંબલે, ડેનિયલ વેટોરી, વિરાટ કોહલી અને ફાફ ડુ પ્લેસિસ આ ટીમની કમાન સંભાળી ચૂક્યા છે.

રજત પાટીદારની કેપ્ટનશીપમાં RCBએ IPL 2025માં શાનદાર શરૂઆત કરી છે. ટીમે પોતાની પ્રથમ મેચમાં કોલકાતા નાઈટ રાઈડર્સને હરાવ્યા બાદ હવે ચેન્નાઈ સુપર કિંગ્સને તેમના જ ઘરમાં હરાવીને ૧૭ વર્ષ પછી ચેપોકમાં જીત મેળવી છે. RCBએ આ મેચ ૫૦ રને જીતીને પોઈન્ટ ટેબલમાં પોતાનું ટોચનું સ્થાન જાળવી રાખ્યું છે. પાટીદારની આ યાદગાર ઇનિંગ RCBની જીતમાં ખૂબ જ મહત્વપૂર્ણ સાબિત થઈ હતી.

નોંધનીય છે કે, રોયલ ચેલેન્જર્સ બેંગ્લોરે આજે ચેન્નાઈ સુપર કિંગ્સને તેમના જ ઘરઆંગણે હરાવીને એક અવિશ્વસનીય જીત મેળવી છે. ચેપોકના એમ. એ. ચિદમ્બરમ સ્ટેડિયમમાં રમાયેલી IPL 2025ની આ મેચમાં RCBએ CSKને ૫૦ રનથી પરાજય આપ્યો હતો. આ જીત એટલા માટે પણ ખાસ છે કારણ કે RCBએ ૧૭ વર્ષ પછી ચેન્નાઈના આ ગઢમાં વિજય મેળવ્યો છે.",https://gujarati.abplive.com/sports/ipl/ipl-2025-rcb-captain-rajat-patidar-scores-50-at-chepauk-breaks-12-year-record-934411,3,2025-04-01 18:31:46
,,"RCB beats CSK after 17 years: રોયલ ચેલેન્જર્સ બેંગ્લોરે આજે ચેન્નાઈ સુપર કિંગ્સને તેમના જ ઘરઆંગણે હરાવીને એક અવિશ્વસનીય જીત મેળવી છે. ચેપોકના એમ. એ. ચિદમ્બરમ સ્ટેડિયમમાં રમાયેલી IPL 2025ની આ મેચમાં RCBએ CSKને ૫૦ રનથી પરાજય આપ્યો હતો. આ જીત એટલા માટે પણ ખાસ છે કારણ કે RCBએ ૧૭ વર્ષ પછી ચેન્નાઈના આ ગઢમાં વિજય મેળવ્યો છે.

IPL 2025માં RCBની આ સતત બીજી જીત છે. આ પહેલા તેણે પોતાની પ્રથમ મેચમાં કોલકાતા નાઈટ રાઈડર્સને ૭ વિકેટે હરાવ્યું હતું. આ જીત સાથે રોયલ ચેલેન્જર્સ બેંગ્લોરે પોઈન્ટ ટેબલમાં પ્રથમ સ્થાન હાંસલ કરી લીધું છે. RCB પોતાની બંને મેચ જીતીને હાલમાં ટેબલ ટોપર છે.

ચેપોક સ્ટેડિયમ હંમેશાથી ચેન્નાઈ સુપર કિંગ્સ માટે એક મજબૂત કિલ્લો રહ્યો છે અને RCBએ અહીં છેલ્લે વર્ષ ૨૦૦૮માં CSKને હરાવ્યું હતું. તે મેચમાં બેંગલુરુએ ચેન્નાઈને ૧૪ રને પરાજય આપ્યો હતો. ત્યાર બાદ આ મેદાન પર બંને ટીમો ૮ વખત સામસામે આવી હતી અને દરેક વખતે ચેન્નાઈ સુપર કિંગ્સનો વિજય થયો હતો. હવે આખરે RCBએ ચેપોક સ્ટેડિયમમાં CSK સામેની સતત ૮ હારની સિલસિલો તોડ્યો છે અને રજત પાટીદારની કપ્તાની હેઠળ આ ઐતિહાસિક જીત મેળવી છે.

મેચની વાત કરીએ તો, RCBએ પ્રથમ બેટિંગ કરતા ૨૦ ઓવરમાં ૭ વિકેટ ગુમાવીને ૧૯૬ રન બનાવ્યા હતા. જેના જવાબમાં ચેન્નાઈ સુપર કિંગ્સની ટીમ માત્ર ૧૪૬ રન જ બનાવી શકી હતી. IPL 2025માં ચેન્નાઈની આ પ્રથમ હાર છે. આ પહેલા તેણે મુંબઈ ઈન્ડિયન્સને ૪ વિકેટે હરાવ્યું હતું.

જો કે, આ મેચમાં ચેન્નાઈ સુપર કિંગ્સના સ્પિન બોલરો ખૂબ મોંઘા સાબિત થયા હતા. રવિચંદ્રન અશ્વિને ૨ ઓવરમાં ૨૨ રન આપ્યા હતા, જ્યારે રવિન્દ્ર જાડેજાએ ૩ ઓવરમાં ૩૭ રન આપ્યા હતા અને એક પણ વિકેટ લઈ શક્યા નહોતા. નૂર અહેમદે ચોક્કસપણે ૩ વિકેટ લીધી હતી, પરંતુ તેમણે પણ ૯ની ઇકોનોમીથી રન આપ્યા હતા. આમ, RCBએ શાનદાર પ્રદર્શન કરીને ચેન્નાઈને તેમના જ ઘરમાં હરાવીને ઈતિહાસ રચી દીધો છે.

જ્યારે બેટિંગની વાત આવી તો બીજાથી પાંચમા ક્રમના તમામ બેટ્સમેનો કંઈ ખાસ કરી શક્યા નહીં. રચિન રવિન્દ્રએ 41 રન બનાવ્યા, પરંતુ ટીમનું નસીબ બદલવામાં નિષ્ફળ રહ્યો. એમએસ ધોનીએ ચોક્કસપણે 16 બોલમાં 30 રનની ઇનિંગ રમીને ચાહકોનું દિલ જીતી લીધું હતું. તેણે છેલ્લી ઓવરોમાં 3 ફોર અને 2 સિક્સર ફટકારી હતી.",https://gujarati.abplive.com/sports/ipl/ipl-2025-royal-challengers-bengaluru-beats-csk-at-chepauk-after-17-years-934410,3,2025-04-01 18:31:51
,,,https://gujarati.abplive.com/sports/ipl/csk-vs-rcb-live-score-ipl-2025-chennai-vs-bengaluru-match-updates-934384,4,2025-04-01 18:31:56
,,"IPL 2025 schedule change: IPL 2025ની એક મેચની તારીખમાં અચાનક ફેરફાર કરવામાં આવ્યો છે. કોલકાતા નાઈટ રાઈડર્સ (KKR) અને લખનૌ સુપર જાયન્ટ્સ (LSG) વચ્ચે આગામી ૬ એપ્રિલે યોજાનારી મેચ હવે ૮ એપ્રિલે રમાશે. BCCI દ્વારા આ નિર્ણય લેવામાં આવ્યો છે, જેની સત્તાવાર જાહેરાત પણ કરવામાં આવી છે.

BCCI સેક્રેટરી દેવજીત સૈકિયાએ આ અંગે માહિતી આપતા જણાવ્યું હતું કે કોલકાતા અને લખનૌ વચ્ચેની IPL 2025ની ૧૯મી મેચ હવે ૬ એપ્રિલના બદલે ૮ એપ્રિલે બપોરે ૩:૩૦ વાગ્યે રમાશે. તેમણે આ ફેરફારનું કારણ પણ સ્પષ્ટ કર્યું હતું.

શુક્રવારે BCCI સેક્રેટરી દેવજીત સૈકિયાએ એક નિવેદન બહાર પાડ્યું હતું. જેમાં તેમણે જણાવ્યું હતું કે, ""કોલકાતા પોલીસે ક્રિકેટ એસોસિએશન ઓફ બંગાળને રામ નવમીના અવસર પર શહેરમાં સુરક્ષા વ્યવસ્થાને લઈને કેટલીક માંગણીઓ કરી હતી. આ જ માંગણીઓને ધ્યાનમાં રાખીને હવે કોલકાતા અને લખનૌ વચ્ચેની મેચ ૮ એપ્રિલે બપોરે ૩:૩૦ વાગ્યે રમાશે. IPL 2025ના બાકીના કાર્યક્રમમાં કોઈ પણ પ્રકારનો ફેરફાર કરવામાં આવ્યો નથી.""

આમ, કોલકાતા પોલીસની સુરક્ષા વ્યવસ્થાની માંગણીને પગલે BCCIએ કોલકાતા નાઈટ રાઈડર્સ અને લખનૌ સુપર જાયન્ટ્સ વચ્ચેની મેચની તારીખમાં ફેરફાર કરવો પડ્યો છે. હવે આ મેચ ૮ એપ્રિલે રમાશે અને બાકીનું IPL 2025નું શેડ્યૂલ યથાવત રહેશે.

🚨 News 🚨Match No. 19 of #TATAIPL 2025 between #KKR and #LSG at Eden Gardens, Kolkata has been rescheduled from Sunday, April 6th to Tuesday, April 8th at 3.30 PM IST.Read to know more 🔽

BCCIનો નિર્ણય આવતા પહેલા સતત અટકળો અને અફવાઓ ચાલી રહી હતી કે આ મેચ કોલકાતાના બદલે ગુવાહાટીમાં રમાશે. પરંતુ બીસીસીઆઈ, બંગાળ ક્રિકેટ એસોસિએશન અને કોલકાતા સરકારે આવી અફવાઓને ફગાવી દીધી હતી અને કહ્યું હતું કે મેચ કોલકાતામાં જ રમાશે. બીસીસીઆઈએ શુક્રવારે ચેન્નાઈ સુપર કિંગ્સ અને રોયલ ચેલેન્જર્સ બેંગ્લોર વચ્ચેની મેચ દરમિયાન પોતાનો નિર્ણય જાહેર કર્યો અને કહ્યું કે મેચના સ્થળમાં કોઈ ફેરફાર કરવામાં આવશે નહીં પરંતુ 6 એપ્રિલ રવિવારના બદલે આ મેચ 8 એપ્રિલ મંગળવારના રોજ રમાશે. જો કે આ મેચ મંગળવારે બપોરે 3.30 કલાકે શરૂ થશે.

અગાઉ આ મેચ રવિવારે બપોરે 3.30 કલાકે રમાવાની હતી. પરંતુ હવે આ ફેરફારને કારણે 6 એપ્રિલના રવિવારે ડબલ હેડરને બદલે માત્ર એક જ મેચ રમાશે. પહેલાથી નક્કી કરાયેલા કાર્યક્રમ મુજબ, અમદાવાદમાં સાંજે 7.30 વાગ્યે સનરાઇઝર્સ હૈદરાબાદ અને ગુજરાત ટાઇટન્સ વચ્ચે એકમાત્ર મેચ રમાશે.",https://gujarati.abplive.com/sports/ipl/ipl-2025-schedule-update-kkr-vs-lsg-match-rescheduled-by-bcci-934407,4,2025-04-01 18:31:59
,,"KKR vs RR fan fight: IPL 2025ની એક મેચમાં ક્રિકેટ ચાહકોએ શરમજનક હરકત કરી છે. રાજસ્થાન રોયલ્સ અને કોલકાતા નાઈટ રાઈડર્સ વચ્ચે બરસાપારા સ્ટેડિયમમાં રમાયેલી મેચ દરમિયાન ચાહકો એકબીજા સાથે બાખડી પડ્યા હતા. આ મારામારીનો વીડિયો સોશિયલ મીડિયા પર ખૂબ જ વાયરલ થઈ રહ્યો છે, જેમાં ચાહકો એકબીજાને લાતો અને મુક્કા મારતા જોવા મળી રહ્યા છે.

વાયરલ થયેલા વીડિયોમાં સ્પષ્ટ દેખાઈ રહ્યું છે કે સ્ટેડિયમમાં બેઠેલા કેટલાક ચાહકો અચાનક જ એકબીજા સાથે ઝઘડવા લાગ્યા હતા. વાત એટલી વધી ગઈ કે તેઓ એકબીજાને મારવા લાગ્યા અને ખુરશીઓ પણ ઉછાળી હતી. જોકે હજુ સુધી એ સ્પષ્ટ નથી થયું કે આ મારામારી રાજસ્થાન રોયલ્સના પોતાના ચાહકો વચ્ચે થઈ હતી કે પછી રાજસ્થાન અને કોલકાતાના ચાહકો એકબીજા સાથે અથડાયા હતા.

આ ઘટના ત્યારે બની જ્યારે રાજસ્થાન રોયલ્સની ટીમ સતત વિકેટ ગુમાવી રહી હતી અને ધ્રુવ જુરેલ અને શિમરોન હેટમાયર ક્રિઝ પર બેટિંગ કરી રહ્યા હતા. આ મેચ દરમિયાન એક અન્ય ઘટના પણ બની હતી, જેમાં એક ચાહક સુરક્ષાને તોડીને મેદાનમાં ઘૂસી ગયો હતો અને રાજસ્થાનના ખેલાડી રિયાન પરાગને મળવા જતો હતો ત્યારે તે પરાગની સામે જ પડી ગયો હતો, જેનો વીડિયો પણ વાયરલ થયો હતો.

Kalesh b/w RR fan's with RR fan's 🤣(Apne main hi lad gya bhai 🤣🤣)KKR vs RR IPL match pic.twitter.com/Lovflh8enP

જો કે, ચાહકો વચ્ચેની મારામારીનો વીડિયો વધુ ચિંતાજનક છે. વીડિયોમાં એક વ્યક્તિ ખુરશી પર બેઠેલા બીજા વ્યક્તિને એવી રીતે લાત મારે છે કે તે દૂર જઈને પડે છે. ક્રિકેટના મેદાન પર ચાહકોનું આવું વર્તન ખરેખર નિંદનીય છે.

મેચની વાત કરીએ તો, આ મેચમાં રાજસ્થાન રોયલ્સનો કારમો પરાજય થયો હતો. પોતાના હોમ ગ્રાઉન્ડ પર રમતી રાજસ્થાનની ટીમ માત્ર ૧૫૧ રન જ બનાવી શકી હતી. જવાબમાં કોલકાતા નાઈટ રાઈડર્સે માત્ર ૧૫ બોલ બાકી રહેતા ૮ વિકેટે આ લક્ષ્યાંક હાંસલ કરી લીધો હતો. કોલકાતા તરફથી ક્વિન્ટન ડી કોકે શાનદાર ૯૭ રનની ઇનિંગ રમી હતી, જ્યારે બોલરોએ પણ સારું પ્રદર્શન કર્યું હતું.",https://gujarati.abplive.com/sports/ipl/kkr-vs-rr-fan-fight-in-guwahati-goes-viral-chaos-in-stands-934402,4,2025-04-01 18:32:02
,,"Sanjiv Goenka bows to Shardul Thakur: IPL 2025ની આઠમી મેચમાં લખનૌ સુપર જાયન્ટ્સે સનરાઈઝર્સ હૈદરાબાદને પાંચ વિકેટે હરાવ્યું હતું. આ જીતમાં ઓલરાઉન્ડર શાર્દુલ ઠાકુર અને બેટ્સમેન નિકોલસ પુરને મહત્વની ભૂમિકા ભજવી હતી. પુરને માત્ર ૨૬ બોલમાં ૭૦ રનની વિસ્ફોટક ઇનિંગ રમી હતી, જ્યારે શાર્દુલે ૩૪ રનમાં ચાર વિકેટ ઝડપી હતી. આ શાનદાર જીત બાદ લખનૌ સુપર જાયન્ટ્સના માલિક સંજીવ ગોયન્કા પણ ઘણા ખુશ જોવા મળ્યા હતા અને તેમણે ખેલાડીઓને ગળે લગાવીને અભિનંદન પાઠવ્યા હતા.

પરંતુ સૌથી રસપ્રદ ઘટના એ હતી કે જ્યારે સંજીવ ગોયન્કા શાર્દુલ ઠાકુરને ગળે લગાવવા ગયા ત્યારે તેમણે પ્રથમ હાથ જોડીને શાર્દુલને પ્રણામ કર્યા હતા. આ જોઈને શાર્દુલ પણ હસી પડ્યો હતો. ૩૩ હજાર કરોડ રૂપિયાથી વધુની સંપત્તિ ધરાવતા માલિક દ્વારા એક ખેલાડીને આ રીતે સન્માન આપવાનો આ વીડિયો સોશિયલ મીડિયા પર ખૂબ જ વાયરલ થઈ રહ્યો છે.

ઉલ્લેખનીય છે કે શાર્દુલ ઠાકુરને IPL 2025ની હરાજીમાં કોઈ ખરીદનાર મળ્યો ન હતો. તેની બે કરોડ રૂપિયાની બેઝ પ્રાઈસ હોવા છતાં તે વેચાયા વગરનો રહ્યો હતો. ત્યારબાદ તેણે એસેક્સ સાથે કાઉન્ટી ચેમ્પિયનશિપ રમવાની તૈયારી શરૂ કરી દીધી હતી. પરંતુ લખનૌ સુપર જાયન્ટ્સના બોલિંગ યુનિટમાં ઈજા થવાના કારણે તેને છેલ્લી ઘડીએ ટીમમાં સામેલ કરવામાં આવ્યો હતો. મોહસીન ખાનની ઈજા બાદ ટીમ મેન્ટર ઝહીર ખાને શાર્દુલને ટીમમાં લેવાનો નિર્ણય કર્યો હતો, જે હવે ટીમ માટે માસ્ટરસ્ટ્રોક સાબિત થઈ રહ્યો છે.

Our Chairman, Dr. Sanjiv Goenka, extends heartfelt congratulations to the team on their first win, and encourages to focus on giving the best 💙 pic.twitter.com/9ckEd6J6MF

શાર્દુલે આ સિઝનમાં માત્ર બે મેચ રમી છે અને ૮.૮૩ની ઈકોનોમી સાથે છ વિકેટ લઈને પર્પલ કેપ પણ પોતાના નામે કરી લીધી છે. હરાજીમાં કોઈ ખરીદનાર ન મળ્યા બાદ શાર્દુલનું આ પ્રદર્શન ખરેખર પ્રેરણાદાયક છે અને તે સાબિત કરે છે કે ક્રિકેટમાં ક્યારેય હાર માનવી જોઈએ નહીં. એક એવો ખેલાડી જેને હરાજીમાં કોઈએ નહોતો પૂછ્યો, આજે તે પોતાની ટીમને જીત અપાવી રહ્યો છે અને માલિક પાસેથી પણ આટલું સન્માન મેળવી રહ્યો છે.",https://gujarati.abplive.com/sports/ipl/sanjiv-goenka-s-gesture-towards-shardul-thakur-after-lsg-win-goes-viral-934399,4,2025-04-01 18:32:05
,,"MS Dhoni Stumping: MS Dhoni Stumping: આઈપીએલ 2025ની 8મી મેચમાં એમએસ ધોનીએ ફિલ સોલ્ટને ઝડપી સ્ટમ્પિંગ કરીને પેવેલિયન મોકલ્યો હતો. આ સ્ટમ્પિંગ માટે તેને લગભગ 0.10 સેકન્ડનો સમય લાગ્યો, આ કામ ફક્ત ધોની જ કરી શકે છે. આ સ્ટમ્પિંગ જોઈને બીજા છેડે ઊભેલો વિરાટ કોહલી પણ આશ્ચર્યચકિત થઈ ગયો હતો.

IMAGINE THIS LEVEL OF SPEED WHEN YOU'RE 43 YEAR OLD. 🥶- MS Dhoni, the greatest behind the stumps! pic.twitter.com/WTSU73psBh

ફિલ સોલ્ટ અને વિરાટ કોહલીએ આરસીબીની ઇનિંગ્સની શરૂઆત કરી હતી. સોલ્ટ ઝડપી ગતિએ રન બનાવી રહ્યો હતો પરંતુ 5મી ઓવરના છેલ્લા બોલ પર એમએસ ધોનીએ તેની વિકેટ કીપિંગ સાથે પોતાનું કામ પૂરું કરી દીધું! નૂર અહેમદના બોલ પર સોલ્ટ સ્ટમ્પ આઉટ થયો હતો. સોલ્ટે 16 બોલમાં 1 સિક્સ અને 5 ફોરની મદદથી 32 રન બનાવ્યા હતા.

STUMP CAM VIEW OF MS DHONI STUMPING 🔥 #CSKvRCB #MSDhoni pic.twitter.com/zFiDIlVzTK

વિજળીની ઝડપે ધોનીનું સ્ટમ્પિંગ

નૂર અહેમદના આ બોલ પર ફિલ સોલ્ટ ઓફ સાઈડમાં મોટો શોટ મારવા માંગતો હતો, પરંતુ તે આઉટ થયો.  સોલ્ટનો પગ લગભગ ક્રિઝની ઉપર હતો, તે તેને અંદર મૂકવા માંગતો હતો પરંતુ આ દરમિયાન ધોનીએ સ્ટમ્પ ઉડાવી દિધી.  એમએસ ધોનીએ આ સ્ટમ્પિંગ વિજળીની  ઝડપે લગભગ 0.10 સેકન્ડમાં કર્યું હતું. છેલ્લી મેચમાં પણ તેણે સૂર્યકુમાર યાદવને આવી જ સ્ટમ્પિંગ કરીને આઉટ કર્યો હતો, તે સમયે પણ બોલર નૂર અહેમદ હતો.

Virat Kohli reaction on MS Dhoni's stumping ❤️💛 pic.twitter.com/Cc5ACnhsc9

વિરાટ કોહલીની પ્રતિક્રિયા વાયરલ થઈ રહી છે

સ્ક્રીન પર ધોનીનું સ્ટમ્પિંગ જોઈને બીજા છેડે ઊભેલો વિરાટ કોહલી પણ આશ્ચર્યચકિત થઈ ગયો હતો. તેની પ્રતિક્રિયા સોશિયલ મીડિયા પર વાયરલ થઈ રહી છે.

ધોનીએ માત્ર 0.12 સેકન્ડમાં જ સૂર્યકુમાર યાદવનું સ્ટમ્પિંગ કર્યું હતું

23 માર્ચે મુંબઈ ઈન્ડિયન્સ સામેની મેચમાં તેણે આંખના પલકારામાં સૂર્યકુમાર યાદવને સ્ટમ્પ આઉટ  કર્યો હતો. ધોનીના હાથને જોઈને એવું લાગી રહ્યું હતું કે જાણે વીજળી ચમકી  છે કારણ કે ધોનીએ માત્ર 0.12 સેકન્ડમાં જ સૂર્યકુમાર યાદવનું સ્ટમ્પિંગ કર્યું હતું. આ મેચમાં સૂર્યા 29 રન બનાવી શક્યો હતો.",https://gujarati.abplive.com/sports/ipl/csk-vs-rcb-ipl-2025-ms-dhoni-fastest-stumping-in-0-10-seconds-to-dismiss-phil-salt-video-goes-viral-934396,4,2025-04-01 18:32:09
,,"વિરાટ કોહલી IPL 2025માં તેની માત્ર બીજી મેચ રમી રહ્યો છે. વિરાટ કોહલીએ બીજી મેચમાં કેટલાક રન બનાવીને નવો રેકોર્ડ બનાવ્યો છે. તેણે શિખર ધવનને પાછળ છોડી દીધો છે. વિરાટ કોહલીએ RCB vs CSK મેચમાં આ મોટો રેકોર્ડ બનાવ્યો છે. હવે તે IPLમાં CSK સામે સૌથી વધુ રન બનાવનાર ખેલાડી બની ગયો છે.

વિરાટ કોહલીએ શિખર ધવનને પાછળ છોડી દીધો

શિખર ધવન આઈપીએલના ઈતિહાસમાં ચેન્નાઈ સુપર કિંગ્સ સામે સૌથી વધુ રન બનાવનાર બેટ્સમેન હતો. તેણે 34 મેચ રમી અને CSK સામે 1054 રન બનાવ્યા. આ સમયગાળા દરમિયાન શિખર ધવને CSK સામે એક સદી અને આઠ અડધી સદી ફટકારી છે. આ ટીમ સામે તેની એવરેજ 44ની આસપાસ છે, જ્યારે તેણે 131ના સ્ટ્રાઈક રેટથી રન બનાવ્યા છે. પરંતુ હવે તે બીજા નંબર પર આવી ગયો છે.

વિરાટ કોહલીએ IPLમાં CSK સામે સૌથી વધુ રન બનાવ્યા

વિરાટ કોહલીની વાત કરીએ તો તેણે CSK સામે અત્યાર સુધીમાં 34 મેચ રમીને IPLમાં 1057થી વધુ રન બનાવ્યા છે. વિરાટ કોહલી હજુ સુધી CSK સામે સદી ફટકારી શક્યો નથી, પરંતુ તેણે 90 રનની અણનમ ઇનિંગ ચોક્કસપણે રમી છે. આ ટીમ સામે તેના નામે 9 અડધી સદી છે. તેણે 37.96ની એવરેજ અને 125.35ની સ્ટ્રાઈક રેટથી રન બનાવ્યા છે. વિરાટ કોહલી તેની બીજી મેચમાં પણ ખૂબ જ શાનદાર રીતે બેટિંગ કરતો જોવા મળી રહ્યો છે.  જો આ લિસ્ટમાં ત્રીજા નંબરની વાત કરીએ તો રોહિત શર્મા છે જેણે CSK વિરુદ્ધ 35 મેચમાં 896 રન બનાવ્યા છે. જો તેનું બેટ સારું રમશે તો તે પણ એક હજાર રન પૂરા કરી શકશે.

RCBની ટીમ 2008થી ચેન્નાઈમાં જીતની રાહ જોઈ રહી છે

ચેન્નાઈ સુપર કિંગ્સ અને RCB વચ્ચેની આ મેચ ચેન્નાઈના ચેપોક સ્ટેડિયમમાં રમાઈ રહી છે. રોયલ ચેલેન્જર્સ બેંગ્લુરુની ટીમ છેલ્લા 17 વર્ષથી ચેન્નાઈમાં આ ટીમ સામે કોઈ મેચ જીતી શકી નથી. વર્ષ 2008 માં, જ્યારે IPL પ્રથમ વખત રમાઈ હતી, ત્યારે RCBએ CSK ને ચેન્નાઈમાં હરાવ્યું હતું, ત્યારથી જીતની રાહ જોવાઈ રહી હતી. આ રાહ આજે પૂરી થાય છે કે કેમ તે જોવું રહ્યું.",https://gujarati.abplive.com/sports/ipl/virat-kohli-break-record-of-shikhar-dhawan-most-runs-vs-csk-in-ipl-2025-934386,4,2025-04-01 18:32:13
,,"IPL 2025 ની 8 નંબરની મેચ આજે ચેપોકમાં ચેન્નાઈ સુપર કિંગ્સ અને રોયલ ચેલેન્જર્સ બેંગ્લોર વચ્ચે રમાઈ રહી છે. ચેન્નાઈના કેપ્ટન રૂતુરાજ ગાયકવાડે ટોસ જીતીને પ્રથમ બોલિંગ કરવાનો નિર્ણય લીધો છે. ચેન્નાઈના ફાસ્ટ બોલર મથિશા પથિરાના પ્લેઈંગ 11માં પરત ફર્યો છે. ભુવનેશ્વર કુમાર આજે આરસીબી માટે ડેબ્યૂ કરી રહ્યો છે.

🚨 Toss 🚨@ChennaiIPL elected to field against @RCBTweets Updates ▶️ https://t.co/I7maHMwxDS #TATAIPL | #CSKvRCB pic.twitter.com/prn0Ckrfo7

રોયલ ચેલેન્જર્સ બેંગ્લોર પ્લેઈંગ 11

વિરાટ કોહલી, ફિલ સોલ્ટ, દેવદત્ત પડિકલ, રજત પાટીદાર (કેપ્ટન), લિયામ લિવિંગસ્ટોન, જીતેશ શર્મા (વિકેટકીપર), ટિમ ડેવિડ, કૃણાલ પંડ્યા, ભુવનેશ્વર કુમાર, જોશ હેઝલવુડ, યશ દયાલ.

ચેન્નાઈ સુપર કિંગ્સ પ્લેઈંગ 11

રચિન રવિન્દ્ર, રાહુલ ત્રિપાઠી, રુતુરાજ ગાયકવાડ (કેપ્ટન), દીપક હુડા, સેમ કરન, રવિન્દ્ર જાડેજા, એમએસ ધોની (વિકેટકીપર), આર અશ્વિન, નૂર અહેમદ, મથિશા પથિરાના, ખલીલ અહેમદ

ચેન્નાઈ અને આરસીબી હેડ ટુ હેડ આંકડા

RCB સામે ચેન્નાઈ સુપર કિંગ્સનો દબદબો રહ્યો છે. હેડ ટૂ હેડની વાત કરીએ તો મામલો લગભગ એકતરફી છે. ચેન્નાઈએ RCB સામે અત્યાર સુધીમાં 21 મેચ જીતી છે. જ્યારે RCB માત્ર 11 મેચ જીતી શકી છે. જો બંને ટીમોની છેલ્લી પાંચ મેચોની વાત કરીએ તો ચેન્નાઈ 3-2થી આગળ છે.

2008 થી ચેપોકમાં RCB જીત્યું નથી

રોયલ ચેલેન્જર્સ બેંગ્લોરનો ચેપોક એટલે કે એમએ ચિદમ્બરમ સ્ટેડિયમમાં ખૂબ જ ખરાબ રેકોર્ડ છે. વિરાટ કોહલીની આરસીબી અહીં 2008થી જીતી નથી. છેલ્લી વખત આઈપીએલની પ્રથમ સિઝનમાં આરસીબી અહીં જીત્યું હતું. એટલે કે ચેન્નાઈની ટીમ 2008થી ચેપોકમાં આરસીબી સામે કોઈ મેચ હારી નથી.

ચેપોક પિચ રિપોર્ટ

ચેન્નાઈના એમએ ચિદમ્બરમ સ્ટેડિયમની પીચ સ્પિનરો માટે ઘણી મદદગાર છે. અહીં ઘણા મોટા સ્કોર જોવા મળતા નથી. અહીં નવા બોલથી રન બનાવવું સરળ છે, પરંતુ એકવાર બોલ જૂનો થઈ જાય પછી તે રોકાઈને આવે છે. આવી સ્થિતિમાં અહીં સ્પિનરો વધુ અસરકારક સાબિત થાય છે. ચેન્નાઈની ટીમ અહીં ત્રણ સ્પિનરો સાથે આવે છે. આરસીબી પાસે તેની ટીમમાં ચાર સ્પિન વિકલ્પો પણ છે.

મેચ પ્રિડિક્શન

RCB છેલ્લા 17 વર્ષથી ચેપોકમાં ચેન્નાઈને હરાવી શક્યું નથી. પરંતુ આ સિઝનમાં આ ટીમ ઘણી મજબૂત દેખાઈ રહી છે. અમારું મેચ પ્રિડિક્શન મીટર કહી રહ્યું છે કે આ મેચ નજીકની હરીફાઈ હશે. ટાર્ગેટનો પીછો કરતી ટીમને જીતની વધુ તકો હોય છે.",https://gujarati.abplive.com/sports/ipl/ipl-2025-playing-11-toss-update-csk-chose-to-field-against-rcb-bhuvneshwar-kumar-and-matheesha-pathirana-playing-today-934383,4,2025-04-01 18:32:16
,,,https://gujarati.abplive.com/photo-gallery/sports/ipl-ipl-2025-three-cheapest-players-shine-vipraj-nigam-vignesh-puthur-aniket-verma-934375,4,2025-04-01 18:32:20
,,"IPL 2025 viewership record: IPL 2025ની શરૂઆત ધમાકેદાર રહી છે અને પ્રથમ સપ્તાહમાં જ દર્શકોએ અભૂતપૂર્વ પ્રતિસાદ આપ્યો છે. ટીવી અને ડિજિટલ પ્લેટફોર્મ પર દર્શકોની સંખ્યાએ નવો રેકોર્ડ બનાવ્યો છે. આ સિઝનની પ્રથમ ત્રણ મેચોનો કુલ જોવાયો સમય ૫૦ અબજ મિનિટને વટાવી ગયો છે, જે ગત સિઝનની સરખામણીમાં ૩૩ ટકાનો નોંધપાત્ર વધારો દર્શાવે છે.

સ્ટાર સ્પોર્ટ્સ પર પ્રસારિત થયેલી પ્રથમ ત્રણ મેચોને ૨૫.૩ કરોડ લોકોએ નિહાળી હતી. IPLના ઇતિહાસમાં કોઈપણ સિઝનના પ્રથમ વીકએન્ડમાં આટલી ઊંચી વ્યુઅરશિપ ક્યારેય જોવા મળી નથી. આ મેચોનો કુલ જોવાનો સમય ૨,૭૭૦ કરોડ મિનિટ નોંધાયો છે, જે ગયા વર્ષ કરતાં ૨૨ ટકા વધારે છે.

ડિજિટલ પ્લેટફોર્મ JioHotstar પર પણ દર્શકોનો જબરજસ્ત ધસારો જોવા મળ્યો હતો. પ્રથમ ત્રણ મેચોને ૧૩૭ કરોડ વખત જોવામાં આવી છે. IPLના પ્રથમ વીકએન્ડમાં ડિજિટલ પ્લેટફોર્મ પર આટલી મોટી સંખ્યામાં દર્શકોનો આંકડો પહેલીવાર સામે આવ્યો છે, જે ગત વર્ષની સરખામણીમાં ૪૦ ટકાનો વધારો સૂચવે છે. આ પ્લેટફોર્મ પર મેચોનો કુલ જોવાયો સમય ૨,૧૮૬ કરોડ મિનિટ રહ્યો હતો.

IPL 2025ની શરૂઆત ૨૨ માર્ચ શનિવારના રોજ કોલકાતા નાઈટ રાઈડર્સ અને રોયલ ચેલેન્જર્સ બેંગલોર વચ્ચે રમાયેલી મેચથી થઈ હતી. ત્યારબાદ રવિવારે બે મેચ રમાઈ હતી, જેમાં પ્રથમ મેચ સનરાઇઝર્સ હૈદરાબાદ અને રાજસ્થાન રોયલ્સ વચ્ચે અને બીજી મેચ ચેન્નાઈ સુપર કિંગ્સ અને મુંબઈ ઈન્ડિયન્સ વચ્ચે હતી.

🚨 A HISTORIC WEEK FOR JIOSTAR IN IPL 🚨- IPL 2025 registered 137 Crore Views on JioStar, highest ever for an opening weekend 🤯 pic.twitter.com/MBLHnjiAbT

જો પોઈન્ટ ટેબલની વાત કરીએ તો, શુક્રવાર સુધી રમાયેલી ૭ મેચોના આધારે રોયલ ચેલેન્જર્સ બેંગલોર નેટ રન રેટના આધારે ટોચ પર છે. નોંધનીય છે કે ૪ ટીમોએ અત્યાર સુધી ૨-૨ મેચ રમી છે, પરંતુ કોઈ પણ ટીમ બે મેચ જીતવામાં સફળ રહી નથી. બેંગલોરનો નેટ રન રેટ (+૨.૧૩૭) સૌથી સારો છે. આરસીબીની સાથે લખનૌ સુપર જાયન્ટ્સ, પંજાબ કિંગ્સ અને ચેન્નાઈ સુપર કિંગ્સ પોઈન્ટ ટેબલમાં ટોચના ચાર સ્થાનો પર છે.

IPL 2025ના પ્રથમ સપ્તાહમાં દર્શકોની આ રેકોર્ડબ્રેક સંખ્યા દર્શાવે છે કે આ ટુર્નામેન્ટની લોકપ્રિયતા હજુ પણ યથાવત છે અને ક્રિકેટ ચાહકોમાં તેનો જબરજસ્ત ક્રેઝ જોવા મળી રહ્યો છે.",https://gujarati.abplive.com/sports/ipl/ipl-2025-viewership-record-5000-crore-minutes-on-tv-jiohotstar-934369,4,2025-04-01 18:32:23
,,"IPL 2025: ઈન્ડિયન પ્રીમિયર લીગની 18મી આવૃત્તિ ચાલી રહી છે. આજે (શુક્રવારે) ટુર્નામેન્ટની 8મી મેચ ચેન્નાઈ સુપર કિંગ્સ અને રોયલ ચેલેન્જર્સ બેંગ્લોર વચ્ચે છે. સિઝનના પ્રથમ સપ્તાહમાં અત્યાર સુધીમાં ઘણી રોમાંચક મેચો રમાઈ છે. અત્યાર સુધીની મેચોમાં સૌથી લાંબી સિક્સર ફટકારનાર બેટ્સમેન ટ્રેવિસ હેડ છે, જે સનરાઇઝર્સ હૈદરાબાદ ટીમ તરફથી રમી રહ્યો છે. આ યાદીના ટોપ 5 બેટ્સમેનોમાં કોઈ ભારતીય બેટ્સમેન સામેલ નથી.

IPL 2025માં સૌથી લાંબી સિક્સર

રવિવારે (23 માર્ચ) રાજસ્થાન રોયલ્સ સામેની મેચમાં સનરાઇઝર્સ હૈદરાબાદના વિસ્ફોટક બેટ્સમેન ટ્રેવિસ હેડે 105 મીટર છગ્ગો ફટકાર્યો હતો. આઈપીએલ 2025માં આ અત્યાર સુધીની સૌથી લાંબી સિક્સ છે. આ મેચમાં હેડે 31 બોલમાં 67 રન બનાવ્યા હતા. આ ઇનિંગમાં તેણે 3 સિક્સર અને 9 ફોર ફટકારી હતી.

દિલ્હી કેપિટલ્સનો ખેલાડી ટ્રીસ્ટન સ્ટબ્સ IPL 2025માં અત્યાર સુધીની સૌથી લાંબી સિક્સ ફટકારનાર બીજો બેટ્સમેન છે. તેણે લખનઉ સુપર જાયન્ટ્સ સામેની મેચમાં 98 મીટરની સિક્સર ફટકારી હતી. દિલ્હીએ આ મેચ 1 વિકેટથી જીતી લીધી હતી.

IPL 2025માં સૌથી લાંબી સિક્સ મારનાર ટોચના 5 બેટ્સમેનોની યાદી

1. ટ્રેવિસ હેડ (SRH)- વિરુદ્ધ રાજસ્થાન રોયલ્સ- 105 મી2. ટ્રિસ્ટન સ્ટબ્સ (DC)- વિરુદ્ધ લખનઉ સુપર જાયન્ટ્સ- 98 મીટર3. શેરફેન રધરફોર્ડ (GT)- વિરુદ્ધ પંજાબ કિંગ્સ- 97 મીટર4. નિકોલસ પૂરન (LSG)- વિરુદ્ધ સનરાઈઝર્સ હૈદરાબાદ- 97 મીટર5. નિકોલસ પૂરન (LSG)- વિરુદ્ધ સનરાઈઝર્સ હૈદરાબાદ- 96 મીટર

ટોપ 5માં એકપણ ભારતીય ખેલાડી નહીં

સૌથી લાંબી સિક્સર ફટકારવાની વાત કરીએ તો ટોપ 5માં 2 સિક્સર નિકોલસ પૂરનની છે. ગુરુવારે રમાયેલી મેચમાં તેણે હૈદરાબાદ સામે 70 રનની શાનદાર ઇનિંગ રમી હતી.  તેણે એક સિક્સર 97 મીટરની અને એક 96 મીટરની  સિક્સર ફટકારી હતી. 26 બોલમાં રમાયેલી આ ઇનિંગમાં પુરને 6 સિક્સર અને 6 ચોગ્ગા ફટકાર્યા હતા.

પોઈન્ટ ટેબલમાં RCB ટોચ પર છે

IPLની પ્રથમ 7 મેચો પછી, RCB પોઈન્ટ ટેબલમાં ટોચ પર છે, જેણે 1 મેચ જીતી છે પરંતુ તેનો નેટ રન રેટ (+2.137) અન્ય ટીમો કરતા સારો છે. 4 ટીમો (લખનઉ, હૈદરાબાદ, કોલકાતા અને રાજસ્થાન) 2-2 મેચ રમી છે પરંતુ કોઈ પણ બે મેચ જીતી શક્યું નથી. ઋષભ પંતની કેપ્ટનશીપવાળી લખનઉ સુપર જાયન્ટ્સ સારી નેટ રન રેટને કારણે બીજા સ્થાને પહોંચી ગઈ છે. આ પછી પંજાબ કિંગ્સ ત્રીજા નંબર પર છે.",https://gujarati.abplive.com/sports/ipl/top-5-batsmen-who-hit-the-longest-six-in-ipl-2025-no-indian-in-the-list-934368,4,2025-04-01 18:32:26
,,,https://gujarati.abplive.com/photo-gallery/sports/ipl-ipl-2025-flop-performers-rishabh-pant-mohammed-siraj-jofra-archer-struggle-934364,4,2025-04-01 18:32:29
,,"Chennai Super Kings vs Royal Challengers Bengaluru: IPL 2025માં આજે ચેન્નાઈ સુપર કિંગ્સ અને રોયલ ચેલેન્જર્સ બેંગ્લોર વચ્ચે મેચ રમાશે. આ મેચ ચેપોક એટલે કે એમએ ચિદમ્બરમ સ્ટેડિયમમાં રમાશે. બંને ટીમોએ 18મી સિઝનની શરૂઆત જીત સાથે કરી છે. જ્યારે પણ ચેન્નાઈ અને RCBની ટીમો આમને-સામને આવે છે ત્યારે ફેન્સમાં રોમાંચ ચરમ પર પહોંચી જાય છે. આજે પણ બંને ટીમો વચ્ચે જોરદાર ટક્કર જોવા મળી શકે છે.

ચેન્નાઈ અને આરસીબી હેડ ટુ હેડ આંકડા

RCB સામે ચેન્નાઈ સુપર કિંગ્સનો દબદબો રહ્યો છે. હેડ ટૂ હેડની વાત કરીએ તો મામલો લગભગ એકતરફી છે. ચેન્નાઈએ RCB સામે અત્યાર સુધીમાં 21 મેચ જીતી છે. જ્યારે RCB માત્ર 11 મેચ જીતી શકી છે. જો બંને ટીમોની છેલ્લી પાંચ મેચોની વાત કરીએ તો ચેન્નાઈ 3-2થી આગળ છે.

2008 થી ચેપોકમાં RCB જીત્યું નથી

રોયલ ચેલેન્જર્સ બેંગ્લોરનો ચેપોક એટલે કે એમએ ચિદમ્બરમ સ્ટેડિયમમાં ખૂબ જ ખરાબ રેકોર્ડ છે. વિરાટ કોહલીની આરસીબી અહીં 2008થી જીતી નથી. છેલ્લી વખત આઈપીએલની પ્રથમ સિઝનમાં આરસીબી અહીં જીત્યું હતું. એટલે કે ચેન્નાઈની ટીમ 2008થી ચેપોકમાં આરસીબી સામે કોઈ મેચ હારી નથી.

ચેપોક પિચ રિપોર્ટ

ચેન્નાઈના એમએ ચિદમ્બરમ સ્ટેડિયમની પીચ સ્પિનરો માટે ઘણી મદદગાર છે. અહીં ઘણા મોટા સ્કોર જોવા મળતા નથી. અહીં નવા બોલથી રન બનાવવું સરળ છે, પરંતુ એકવાર બોલ જૂનો થઈ જાય પછી તે રોકાઈને આવે છે. આવી સ્થિતિમાં અહીં સ્પિનરો વધુ અસરકારક સાબિત થાય છે. ચેન્નાઈની ટીમ અહીં ત્રણ સ્પિનરો સાથે આવે છે. આરસીબી પાસે તેની ટીમમાં ચાર સ્પિન વિકલ્પો પણ છે.

મેચ પ્રિડિક્શન

RCB છેલ્લા 17 વર્ષથી ચેપોકમાં ચેન્નાઈને હરાવી શક્યું નથી. પરંતુ આ સિઝનમાં આ ટીમ ઘણી મજબૂત દેખાઈ રહી છે. અમારું મેચ પ્રિડિક્શન મીટર કહી રહ્યું છે કે આ મેચ નજીકની હરીફાઈ હશે. ટાર્ગેટનો પીછો કરતી ટીમને જીતની વધુ તકો હોય છે.

RCBની સંભવિત પ્લેઈંગ ઈલેવન- વિરાટ કોહલી, ફિલ સોલ્ટ (વિકેટકીપર), દેવદત્ત પડિકલ, રજત પાટીદાર (કેપ્ટન), લિયામ લિવિંગસ્ટોન, જીતેશ શર્મા (વિકેટકીપર), ટિમ ડેવિડ, કૃણાલ પંડ્યા, રસિખ ડાર, યશ દયાલ, જોશ હેઝલવુડ અને સુયશ શર્મા.

ચેન્નાઈની સંભવિત પ્લેઈંગ ઈલેવન- રાહુલ ત્રિપાઠી, રચિન રવિન્દ્ર, રુતુરાજ ગાયકવાડ (કેપ્ટન), શિવમ દુબે, દીપક હુડા, રવિન્દ્ર જાડેજા, સેમ કરન, એમએસ ધોની (વિકેટકીપર), રવિચંદ્રન અશ્વિન, નાથન એલિસ, નૂર અહેમદ અને ખલીલ અહેમદ.",https://gujarati.abplive.com/sports/ipl/chennai-super-kings-vs-royal-challengers-bengaluru-playing-11-csk-vs-rcb-ma-chidambaram-stadium-pitch-report-ipl-2025-934362,4,2025-04-01 18:32:44
,,"BCCI invites applications for Spin Bowling Coach: BCCI ને તેના બેંગલુરુ સ્થિત સેન્ટર ઓફ એક્સેલન્સ માટે સ્પિન બોલિંગ કોચની જરૂર છે. આ માટે BCCI એ મીડિયા એડવાઇઝરી જાહેર કરી છે. આ એડવાઇઝરીમાં જણાવવામાં આવ્યું છે કે સ્પિન બોલિંગ કોચ માટે શું જરૂરી છે? બેંગલુરુ સ્થિત સેન્ટર ઓફ એક્સેલન્સ ખાતે, ભારતીય સિનિયર ટીમ ઉપરાંત, ભારત-A, ભારત અંડર-19, ભારત અંડર-23, ભારત અંડર-16, ભારત અંડર-15, રાજ્ય ટીમો અને અન્ય ટીમોના સ્પિનરોના કૌશલ્યને સુધારવા પર કામ કરવામાં આવે છે.

UPDATE - BCCI invites applications for Spin Bowling Coach at Centre of Excellence.More details here - https://t.co/ImdvZAvrbU 👇

સેન્ટર ઓફ એક્સેલન્સમાં શું જવાબદારી હશે?

1- ખેલાડીઓ માટે ટ્રેનિંગ સેશનની વ્યવસ્થા.

2 ખેલાડીઓને તેમની જરૂરિયાતો અનુસાર વ્યક્તિગત ટેકનિકલ કોચિંગ પર ભાર.

3- બધા ખેલાડીઓના વ્યક્તિગત પ્રદર્શનનું નિરીક્ષણ કરવું.

4- અન્ય નિષ્ણાત કોચ, પસંદગીકારો અને સપોર્ટ સ્ટાફ સાથે નજીકથી કામ કરવું. જેથી ખેલાડીઓની પ્રતિભાને નિખારી શકાય.

5- આજની આધુનિક ટેકનોલોજીનો વધુ સારો ઉપયોગ

6- ખેલાડીઓની ઇજાઓ સંબંધિત પ્રોટોકોલ પર કામ કરો.

આ માટે કઈ લાયકાત અને અનુભવ જરૂરી છે?

1- આ માટે અરજદાર ભૂતપૂર્વ ભારતીય ખેલાડી હોવો જરૂરી છે અથવા તેણે ફર્સ્ટ ક્લાસ લેવલ પર ઓછામાં ઓછી 75 મેચ રમી હોય. આ માટે છેલ્લા 7 વર્ષમાં ઓછામાં ઓછા 3 વર્ષનો કોચિંગ અનુભવ હોવો જોઈએ.

2- ભારતીય ટીમ સિવાય અરજદારે અન્ય કોઈપણ આંતરરાષ્ટ્રીય ટીમ, ભારત અંડર-19, ભારતીય મહિલા ટીમ, આઈપીએલ ટીમ અથવા કોઈપણ રાજ્ય ટીમ સાથે કામ કર્યું હોવું જોઈએ.

જોકે, અરજદારો 10 એપ્રિલ 2025ના રોજ સાંજે 5 વાગ્યા સુધી તેમની અરજીઓ મોકલી શકે છે. આ માટે BCCI એ તેની લિંક બહાર પાડી છે. ઉપરાંત અરજદારે સબ્જેક્ટ લાઇનમાં 'સ્પિન બોલિંગ કોચ' નો ઉલ્લેખ કરવો આવશ્યક છે.",https://gujarati.abplive.com/sports/cricket/bcci-invites-applications-for-spin-bowling-coach-at-centre-of-excellence-934351,4,2025-04-01 18:32:51
,,"IPL Points Table Update: લખનઉ સુપર જાયન્ટ્સે સનરાઇઝર્સ હૈદરાબાદને આસાનીથી હરાવ્યું હતું. આ રીતે, ઋષભ પંતની કપ્તાની હેઠળ લખનઉ સુપર જાયન્ટ્સ (LSG) ને સિઝનની પ્રથમ જીત મળી હતી. અગાઉ લખનઉ સુપર જાયન્ટ્સને દિલ્હી કેપિટલ્સ (DC) સામે હારનો સામનો કરવો પડ્યો હતો. જો કે, લખનઉ સુપર જાયન્ટ્સની જીત બાદ પોઈન્ટ ટેબલમાં કેટલો ફેરફાર થયો છે ? વાસ્તવમાં, સનરાઈઝર્સ હૈદરાબાદ (SRH) પર લખનઉ સુપર જાયન્ટ્સની જીત પછી, પોઈન્ટ ટેબલ (IPL Points Table) માં મોટો ફેરફાર થયો છે.

સનરાઇઝર્સ હૈદરાબાદને મોટો ઝટકો લાગ્યો છે

આ હાર બાદ પેટ કમિન્સની કેપ્ટન્સી હેઠળની સનરાઈઝર્સ હૈદરાબાદને મોટો ઝટકો લાગ્યો છે. વાસ્તવમાં, હવે સનરાઈઝર્સ હૈદરાબાદ પોઈન્ટ ટેબલમાં છઠ્ઠા સ્થાને સરકી ગઈ છે. આ પહેલા સનરાઇઝર્સ હૈદરાબાદ ટોપ પર હતી. રોયલ ચેલેન્જર્સ બેંગ્લોરને પેટ કમિન્સની કેપ્ટન્સીમાં સનરાઇઝર્સ હૈદરાબાદની હારનો ફાયદો મળ્યો. હવે રોયલ ચેલેન્જર્સ બેંગ્લોર ટોપ પર પહોંચી ગયું છે. જ્યારે ઋષભ પંતની કેપ્ટનશીપવાળી લખનઉ સુપર જાયન્ટ્સ સારી નેટ રન રેટને કારણે બીજા સ્થાને પહોંચી ગઈ છે. આ પછી પંજાબ કિંગ્સ ત્રીજા નંબર પર છે.

પોઈન્ટ ટેબલમાં અન્ય ટીમો ક્યાં છે ?

ચેન્નાઈ સુપર કિંગ્સ (CSK) પોઈન્ટ ટેબલમાં ચોથા સ્થાને છે. જ્યારે અક્ષર પટેલની કપ્તાનીવાળી દિલ્હી કેપિટલ્સ (DC) પાંચમા સ્થાને છે. તેમજ કોલકાતા નાઈટ રાઈડર્સ (KKR) સાતમા નંબરે છે. જો કે, હાલમાં ટોચના ક્રમાંકિત રોયલ ચેલેન્જર્સ બેંગ્લોર (RCB) પાસે સાતમા ક્રમના કોલકાતા નાઈટ રાઈડર્સ (KKR) ની બરાબર 2-2 પોઈન્ટ છે, પરંતુ નેટ રન રેટના આધારે ટીમો આગળ છે. આ સિવાય મુંબઈ ઈન્ડિયન્સ (MI), ગુજરાત ટાઈટન્સ (GT) અને રાજસ્થાન રોયલ્સ (RR) હાર્દિક પંડ્યાની આગેવાની હેઠળ સિઝનની તેમની પ્રથમ જીતની રાહ જોઈ રહ્યા છે.

ઓરેન્જ કેપની રેસ

લખનઉ સુપર જાયન્ટ્સના નિકોલસ પૂરને ગુરુવારે સનરાઇઝર્સ હૈદરાબાદ સામે 70 રનની ધમાકેદાર ઇનિંગ રમી હતી જેમાં રનની બાબતમાં મિશેલ માર્શ સહિત ઘણા ખેલાડીઓને પાછળ છોડી દીધા. લખનઉના નિકોલસ પૂરને ઝડપી અડધી સદીની ઇનિંગ રમી અને ઓરેન્જ કેપની રેસમાં ઘણા ખેલાડીઓને પાછળ છોડી દીધા હતા. પૂરણે માત્ર 26 બોલમાં 70 રન બનાવ્યા હતા. આ ઇનિંગમાં પૂરણે 6 ચોગ્ગા અને એટલા જ છગ્ગા ફટકાર્યા હતા. આ તેની સતત બીજી અડધી સદી છે.",https://gujarati.abplive.com/sports/ipl/ipl-2025-points-table-check-latest-teams-ranking-standings-after-srh-vs-lsg-match-934342,4,2025-04-01 18:32:55
,,"IPLની બે મોટી ટીમો ચેન્નાઈ સુપર કિંગ્સ અને રોયલ ચેલેન્જર્સ બેંગ્લોર 28 માર્ચે ચેપોક સ્ટેડિયમમાં ચાલી રહેલી સિઝનની 8મી મેચમાં સામસામે ટકરાશે. બંને ટીમોએ આ ટૂર્નામેન્ટની શરૂઆત શાનદાર અંદાજમાં કરી છે. CSK અને RCBએ આ સિઝનમાં એક-એક મેચ રમી છે અને બંનેએ પોતાની પ્રથમ મેચમાં જીત મેળવી છે. આ હાઈવોલ્ટેજ મેચ દરમિયાન તમામ ચાહકોની નજર વિરાટ કોહલી અને એમએસ ધોની પર રહેશે. આ મેચમાં RCBના દિગ્ગજ બેટ્સમેન પાસે એક ખાસ રેકોર્ડ પોતાના નામે કરવાની તક હશે. વિરાટ કોહલી આ મેચ દરમિયાન શિખર ધવનનો મોટો રેકોર્ડ તોડી શકે છે.

વિરાટ વધુ એક રેકોર્ડ પોતાના નામે કરશે

વિરાટ કોહલીએ IPL 2025 ની શરૂઆત એવી જ રીતે કરી છે જેવી તેની પાસેથી અપેક્ષા હતી. તેણે કેકેઆર સામેની પહેલી જ મેચમાં અડધી સદી ફટકારી હતી. વિરાટ તે મેચમાં 36 બોલમાં 59 રન બનાવીને અણનમ રહ્યો હતો. આરસીબીના ચાહકો ઈચ્છે છે કે વિરાટનું ફોર્મ આખી સિઝન દરમિયાન આવુ જ રહે. આ દરમિયાન ચેન્નાઈ સામે રમાનારી મેચમાં પણ તેને એક ખાસ રેકોર્ડ પોતાના નામે કરવાની તક મળશે. જો વિરાટ કોહલી આ મેચમાં 5 રન બનાવી લે છે તો તે IPL ઈતિહાસમાં ચેન્નાઈ સુપર કિંગ્સ સામે સૌથી વધુ રન બનાવનાર બેટ્સમેન બની જશે. હાલમાં આ રેકોર્ડ શિખર ધવનના નામે છે. શિખરે IPLમાં CSK વિરૂદ્ધ 1057 રન બનાવ્યા હતા. જ્યારે વિરાટ 1053 રન સાથે આ યાદીમાં બીજા સ્થાને છે.

IPLમાં CSK સામે સૌથી વધુ રન બનાવનાર બેટ્સમેન

શિખર ધવન- 1057 રનવિરાટ કોહલી- 1053 રનરોહિત શર્મા- 896 રનદિનેશ કાર્તિક- 727 રનડેવિડ વોર્નર- 696 રન

વિરાટ આવું કરનાર પ્રથમ ભારતીય બની શકે છે

વિરાટ કોહલી T20 ફોર્મેટમાં 13,000 રન પૂરા કરવાથી માત્ર 55 રન દૂર છે. જો વિરાટ ચેન્નાઈ સુપર કિંગ્સ સામેની મેચમાં 55 રન બનાવી લે છે તો તે T20માં 13000 રન પૂરા કરનાર પ્રથમ ભારતીય અને વિશ્વનો 5મો ખેલાડી બની જશે. ટી-20માં સૌથી વધુ રન બનાવવાનો રેકોર્ડ ક્રિસ ગેલના નામે છે. તેણે આ ફોર્મેટમાં 14562 રન બનાવ્યા છે.

T-20 ફોર્મેટમાં સૌથી વધુ રન બનાવનાર બેટ્સમેન ક્રિસ ગેલ- 14562 રનએલેક્સ હેલ્સ- 13610 રનશોએબ મલિક- 13557 રનકિરોન પોલાર્ડ- 13537 રનવિરાટ કોહલી- 12945 રન",https://gujarati.abplive.com/sports/ipl/ipl-2025-virat-kohli-set-to-create-history-vs-csk-will-become-batsman-with-934339,4,2025-04-01 18:32:59
,,,https://gujarati.abplive.com/photo-gallery/sports/ipl-ipl-2025-orange-cap-standings-after-srh-vs-lsg-pooran-climbs-to-top-934334,4,2025-04-01 18:33:04
,,"ક્રિકેટ જગતના લગભગ તમામ સ્ટાર ખેલાડીઓ હાલમાં IPLમાં રમી રહ્યા છે. પાકિસ્તાન અને ન્યૂઝીલેન્ડની ટીમો વચ્ચે એક આંતરરાષ્ટ્રીય શ્રેણી રમાઈ રહી છે. આ દરમિયાન એક સ્ટાર ક્રિકેટરે નિવૃત્તિની જાહેરાત કરી છે. આ ખેલાડીએ ફર્સ્ટ ક્લાસ ક્રિકેટ છોડવાનો નિર્ણય લીધો છે. તે નવેમ્બર 2024થી આ ફોર્મેટનો ભાગ નથી. જોકે, આ ખેલાડી લિસ્ટ A અને T20 ક્રિકેટમાં રમવાનું ચાલુ રાખશે.

સ્ટાર ખેલાડીએ અચાનક નિવૃત્તિની જાહેરાત કરી

38 વર્ષીય ઓસ્ટ્રેલિયન ક્રિકેટર મોઇસેસ હેનરિકસે ફર્સ્ટ-ક્લાસ ક્રિકેટમાંથી નિવૃત્તિની જાહેરાત કરી છે. હેનરિક્સે ઓસ્ટ્રેલિયા માટે ચાર ટેસ્ટ રમી છે, તે વન-ડે કપમાં ન્યૂ સાઉથ વેલ્સ માટે ઉપલબ્ધ રહેશે અને સિડની સિક્સર્સ સાથેના તેના વર્તમાન કરારમાં એક સીઝન બાકી છે, જેનો તે કેપ્ટન પણ છે. હેનરિક્સ નવેમ્બરની શરૂઆતથી શેફિલ્ડ શીલ્ડમાં ન્યૂ સાઉથ વેલ્સ માટે કોઈ મેચ રમ્યો ન હતો અને હવે તેણે આ ફોર્મેટને અલવિદા કહી દીધું છે.

નિવૃત્તિની જાહેરાત કરતા મોઇસિસ હેનરિકેસે કહ્યું હતું કે, 'મેં આ વર્ષે ક્રિસમસ પહેલા નિર્ણય લીધો હતો કે મારે શેફિલ્ડ શીલ્ડ ક્રિકેટ રમવાનું બંધ કરી દેવું જોઈએ.' આટલા લાંબા સમય સુધી આ રાજ્યમાં રમવું અને તેનું નેતૃત્વ કરવું એ એક સન્માનની વાત હતી પરંતુ ન્યૂ સાઉથ વેલ્સ માટે રમવું એ ફક્ત શબ્દો અને તૈયારી દ્વારા જ નહીં પરંતુ પ્રદર્શન દ્વારા પણ નેતૃત્વ કરવાનો છે. આ ઉંમરે પણ મારું શરીર હજુ પણ સક્ષમ છે પરંતુ હું મેચ જીતી શક્યો નહીં અને રમતના લાંબા ફોર્મેટમાં મારા રાજ્યનું નેતૃત્વ કરી શક્યો નહીં, જે મને લાગે છે કે તમારે આ ઉંમરે કરવું જોઈએ.

ફર્સ્ટ ક્લાસ ક્રિકેટમાં આવું પ્રદર્શન હતું

તેમણે 2013માં ચેન્નઈમાં ભારત સામેની પોતાની ટેસ્ટ ડેબ્યૂ મેચમાં 68 અને 81 અણનમ રન બનાવ્યા હતા પરંતુ 2016માં ભારત સામે બે અને શ્રીલંકા સામે એક મેચમાં તે બે આંકડા સુધી પહોંચી શક્યો ન હતો. તેણે પોતાની કારકિર્દી દરમિયાન કુલ 131 લિસ્ટ A મેચ રમી હતી, જેમાં તેમણે 34.84 ની સરેરાશથી 6830 રન બનાવ્યા હતા. આ સમયગાળા દરમિયાન તેણે 13 સદી ફટકારી છે. ઉપરાંત, તેણે 30.75 ની સરેરાશથી 127 વિકેટ પણ ઝડપી છે.",https://gujarati.abplive.com/sports/cricket/former-australian-test-cricketer-moises-henriques-announces-first-class-retirement-934309,4,2025-04-01 18:33:07
,,"IPL 2025ની આઠમી મેચ ચેન્નઈ સુપર કિંગ્સ અને રોયલ ચેલેન્જર્સ બેંગ્લોર વચ્ચે રમાશે. આ મેચ ચેન્નઈના ચેપોક સ્ટેડિયમમાં રમાશે. ચેન્નઈને ઘરઆંગણે હરાવવું ખૂબ મુશ્કેલ છે. આવી સ્થિતિમાં RCB માટે એક મોટો પડકાર હશે.

બંને ટીમોએ પોતાની પહેલી મેચ જીતી લીધી છે. આરસીબીએ પહેલી મેચમાં કેકેઆરને હરાવ્યું છે. ચેન્નઈ સુપર કિંગ્સે મુંબઈ ઈન્ડિયન્સને હરાવ્યું છે. ચેપોકમાં સ્પિનરો હંમેશા શ્રેષ્ઠ રહ્યા છે. છેલ્લી મેચમાં નૂર અહેમદે મુંબઈ સામે ચાર વિકેટ લીધી હતી.

ચેપોક સ્ટેડિયમ પિચ રિપોર્ટ

ચેન્નઈ અને મુંબઈ વચ્ચે IPLની 18મી સીઝનની 8મી મેચ ચેપોક સ્ટેડિયમ ખાતે રમાશે. ચેપોક સ્ટેડિયમની પિચ સ્પિનરો માટે મદદરૂપ રહી છે. જોકે, આ પીચ પર બેટિંગ કરવી ખૂબ પડકારજનક રહી છે. જેના કારણે બેટ્સમેનોને બાઉન્ડ્રી ફટકારવા માટે ઘણો સંઘર્ષ કરવો પડે છે.

ચેપોકના આંકડા શું છે?

એમ ચિદમ્બરમ સ્ટેડિયમ મેદાન પર કુલ 78 IPL મેચ રમાઈ છે, જેમાંથી બેટિંગ કરતી ટીમે 46 મેચ જીતી છે, જ્યારે લક્ષ્યનો પીછો કરતી ટીમે 32 મેચ જીતી છે. IPLમાં CSK અને RCB વચ્ચે અત્યાર સુધીમાં કુલ 33 મેચ રમાઈ છે, જેમાંથી ચેન્નઈ સુપર કિંગ્સની ટીમે 21 મેચ જીતી છે, જ્યારે RCBની ટીમે 11 મેચ જીતી છે. જ્યારે એક મેચ અનિર્ણિત રહી હતી.

ચેન્નઈ હવામાન સ્થિતિ

શુક્રવારે ચેન્નઈમાં વાદળછાયું વાતાવરણ રહેશે. મહત્તમ તાપમાન 34 ડિગ્રી સેલ્સિયસ અને લઘુત્તમ તાપમાન 27 ડિગ્રી સેલ્સિયસ રહેવાની શક્યતા છે. વરસાદની શક્યતા 10 ટકા છે. પવન 21 કિલોમીટર પ્રતિ કલાકની ઝડપે ફૂંકાશે. જોકે, મેચ દરમિયાન વરસાદની કોઈ શક્યતા નથી.

લખનૌ સુપર જાયન્ટ્સે IPL ૨૦૨૫ની પોતાની બીજી મેચમાં શાનદાર પ્રદર્શન કરતાં સનરાઇઝર્સ હૈદરાબાદને તેમના જ ઘરઆંગણે ૫ વિકેટે કારમી હાર આપી છે. આ મેચમાં લખનૌની જીતનો પાયો શાર્દુલ ઠાકુરે પોતાની ઘાતક બોલિંગથી નાખ્યો હતો, જ્યારે બેટિંગમાં નિકોલસ પુરન અને મિશેલ માર્શે તોફાની ઇનિંગ્સ રમીને ટીમને વિજય અપાવ્યો હતો. આ જીત સાથે લખનૌ સુપર જાયન્ટ્સે IPL ૨૦૨૫માં વિજયી શરૂઆત કરી છે.",https://gujarati.abplive.com/sports/ipl/ipl-2025-match-8-csk-vs-rcb-match-who-will-win-todays-ipl-match-between-csk-vs-rcb-934300,4,2025-04-01 18:33:11
,,"SRH vs LSG Full Match Highlights: લખનૌ સુપર જાયન્ટ્સે IPL ૨૦૨૫ની પોતાની બીજી મેચમાં શાનદાર પ્રદર્શન કરતાં સનરાઇઝર્સ હૈદરાબાદને તેમના જ ઘરઆંગણે ૫ વિકેટે કારમી હાર આપી છે. આ મેચમાં લખનૌની જીતનો પાયો શાર્દુલ ઠાકુરે પોતાની ઘાતક બોલિંગથી નાખ્યો હતો, જ્યારે બેટિંગમાં નિકોલસ પુરન અને મિશેલ માર્શે તોફાની ઇનિંગ્સ રમીને ટીમને વિજય અપાવ્યો હતો. આ જીત સાથે લખનૌ સુપર જાયન્ટ્સે IPL ૨૦૨૫માં વિજયી શરૂઆત કરી છે.

હૈદરાબાદના રાજીવ ગાંધી ઇન્ટરનેશનલ સ્ટેડિયમમાં રમાયેલી આ મેચમાં લખનૌના કેપ્ટને ટોસ જીતીને પ્રથમ બોલિંગ કરવાનો નિર્ણય લીધો હતો, જે સાચો સાબિત થયો. પ્રથમ બેટિંગ કરવા ઉતરેલી સનરાઇઝર્સ હૈદરાબાદની ટીમને લખનૌના બોલરોએ ૧૯૦ રનના સ્કોર સુધી સીમિત કરી દીધી હતી. ખાસ કરીને શાર્દુલ ઠાકુરે પોતાની ચુસ્ત બોલિંગથી હૈદરાબાદના બેટિંગ લાઇન-અપની કમર તોડી નાખી હતી. તેણે મેચમાં કુલ ૪ વિકેટ ઝડપી હતી, જેના કારણે હૈદરાબાદ મોટો સ્કોર કરવામાં સફળ રહ્યું નહોતું.

૧૯૧ રનના લક્ષ્યનો પીછો કરવા ઉતરેલી લખનૌ સુપર જાયન્ટ્સની શરૂઆત ભલે થોડી ધીમી રહી, પરંતુ ત્રીજા નંબર પર બેટિંગ કરવા આવેલા નિકોલસ પુરને મેદાન પર આવતાની સાથે જ આક્રમક બેટિંગ શરૂ કરી દીધી હતી. તેણે માત્ર ૨૬ બોલમાં ૬ ચોગ્ગા અને ૬ છગ્ગાની મદદથી ૭૦ રનની તોફાની ઇનિંગ રમી હતી. પુરનને મિશેલ માર્શનો પણ સારો સાથ મળ્યો હતો, જેણે ૩૧ બોલમાં ૫૨ રન બનાવ્યા હતા. માર્શની આ IPL ૨૦૨૫માં સતત બીજી અડધી સદી છે. આ બંને બેટ્સમેનોની ધમાકેદાર બેટિંગના કારણે લખનૌએ લક્ષ્યને સરળતાથી પાર કરી લીધું હતું.

જો કે, લખનૌની ઇનિંગમાં એક સમયે થોડી મુશ્કેલી આવી હતી, પરંતુ અંતિમ ઓવરોમાં અબ્દુલ સમદે ૮ બોલમાં ૨ ચોગ્ગા અને ૨ છગ્ગાની મદદથી ૨૨ રનની ઝડપી ઇનિંગ રમીને ટીમને વિજયની નજીક પહોંચાડી દીધી હતી. લખનૌ સુપર જાયન્ટ્સે ૧૬.૧ ઓવરમાં જ ૫ વિકેટ ગુમાવીને ૧૯૪ રન બનાવી લક્ષ્ય હાંસલ કરી લીધું હતું.

બીજી તરફ, સનરાઇઝર્સ હૈદરાબાદ માટે આ મેચ નિરાશાજનક રહી હતી. પ્રથમ મેચમાં શૂન્ય પર આઉટ થયેલો ઋષભ પંત આ મેચમાં પણ મોટી ઇનિંગ રમવામાં નિષ્ફળ રહ્યો હતો અને માત્ર ૧૫ બોલમાં ૧૫ રન બનાવી શક્યો હતો. હૈદરાબાદની હાર પરથી એ પણ સ્પષ્ટ થાય છે કે તેમની બેટિંગ મુખ્યત્વે ટોપ ઓર્ડરના ત્રણ બેટ્સમેનો પર નિર્ભર છે.

ઉલ્લેખનીય છે કે શાર્દુલ ઠાકુરને મેગા ઓક્શનમાં કોઈ ખરીદનાર મળ્યું ન હતું, પરંતુ મોહસીન ખાન ઈજાગ્રસ્ત થતાં તેને લખનૌની ટીમમાં સામેલ કરવામાં આવ્યો હતો અને તેણે આ મેચમાં પોતાની બોલિંગથી ટીમને જીત અપાવીને પોતાની કિંમત સાબિત કરી દીધી છે. આ જીત લખનૌ સુપર જાયન્ટ્સ માટે ઘણી મહત્વની છે અને તેનાથી ટીમના ખેલાડીઓનો આત્મવિશ્વાસ વધશે.",https://gujarati.abplive.com/sports/ipl/nicholas-pooran-shardul-thakur-shine-as-lsg-beats-srh-match-summary-934296,4,2025-04-01 18:33:15
,,"Nicholas Pooran IPL fastest 50: લખનૌ સુપર જાયન્ટ્સના બેટ્સમેન નિકોલસ પૂરને સનરાઇઝર્સ હૈદરાબાદ સામે ગુરુવારે રમાયેલી મેચમાં ધમાકેદાર ઇનિંગ રમીને IPLના ઇતિહાસમાં પોતાનું નામ સુવર્ણ અક્ષરે અંકિત કરી દીધું છે. પુરને માત્ર ૨૬ બોલમાં ૭૦ રન બનાવ્યા હતા, જેમાં ૬ છગ્ગા અને એટલા જ ચોગ્ગાનો સમાવેશ થાય છે. આ ઇનિંગની મદદથી લખનૌએ હૈદરાબાદને ૫ વિકેટે હરાવ્યું હતું, પરંતુ તે પહેલા પુરને એક ખાસ રેકોર્ડ પોતાના નામે કર્યો હતો.

૧૯૧ રનના લક્ષ્યનો પીછો કરતી લખનૌ સુપર જાયન્ટ્સની શરૂઆત સારી રહી ન હતી અને માત્ર ૪ રનના સ્કોર પર એડન માર્કરામની વિકેટ ગુમાવી દીધી હતી. ત્યારબાદ ત્રીજા નંબરે બેટિંગ કરવા આવેલા નિકોલસ પુરને મિચેલ માર્શ સાથે મળીને ૧૧૬ રનની મહત્વપૂર્ણ ભાગીદારી કરી હતી. પુરને આ દરમિયાન માત્ર ૧૮ બોલમાં પોતાની અડધી સદી પૂરી કરીને IPLમાં એક અનોખો રેકોર્ડ બનાવ્યો હતો.

નિકોલસ પુરને પોતાની આ ઇનિંગમાં ૨૬ બોલમાં ૭૦ રન બનાવ્યા હતા અને તે ૯મી ઓવરના ચોથા બોલ પર પેટ કમિન્સ દ્વારા આઉટ થયો હતો. આ પહેલા તેણે IPLમાં સૌથી વધુ વખત ૨૦ બોલમાં પોતાની અડધી સદી પૂરી કરવાનો રેકોર્ડ પોતાના નામે કરી લીધો હતો. આ ચોથી વખત છે જ્યારે પુરને IPLમાં ૨૦ બોલમાં કે તેથી ઓછા બોલમાં પોતાની ફિફ્ટી ફટકારી હોય. આ સાથે જ તેણે આ યાદીમાં ટ્રેવિસ હેડને પાછળ છોડી દીધો છે, જેણે ત્રણ વખત આ સિદ્ધિ મેળવી છે. જેક ફ્રેઝર-મેકગર્કે પણ ત્રણ વખત આવું કર્યું છે.

Pooran Power 💥Nicholas Pooran smashes a 5⃣0⃣ off just EIGHTEEN deliveries 😮How many sixes will he end up with tonight?Updates ▶ https://t.co/X6vyVEvxwz#TATAIPL | #SRHvLSG | @LucknowIPL pic.twitter.com/WMSJcBM1wt

પુરનની આ શાનદાર ઇનિંગ બાદ ઓરેન્જ કેપ પણ તેના સુધી પહોંચી ગઈ છે. તેણે દિલ્હી કેપિટલ્સ સામે રમાયેલી પ્રથમ મેચમાં પણ ૭૫ રન બનાવ્યા હતા. આમ, બે મેચમાં તેના કુલ ૧૪૫ રન થયા છે અને તે આ સિઝનમાં સૌથી વધુ રન બનાવનાર બેટ્સમેન બની ગયો છે. નિકોલસ પુરન ૨૦૧૯થી IPLમાં રમી રહ્યો છે અને તેણે અત્યાર સુધીમાં ૭૮ મેચમાં ૧૦ અડધી સદીની મદદથી ૧૮૪૪ રન બનાવ્યા છે.

ગુરુવારે રમાયેલી મેચની વાત કરીએ તો, લખનૌ સુપર જાયન્ટ્સે સનરાઇઝર્સ હૈદરાબાદને ૫ વિકેટે પરાજય આપ્યો હતો. પ્રથમ બેટિંગ કરતા હૈદરાબાદે ૧૯૦ રન બનાવ્યા હતા, જેના જવાબમાં લખનૌએ ૧૬.૫ ઓવરમાં જ લક્ષ્ય હાંસલ કરી લીધું હતું. આ સિઝનમાં લખનૌની આ પ્રથમ જીત છે અને તેમાં નિકોલસ પુરનની તોફાની ઇનિંગનો મહત્વનો ફાળો રહ્યો હતો.",https://gujarati.abplive.com/sports/ipl/srh-vs-lsg-nicholas-pooran-breaks-record-for-fastest-ipl-fifties-934295,4,2025-04-01 18:33:18
,,,https://gujarati.abplive.com/sports/ipl/ipl-2025-sunrisers-hyderabad-vs-lucknow-super-giants-live-score-updates-934258,4,2025-04-01 18:33:23
,,"SRH vs CSK IPL 2025: ઈશાન કિશનનું નામ આજે IPLની એક અનોખી યાદીમાં નોંધાયું છે. પોતાની છેલ્લી મેચમાં અણનમ સદી ફટકારનાર ઈશાન આ મેચમાં પહેલા જ બોલ પર આઉટ થઈને પેવેલિયન ભેગો થયો હતો.

ક્રિકેટમાં એવું કહેવાય છે કે એક મેચમાં સદી અને બીજી મેચમાં શૂન્ય, પરંતુ આવું ભાગ્યે જ જોવા મળે છે. જો આંતરરાષ્ટ્રીય ક્રિકેટને બાજુ પર રાખીએ અને માત્ર IPLની વાત કરીએ તો ઈન્ડિયન પ્રીમિયર લીગના ઈતિહાસમાં આવું ફક્ત બે જ વખત બન્યું છે. હવે ઈશાન કિશને આ યાદીમાં પોતાનું નામ નોંધાવ્યું છે. સનરાઈઝર્સ હૈદરાબાદ માટે પોતાની પ્રથમ મેચ રમતા ઈશાન કિશને રાજસ્થાન રોયલ્સ સામેની મેચમાં શાનદાર સદી ફટકારી હતી અને મેદાનમાં દોડીને તેની ઉજવણી પણ કરી હતી, પરંતુ લખનૌ સુપર જાયન્ટ્સ સામેની આજની મેચમાં તે પહેલા જ બોલ પર એટલે કે ગોલ્ડન ડક પર આઉટ થઈ ગયો હતો.

શાર્દુલ ઠાકુરે પોતાની પહેલી જ ઓવરમાં સતત બે બોલ પર પહેલા ઓપનર અભિષેક શર્મા અને પછી ઈશાન કિશનને પેવેલિયનનો રસ્તો બતાવ્યો હતો. ઈશાન કિશન IPLમાં પહેલીવાર સનરાઇઝર્સ હૈદરાબાદની ટીમ તરફથી રમી રહ્યો છે. તેણે પોતાની ડેબ્યૂ મેચમાં જ ૪૭ બોલમાં ૧૦૬ રનની અણનમ ઇનિંગ રમી હતી. પરંતુ આજે જ્યારે તે એલએસજી સામે બેટિંગ કરવા ઉતર્યો ત્યારે તે શાર્દુલ ઠાકુરના બોલ પર રિષભ પંતના હાથે કેચ આઉટ થયો અને ખાતું ખોલાવ્યા વિના જ પેવેલિયન પરત ફર્યો. ઈશાન કિશનના આઉટ થવાથી ટીમ પર દબાણ વધી ગયું હતું કારણ કે તે ત્રીજા ક્રમે બેટિંગ કરવા આવ્યો હતો.

આ પહેલા IPLના ઈતિહાસમાં આવું માત્ર એક જ વાર બન્યું હતું જ્યારે કોઈ બેટ્સમેને એક મેચમાં સદી ફટકારી હોય અને બીજી મેચમાં ગોલ્ડન ડક પર આઉટ થયો હોય. વર્ષ ૨૦૧૩માં સીએસકે તરફથી રમતા સુરેશ રૈનાએ પંજાબ કિંગ્સ સામે સદી ફટકારી હતી, ત્યારબાદ મુંબઈ ઈન્ડિયન્સ સામેની આગામી મેચમાં તે ગોલ્ડન ડકનો શિકાર બન્યો હતો. હવે ઈશાન કિશન આ યાદીમાં સામેલ થનાર બીજો બેટ્સમેન બની ગયો છે.

આ મેચમાં સનરાઇઝર્સ હૈદરાબાદની શરૂઆત ખૂબ જ ખરાબ રહી હતી. અભિષેક શર્મા માત્ર ૬ રન બનાવીને આઉટ થયો હતો અને ટીમનો સ્કોર માત્ર ૧૫ રન હતો. ત્યારબાદ ઈશાન કિશન પણ આ જ સ્કોર પર આઉટ થઈ ગયો હતો. ટ્રેવિસ હેડે ૪૭ રન બનાવ્યા બાદ આઉટ થતાં ટીમને મોટો ફટકો પડ્યો હતો. જો કે, ત્યારબાદ હેનરિક ક્લાસેન અને નીતિશ કુમાર રેડ્ડીએ ઇનિંગ્સને સંભાળવાનો પ્રયાસ કર્યો હતો.",https://gujarati.abplive.com/sports/ipl/ipl-stats-ishan-kishan-suresh-raina-others-who-followed-a-century-with-a-golden-duck-934274,5,2025-04-01 18:33:28
,,"BCCI Central Contract List 2025 Sheyas Iyer: તાજેતરમાં, BCCI સેન્ટ્રલ કોન્ટ્રાક્ટનો વિષય ચર્ચામાં છે. ભારતીય ક્રિકેટ કંટ્રોલ બોર્ડ (BCCI) આ અઠવાડિયે સેન્ટ્રલ કોન્ટ્રાક્ટ યાદી જાહેર કરી શકે છે, જેમાં શ્રેયસ ઐયરની વાપસી નિશ્ચિત માનવામાં આવી રહી છે. ગયા વર્ષે ઘરેલુ ક્રિકેટ ન રમવા બદલ ઐયરને સેન્ટ્રલ કોન્ટ્રાક્ટ લિસ્ટમાંથી બહાર કરવામાં આવ્યો હતો. હવે એક મીડિયા રિપોર્ટમાં ખુલાસો થયો છે કે BCCI સચિવ દેવજીત સૈકિયા 29 માર્ચે ભારતીય ક્રિકેટ ટીમના મુખ્ય કોચ ગૌતમ ગંભીર અને મુખ્ય પસંદગીકાર અજિત અગરકર સાથે કેન્દ્રીય કરાર યાદીની ચર્ચા અંગે બેઠક કરી શકે છે.

શ્રેયસ ઐયર પાછો ફરશે, ઈશાન કિશનનું શું થશે?ટાઈમ્સ ઓફ ઈન્ડિયામાં પ્રકાશિત થયેલા અહેવાલ મુજબ, શ્રેયસ ઐયરને તેનો BCCI સેન્ટ્રલ કોન્ટ્રાક્ટ પાછો મળવાનો છે, પરંતુ ઈશાન કિશન અંગેની પરિસ્થિતિ હજુ સ્પષ્ટ નથી. તમને યાદ અપાવી દઈએ કે ગયા વર્ષે પણ ઈશાનને ઘરેલુ ક્રિકેટ ન રમવાને કારણે સેન્ટ્રલ કોન્ટ્રાક્ટ લિસ્ટમાંથી બહાર કરી દેવામાં આવ્યો હતો. ઇશાનને સેન્ટ્રલ કોન્ટ્રાક્ટ આપવો જોઈએ કે નહીં તે અંગે ચર્ચા હજુ પણ ચાલી રહી છે.

A+ કેટેગરીને લઈને હોબાળો મચ્યોતાજેતરમાં, BCCI ની સેન્ટ્રલ કોન્ટ્રાક્ટ યાદીમાં A+ શ્રેણીને લઈને હોબાળો થયો છે. એવી અટકળો લગાવવામાં આવી રહી છે કે રોહિત શર્મા, વિરાટ કોહલી અને રવિન્દ્ર જાડેજાને આ શ્રેણીમાંથી બહાર કરી શકાય છે. પરંતુ ટાઇમ્સ ઓફ ઇન્ડિયાના અહેવાલમાં જણાવાયું છે કે T20 ક્રિકેટમાંથી નિવૃત્તિ લેવા છતાં, ત્રણેય સિનિયર ક્રિકેટરોનું A+ શ્રેણીમાં સ્થાન નિશ્ચિત જણાય છે. તમને જણાવી દઈએ કે BCCI આ શ્રેણીમાં સમાવિષ્ટ ક્રિકેટરોને વાર્ષિક 7 કરોડ રૂપિયાનો પગાર આપે છે.

શ્રેયસ ઐયરને તેના ઉત્તમ પ્રદર્શન માટે ભેટ મળશેજો આપણે શ્રેયસ ઐયરને જોઈએ તો તેને તેના શાનદાર પ્રદર્શન માટે પુરસ્કાર મળશે. તે ચેમ્પિયન્સ ટ્રોફી 2025માં ભારત માટે સૌથી વધુ રન બનાવનાર ખેલાડી હતો. તેણે ટુર્નામેન્ટમાં રમાયેલી પાંચ મેચમાં 48.60 ની પ્રભાવશાળી સરેરાશથી 243 રન બનાવ્યા હતા. જોકે, બીજા કયા ખેલાડીઓને A+ ગ્રેડમાં સમાવવા તે અંગે કોઈ વિગત બહાર આવી નથી.  તમને જણાવી દઈએ કે, શ્રેયસ અય્યર આઈપીએલમાં પણ ધમાલ મચાવી રહ્યો છે. પંજાબના કેપ્ટને પહેલી મેચમાં જ સદી દમદાર બેટિંગ કરી હતી.",https://gujarati.abplive.com/sports/cricket/bcci-central-contract-list-2025-shreyas-iyer-to-return-big-update-on-rohit-sharma-virat-kohli-a-plus-category-934268,5,2025-04-01 18:33:33
,,"Team India central contract: ભારતીય ક્રિકેટ ટીમમાં ટૂંક સમયમાં મોટા ફેરફારો જોવા મળી શકે છે. ટીમ દ્વારા સતત બે ICC ટૂર્નામેન્ટ જીત્યા બાદ પણ હવે સપોર્ટ સ્ટાફમાં ઘટાડો થવાની સંભાવના છે. એક રિપોર્ટ અનુસાર, ફિલ્ડિંગ કોચ ટી. દિલીપ, જે ચાર વર્ષથી ટીમ સાથે જોડાયેલા છે, તેમને તેમના પદ પરથી દૂર કરવામાં આવી શકે છે. આ સમાચાર એવા સમયે સામે આવ્યા છે જ્યારે ટીમ ઇન્ડિયાના સેન્ટ્રલ કોન્ટ્રાક્ટની જાહેરાત પણ ટૂંક સમયમાં થવાની છે.

ગૌતમ ગંભીર અને BCCI સેક્રેટરી વચ્ચેની બેઠક બાદ ટીમ ઇન્ડિયાના ખેલાડીઓના સેન્ટ્રલ કોન્ટ્રાક્ટને મંજૂરી આપવામાં આવી શકે છે. જો કે, આ દરમિયાન ટીમ ઇન્ડિયાના સપોર્ટ સ્ટાફમાં ફેરબદલની શક્યતાઓ પણ વધી ગઈ છે. રિપોર્ટ અનુસાર, ગૌતમ ગંભીરની ટીમમાં સપોર્ટ સ્ટાફ ઘટાડવામાં આવી શકે છે. ચાર વર્ષથી ટીમ સાથે રહેલા ફિલ્ડિંગ કોચ ટી. દિલીપનું પત્તું કપાઈ શકે છે. બીજી તરફ, ગૌતમ ગંભીર, મોર્ને મોર્કેલ, રેયાન ટેન ડેસ્કાથે અને અભિષેક નાયર જેવા નવા સભ્યોના કરાર યથાવત્ રહેવાની શક્યતા છે. BCCI કેટલાક નવા સભ્યોને સામેલ કરવાની સાથે સપોર્ટ સ્ટાફને ઓછો કરવાની યોજના બનાવી રહ્યું છે.

BCCI આગામી ૩૦ માર્ચે ટીમ ઇન્ડિયાના સેન્ટ્રલ કોન્ટ્રાક્ટ પર અંતિમ નિર્ણય લઈ શકે છે. અહેવાલો અનુસાર, BCCI સેક્રેટરી દેવજીત સૈકિયા IPL 2025ની મેચ CSK વિરુદ્ધ RR દરમિયાન મુખ્ય પસંદગીકાર અજીત અગરકર અને મુખ્ય કોચ ગૌતમ ગંભીર સાથે આ મુદ્દે ચર્ચા કરશે. સામાન્ય રીતે IPL પહેલાં કેન્દ્રીય કરારની જાહેરાત કરવામાં આવે છે, પરંતુ આ વખતે તેમાં વિલંબ થયો છે. અગાઉના અહેવાલોમાં દાવો કરવામાં આવ્યો હતો કે BCCI ચેમ્પિયન્સ ટ્રોફી સમાપ્ત થવાની રાહ જોઈ રહ્યું છે જેથી કરાર પર નિર્ણય લઈ શકાય. જો કે, હકીકતમાં ટીમ ઇન્ડિયાએ તાજેતરમાં સતત બે ICC ટૂર્નામેન્ટમાં શાનદાર પ્રદર્શન કર્યું છે.

દૈનિક જાગરણના અહેવાલ મુજબ, BCCI સેક્રેટરી રવિવારે ગંભીર અને અગરકર સાથે મુલાકાત કરશે અને કેન્દ્રીય કરાર અંગે ચર્ચા કરશે. આ જાહેરાતમાં વિલંબનું મુખ્ય કારણ ભારતના મુખ્ય કોચ ગૌતમ ગંભીરની ઉપલબ્ધતા ન હતી, જેઓ હાલમાં પરિવાર સાથે રજાઓ ગાળવા ફ્રાન્સ ગયા છે. જો કે, રિપોર્ટમાં એવો પણ દાવો કરવામાં આવ્યો છે કે BCCIના ટોચના અધિકારીના નજીકના સહયોગીએ પહેલાથી જ ટીમ મેનેજમેન્ટ અને મુખ્ય પસંદગીકાર સાથે ફોન પર કેન્દ્રીય કરાર અંગે ચર્ચા કરી લીધી છે. રિપોર્ટ્સ અનુસાર, બોર્ડ અને ટીમ મેનેજમેન્ટ હજુ પણ કોન્ટ્રાક્ટને લઈને એક જ મત પર નથી. ૩૦ માર્ચે યોજાનારી બેઠકમાં આ મુદ્દા પર અંતિમ નિર્ણય લેવામાં આવે તેવી શક્યતા છે. આ સાથે જ મોટો પ્રશ્ન એ પણ છે કે T20 ફોર્મેટમાંથી નિવૃત્તિ લઈ ચૂકેલા રોહિત શર્મા અને વિરાટ કોહલી હજુ પણ A+ કરારમાં રહેશે કે કેમ. ટીમ ઇન્ડિયાની સફળતા બાદ સપોર્ટ સ્ટાફમાં સંભવિત ફેરબદલ અને સેન્ટ્રલ કોન્ટ્રાક્ટ અંગેનો નિર્ણય ક્રિકેટ જગતમાં ચર્ચાનો વિષય બન્યો છે.",https://gujarati.abplive.com/sports/cricket/team-india-s-central-contract-support-staff-reduction-latest-update-934243,5,2025-04-01 18:33:36
,,"LSG vs SRH Head To Head Record: આજે IPLમાં લખનઉ સુપર જાયન્ટ્સ અને સનરાઇઝર્સ હૈદરાબાદ (SRH) ની ટીમો એકબીજા સામે ટકરાશે. બંને ટીમો વચ્ચેની મેચ હૈદરાબાદમાં રમાશે. વળી, આ મેચ ભારતીય સમય મુજબ સાંજે 7.30 વાગ્યે શરૂ થશે. શું ઋષભ પંતની આગેવાની હેઠળ લખનઉ સુપર જાયન્ટ્સ (LSG) સિઝનની પોતાની પહેલી જીત નોંધાવી શકશે? અગાઉ, લખનઉ સુપર જાયન્ટ્સ વિજેતા પક્ષમાં હોવા છતાં દિલ્હી કેપિટલ્સ (ડીસી) સામે મેચ હારી ગયું હતું. આ મેચમાં કઈ ટીમનો હાથ ઉપર છે? ઉપરાંત, બંને ટીમોનો હેડ ટૂ હેડ રેકોર્ડ કેવો રહ્યો છે ?

બંને ટીમોનો હેડ ટૂ હેડ રેકોર્ડ કેવો રહ્યો ?હકીકતમાં, આંકડા દર્શાવે છે કે લખનઉ સુપર જાયન્ટ્સનો પેટ કમિન્સની આગેવાની હેઠળની સનરાઇઝર્સ હૈદરાબાદ સામે ઉત્તમ હેડ-ટૂ-હેડ રેકોર્ડ છે. અત્યાર સુધીમાં બંને ટીમો ચાર વખત એકબીજા સામે ટકરાઈ છે. લખનઉ સુપર જાયન્ટ્સે સનરાઇઝર્સ હૈદરાબાદને 3 વખત હરાવ્યું છે. વળી, સનરાઇઝર્સ હૈદરાબાદ લખનઉ સુપર જાયન્ટ્સ સામે ફક્ત એક જ વાર જીત્યું છે. આ રીતે, જૂના રેકોર્ડ્સ પરથી સ્પષ્ટ થાય છે કે સનરાઇઝર્સ હૈદરાબાદ સામે લખનઉ સુપર જાયન્ટ્સનો હાથ ઉપર રહ્યો છે, પરંતુ શું લખનૌ સુપર જાયન્ટ્સ સનરાઇઝર્સ હૈદરાબાદની વર્તમાન ટીમને હરાવી શકશે? આ પ્રશ્ન રહે છે, કારણ કે આ સમયે સનરાઇઝર્સ હૈદરાબાદના બેટ્સમેનો વિસ્ફોટક બેટિંગ કરી રહ્યા છે. બોલરો પણ પોતાનું કામ ખૂબ સારી રીતે કરી રહ્યા છે.

ગઇ સિઝનમાં LSG સનરાઇઝર્સ હૈદરાબાદ સામે 10 વિકેટથી હારી ગયું હતું લખનઉ સુપર જાયન્ટ્સ (LSG) સામે સનરાઇઝર્સ હૈદરાબાદ (SRH)નો શ્રેષ્ઠ સ્કોર 182 રન છે. વળી, સનરાઇઝર્સ હૈદરાબાદ સામે લખનઉ સુપર જાયન્ટ્સનો શ્રેષ્ઠ સ્કોર ૧૮૫ રન છે. અગાઉ IPL 2024 સિઝનમાં લખનઉ સુપર જાયન્ટ્સ અને સનરાઇઝર્સ હૈદરાબાદની ટીમો એકબીજા સામે ટકરાઈ હતી. તે મેચમાં સનરાઇઝર્સ હૈદરાબાદે લખનઉ સુપર જાયન્ટ્સને 10 વિકેટથી હરાવ્યું.",https://gujarati.abplive.com/sports/ipl/lsg-vs-srh-ipl-match-news-read-head-to-head-record-between-lucknow-super-giants-vs-sunrisers-hyderabad-with-ipl-rishabh-pant-934226,5,2025-04-01 18:33:39
,,"SRH vs LSG IPL 2025: આજે IPL 2025 માં સનરાઇઝર્સ હૈદરાબાદ અને લખનઉ સુપર જાયન્ટ્સ વચ્ચે મેચ થવા જઈ રહી છે. આ મેચ ભારતીય સમય મુજબ સાંજે 7:30 વાગ્યે શરૂ થશે. તમને જણાવી દઈએ કે SRH તેની પહેલી મેચ જીત્યા પછી આવી રહ્યું છે, જ્યારે લખનઉ તેની પહેલી મેચમાં દિલ્હી કેપિટલ્સ સામે એક વિકેટથી હારી ગયું હતું. આજની મેચમાં ઘણા મજબૂત બેટ્સમેન રમતા જોવા મળશે, તેથી રનનો ભારે વરસાદ થવાની અપેક્ષા છે. પરંતુ શું તમે જાણો છો કે આજની મેચમાં 2 એવા ખેલાડીઓ રમશે, જેમની IPLમાં કિંમત 50 કરોડ રૂપિયા છે.

50 કરોડની કિંમતના બે ખેલાડીઓ - જો આપણે સનરાઇઝર્સ હૈદરાબાદ અને લખનઉ સુપર જાયન્ટ્સની ટીમો પર નજર કરીએ તો તેમાં 2 એવા ખેલાડીઓ છે, જેઓ IPL 2025 માં સૌથી વધુ કમાણી કરનારા ખેલાડીઓમાં સામેલ છે. તેમાં પહેલું નામ ઋષભ પંતનું છે, જેને મેગા ઓક્શનમાં લખનઉ સુપર જાયન્ટ્સે 27 કરોડ રૂપિયામાં ખરીદ્યો હતો. આ સાથે, તે IPL ઇતિહાસનો સૌથી મોંઘો ખેલાડી પણ બની ગયો. બીજું નામ હેનરિક ક્લાસેનનું છે, જેને SRH એ 23 કરોડ રૂપિયામાં રિટેન કર્યો હતો. આ બંને ખેલાડીઓનો સંયુક્ત પગાર ૫૦ કરોડ રૂપિયા છે.

ઋષભ પંત અને હેનરિક ક્લાસેન અત્યાર સુધી IPL 2025 માં ફક્ત એક જ મેચ રમ્યા છે. દિલ્હી કેપિટલ્સ સામેની મેચમાં LSG કેપ્ટન પંત શૂન્યના સ્કોર પર આઉટ થયો હતો. બીજી તરફ, ક્લાસેનએ તેની પહેલી મેચમાં ૧૪ બોલમાં ૩૪ રનની ધમાકેદાર ઇનિંગ રમી હતી.

લખનઉ-હૈદરાબાદ મેચમાં થશે રનનો વરસાદ - સનરાઇઝર્સ હૈદરાબાદે IPL 2025 માં પોતાની પહેલી જ મેચમાં 286 રન બનાવ્યા હતા, જેમાં ઇશાન કિશને અણનમ 106 રન બનાવ્યા હતા. SRH ટીમમાં ટ્રેવિસ હેડ, અભિષેક શર્મા અને હેનરિક ક્લાસેન જેવા મજબૂત બેટ્સમેન છે. લખનઉએ પણ ટૂર્નામેન્ટની પોતાની પહેલી મેચમાં 200 થી વધુ રન બનાવ્યા હતા. બે સૌથી મજબૂત બેટિંગ લાઇન-અપ ધરાવતી ટીમો વચ્ચેની મેચમાં ચોક્કસપણે રનનો વરસાદ થશે.",https://gujarati.abplive.com/sports/ipl/ipl-2025-news-today-srh-vs-lsg-match-and-it-will-see-two-players-worth-50-crore-rishabh-pant-and-heinrich-klaasen-highest-price-player-934225,5,2025-04-01 18:33:42
,,"Ishan Kishan Anil Chaudhary Funny Video: ભારતીય ક્રિકેટર ઈશાન કિશન અને ભૂતપૂર્વ આંતરરાષ્ટ્રીય અમ્પાયર અનિલ ચૌધરીનો એક વીડિયો વાયરલ થઈ રહ્યો છે. ખરેખર, ચૌધરીએ સોશિયલ મીડિયા પર એક વીડિયો ક્લિપ શેર કરી છે, જેમાં ઇશાન કિશન સાથેની તેમની વાતચીત ચર્ચાનો વિષય બની છે. કિશન, જેણે IPL 2025 ની પોતાની પહેલી જ મેચમાં 106 રન બનાવીને જોરદાર સદી ફટકારી હતી. આ વાયરલ વીડિયોમાં, તેણે પાકિસ્તાની વિકેટકીપર અને પાકિસ્તાન ODI ટીમના કેપ્ટન મોહમ્મદ રિઝવાન પર પણ કટાક્ષ કર્યો છે, જે વિકેટકીપિંગ દરમિયાન ખૂબ જ વધારે અપીલ કરતો રહે છે.

A post shared by Anil Chaudhary (@anilchaudhary.13)

અનિલ ચૌધરીએ કિશનની પ્રશંસા કરતા કહ્યું કે તે હવે એક પરિપક્વ ખેલાડી બની ગયો છે. આ સાથે તેમણે એ પ્રશ્ન પણ પૂછ્યો કે પહેલા ઇશાન વિકેટકીપિંગ કરતી વખતે ઘણી અપીલ કરતો હતો પણ હવે તે એવું નથી કરતો. ચૌધરીએ પૂછ્યું કે આ પરિવર્તન કેવી રીતે આવ્યું?

જો હું મોહમ્મદ રિઝવાન જેવું કંઈક કરું તો...ઈશાન કિશને રમુજી રીતે જવાબ આપ્યો અને કહ્યું, ""મને લાગે છે કે અમ્પાયરો સ્માર્ટ બની ગયા છે. જો આપણે દર વખતે અપીલ કરીએ, તો અમ્પાયર આઉટ હશે કો પણ નોટ-આઉટ આપશે. તેથી યોગ્ય છે કે, એકવાર અપીલ કરો, જ્યારે પણ યોગ્ય હોય ત્યારે અપીલ કરો, તમને પણ વિશ્વાસ થશે કે આપણે યોગ્ય સમયે અપીલ કરી રહ્યા છીએ. નહીંતર, જો હું હવે મોહમ્મદ રિઝવાન જેવું કંઈક કરીશ, તો તમે મારી અપીલ પર એક પણ વાર આઉટ નહીં આપો.

ઈશાન કિશન શાનદાર ફોર્મમાં છેઈશાન કિશન હાલમાં શાનદાર ફોર્મમાં છે. રાજસ્થાન રોયલ્સ સામેની મેચમાં તેણે અણનમ ૧૦૬ રનની તોફાની ઇનિંગ રમી હતી. આ ઇનિંગમાં તેણે 11 ચોગ્ગા અને 6 છગ્ગા ફટકાર્યા. અગાઉ, SRH એ એક ઇન્ટ્રા-સ્ક્વોડ મેચનું આયોજન કર્યું હતું, તેમાં પણ કિશનએ તોફાની બેટિંગ કરી હતી. કિશન તેની આઈપીએલ કારકિર્દીમાં 3,000 રન પૂરા કરવાની ખૂબ નજીક છે. આ માટે તેણે 250 વધુ રન બનાવવા પડશે.",https://gujarati.abplive.com/sports/cricket/ishan-kishan-trolls-pakistan-captain-mohammad-rizwan-wicketkeeping-skills-viral-video-with-umpire-anil-chaudhary-ipl-2025-934215,5,2025-04-01 18:33:45
,,"IPL 2025 ટુર્નામેન્ટની સાતમી મેચ સનરાઇઝર્સ હૈદરાબાદ અને લખનઉ સુપર જાયન્ટ્સ વચ્ચે રમાશે. લખનઉ સુપર જાયન્ટ્સ આ મેચ માટે પ્લેઇંગ 11માં ફેરફાર કરશે. લખનઉ સુપર જાયન્ટ્સનો સામનો સનરાઇઝર્સ હૈદરાબાદ ટીમ સામે થશે. આવી સ્થિતિમાં લખનઉ સુપર જાયન્ટ્સ સામે આ મેચમાં વિજયી વાપસી કરવાનો પડકાર છે પરંતુ પહેલી મેચમાં હૈદરાબાદની બેટિંગ જોયા પછી શ્રેષ્ઠ બોલરોને પ્લેઇંગ ઇલેવનમાં સામેલ કરવા લખનઉ માટે જરૂરી છે.

લખનઉ સુપર જાયન્ટ્સની ટીમમા ફેરફારની શક્યતા

આવી સ્થિતિમાં લખનઉ સુપર જાયન્ટ્સ આ મેચમાં તેમના પ્લેઇંગ 11માં ફેરફાર કરે તેવી પ્રબળ શક્યતા છે. કેપ્ટન ઋષભ પંત બેટિંગ લાઇનઅપમાં કોઈ ફેરફાર કરશે નહીં. જોકે, બોલિંગમાં ફેરફારની શક્યતા છે. કારણ કે દિલ્હી કેપિટલ્સ સામે બોલરોનું પ્રદર્શન સરેરાશ રહ્યું હતું.

દિલ્હી કેપિટલ્સ સામેની મેચમાં લખનઉની બોલિંગ નબળી રહી હતી. શાર્દુલ ઠાકુર સિવાય અન્ય બોલરો કંઈ ખાસ કરી શક્યા નહીં. પ્રિન્સ યાદવે સૌથી વધુ રન આપ્યા હતા. તેણે 4 ઓવરમાં 47 રન આપ્યા હતા.

LSG ની બોલિંગ નિરાશાજનક રહી

જ્યારે રવિ બિશ્નોઈએ 53 રન આપીને 2 વિકેટ લીધી હતી. શાહબાઝ અહેમદનું પ્રદર્શન પણ નિરાશાજનક રહ્યું હતું. આવી સ્થિતિમાં એવી શક્યતા છે કે ઋષભ પંત ફાસ્ટ બોલર અવેશ ખાનને પ્લેઇંગ ઇલેવનમાં સામેલ કરી શકે છે. હૈદરાબાદ સામેની મેચમાં પ્રિન્સની જગ્યાએ તેને તક આપવામાં આવે તેવી શક્યતા છે. હૈદરાબાદ કોઈ ફેરફાર કરવા માંગશે નહીં.

લખનઉની સંભવિત પ્લેઇંગ 11

એડમ માર્કરામ, મિશેલ માર્શ, નિકોલસ પૂરન, ઋષભ પંત, ડેવિડ મિલર, આયુષ બદોની, શાર્દુલ ઠાકુર, શાહબાઝ અહેમદ, રવિ બિશ્નોઈ, દિગ્વેશ રાઠી, અવેશ ખાન.

હૈદરાબાદની સંભવિત પ્લેઇંગ 11

ટ્રેવિસ હેડ, અભિષેક શર્મા, ઇશાન કિશન, નીતિશ કુમાર રેડ્ડી, હેનરિક ક્લાસેન (વિકેટકીપર), અનિકેત વર્મા, અભિનવ મનોહર, પેટ કમિન્સ (કેપ્ટન), સિમરજીત સિંહ, એડમ ઝમ્પા, મોહમ્મદ શમી.

કોલકાતા નાઈટ રાઈડર્સે રાજસ્થાન રોયલ્સને 8 વિકેટથી હરાવીને સીઝનની પોતાની પહેલી જીત નોંધાવી. જ્યારે રાજસ્થાન સતત બીજી મેચ હારી ગયું. પ્રથમ બેટિંગ કરતા રાજસ્થાન રોયલ્સ ફક્ત 151 રન જ બનાવી શક્યું. KKR બોલરોએ શાનદાર પ્રદર્શન કર્યું. લક્ષ્યનો પીછો કરતા, ક્વિન્ટન ડી કોકે 97 રનની અણનમ ઇનિંગ રમી. KKR એ 15 બોલ બાકી રહેતા લક્ષ્ય હાંસલ કરી લીધું.",https://gujarati.abplive.com/sports/ipl/srh-vs-lsg-playing-11-sunrisers-hyderabad-vs-lucknow-super-giants-934184,5,2025-04-01 18:33:49
,,"Kolkata Knight Riders beat Rajasthan Royals: બુધવારે, કોલકાતા નાઈટ રાઈડર્સે રાજસ્થાન રોયલ્સને 8 વિકેટથી હરાવીને સીઝનની પોતાની પહેલી જીત નોંધાવી. જ્યારે રાજસ્થાન સતત બીજી મેચ હારી ગયું. પ્રથમ બેટિંગ કરતા રાજસ્થાન રોયલ્સ ફક્ત 151 રન જ બનાવી શક્યું. KKR બોલરોએ શાનદાર પ્રદર્શન કર્યું. લક્ષ્યનો પીછો કરતા, ક્વિન્ટન ડી કોકે 97 રનની અણનમ ઇનિંગ રમી. KKR એ 15 બોલ બાકી રહેતા લક્ષ્ય હાંસલ કરી લીધું.

Q for Quality, Q for Quinton 👌👌A sensational unbeaten 9⃣7⃣ runs to seal the deal ✅Scorecard ▶ https://t.co/lGpYvw87IR#TATAIPL | #RRvKKR | @KKRiders pic.twitter.com/kbjY1vbjNL

152 રનનો પીછો કરતા, મોઈન અલીએ ક્વિન્ટન ડી કોક સાથે ઇનિંગ્સની શરૂઆત કરી. અલી આજે KKR માટે પોતાની પહેલી મેચ રમી રહ્યો હતો, તે ફક્ત 5 રન બનાવીને રન આઉટ થયો. કેપ્ટન અજિંક્ય રહાણે પણ 15 બોલમાં 18 રન બનાવીને વાનિન્દુ હસરંગાનો શિકાર બન્યો. જોકે, બીજી બાજુ, ડી કોકે સારા શોટ રમ્યા અને ટીમ પર દબાણ ન આવવા દીધું. રહાણે આઉટ થયો ત્યારે KKRનો સ્કોર 10.1 ઓવરમાં 70 રન હતો.

ક્વિન્ટન ડી કોકે 18મી ઓવરના ત્રીજા બોલ પર સિક્સર ફટકારીને ટીમને જીત અપાવી. જોકે, તે પોતાની સદીથી 3 રન દૂર રહ્યો. તેણે 61 બોલમાં અણનમ 97 રન બનાવ્યા. આ ઇનિંગમાં તેણે 6 છગ્ગા અને 8 ચોગ્ગા ફટકાર્યા.  જ્યારે અંગક્રીશ રઘુવંશી 17 બોલમાં 22 રન બનાવી અણનમ રહ્યો હતો.

KKR ટીમના કેપ્ટન અજિંક્ય રહાણેએ ટોસ જીતીને પ્રથમ બોલિંગ કરવાનો નિર્ણય લીધો છે. પ્રથમ બેટિંગ કરતા રાજસ્થાન રોયલ્સ 20 ઓવરમાં ફક્ત 151 રન બનાવી શક્યું. રાજસ્થાન તરફથી ધ્રુવ જુરેલે 33 રન બનાવ્યા જ્યારે યશસ્વી જયસ્વાલે 29 રન બનાવ્યા. KKR તરફથી વૈભવ અરોરા, હર્ષિત રાણા, મોઈન અલી અને વરુણ ચક્રવર્તીએ 2-2 વિકેટ લીધી જ્યારે સ્પેન્સર જોહ્ન્સન પણ એક વિકેટ લેવામાં સફળ રહ્યો.

રાજસ્થાન રોયલ્સ: રિયાન પરાગ (કેપ્ટન), સંજુ સેમસન, યશસ્વી જયસ્વાલ, નીતિશ રાણા, ધ્રુવ જુરેલ (વિકેટકીપર), શિમરોન હેટમાયર, વાનિન્દુ હસરંગા, જોફ્રા આર્ચર, મહિશ થિક્સાના, તુષાર દેશપાંડે અને સંદીપ શર્મા.

કોલકાતા નાઈટ રાઈડર્સ: અજિંક્ય રહાણે (કેપ્ટન), વેંકટેશ અય્યર, ક્વિન્ટન ડી કોક (વિકેટકીપર), રિંકુ સિંહ, મોઈન અલી, આન્દ્રે રસેલ, રમણદીપ સિંહ, હર્ષિત રાણા, વરુણ વક્રવર્તી, સ્પેન્સર જોહ્ન્સન.

They get off the mark in #TATAIPL 2025 😎✅A comprehensive show with both bat and ball for the defending champions @KKRiders in Guwahati 💜Scorecard ▶ https://t.co/lGpYvw87IR#RRvKKR pic.twitter.com/4p2tukzLau",https://gujarati.abplive.com/sports/cricket/kolkata-knight-riders-won-by-8-wicket-rr-vs-kkr-ipl-2025-934175,5,2025-04-01 18:33:52
,,,https://gujarati.abplive.com/sports/cricket/rajasthan-royals-vs-kolkata-knight-riders-6th-match-in-guwahati-live-score-update-934155,5,2025-04-01 18:33:55
,,"RR vs KKR Match: ઇન્ડિયન પ્રીમિયર લીગની 18મી સીઝનનો કાફલો આજે ગુવાહાટી પહોંચી ગયો છે, જ્યાં આ સીઝનની છઠ્ઠી મેચ રાજસ્થાન રોયલ્સ અને કોલકાતા નાઈટ રાઇડર્સ વચ્ચે બારસાપારા ક્રિકેટ સ્ટેડિયમ ખાતે રમાઈ રહી છે. આ મેચમાં, KKR ટીમના કેપ્ટન અજિંક્ય રહાણેએ ટોસ જીતીને પ્રથમ બોલિંગ કરવાનો નિર્ણય લીધો છે. પ્રથમ બેટિંગ કરતા રાજસ્થાન રોયલ્સ 20 ઓવરમાં ફક્ત 151 રન બનાવી શક્યું. રાજસ્થાન તરફથી ધ્રુવ જુરેલે 33 રન બનાવ્યા જ્યારે યશસ્વી જયસ્વાલે 29 રન બનાવ્યા.

KKR તરફથી વૈભવ અરોરા, હર્ષિત રાણા, મોઈન અલી અને વરુણ ચક્રવર્તીએ 2-2 વિકેટ લીધી જ્યારે સ્પેન્સર જોહ્ન્સન પણ એક વિકેટ લેવામાં સફળ રહ્યો. બંને ટીમોની વર્તમાન સિઝનની શરૂઆત સારી રહી ન હતી કારણ કે તેમને તેમની પહેલી મેચમાં હારનો સામનો કરવો પડ્યો હતો. રાજસ્થાન રોયલ્સ સનરાઇઝર્સ હૈદરાબાદ સામે 44 રનથી મેચ હારી ગયું, જ્યારે કેકેઆર આરસીબી સામે 7 વિકેટથી મેચ હારી ગયું. આવી સ્થિતિમાં, બંને ટીમો આ મેચ જીતીને પોઈન્ટ ટેબલમાં પોતાનું ખાતું ખોલવાનો પ્રયાસ કરશે.

Spinners casting their magic 🪄First Varun Chakravarthy and then Moeen Ali 💜Updates ▶ https://t.co/lGpYvw7zTj#TATAIPL | #RRvKKR | @KKRiders pic.twitter.com/EfWc2iLVIx

KKRના સ્પિનરો છવાયા, ઝડપી બોલરોએ કરી કમાલ

કોલકાતા નાઈટ રાઈડર્સ માટે પાંચેય બોલરોએ તેમના સંપૂર્ણ ક્વોટા ઓવર ફેંક્યા. વૈભવ અરોરાએ 4 ઓવરમાં 33 રન આપીને 2 વિકેટ લીધી. હર્ષિત રાણાએ 36 રન આપ્યા. બંને આર્થિક હતા પરંતુ સ્પિનરોએ વધુ પ્રભાવિત કર્યા. મોઈન અલીએ 4 ઓવરમાં ફક્ત 23 રન આપ્યા અને વરુણ ચક્રવર્તીએ ફક્ત 17 રન આપ્યા. ચારેય બોલરોએ 2-2 વિકેટ લીધી. જ્યારે સ્પેન્સર જોહ્ન્સનને 1 વિકેટ મળી.

આર્ચરે મહત્વપૂર્ણ રન બનાવ્યા

ચક્રવર્તીએ રાજસ્થાનમાં પોતાનો ડેબ્યૂ રમી રહેલા વાનિન્દુ હસરંગા (4) ની વિકેટ લીધી. ઈમ્પેક્ટ પ્લેયર તરીકે મેદાનમાં ઉતરેલા શુભમ દુબે પણ સસ્તામાં પાછો ફર્યો, તેમને 9 રનના સ્કોર પર વૈભવ અરોરાએ આઉટ કર્યા. ટીમ માટે વિકેટકીપર બેટ્સમેન ધ્રુવ જુરેલે સૌથી વધુ 33 રન બનાવ્યા. તેણે 28 બોલની આ ઇનિંગમાં 5 ચોગ્ગા ફટકાર્યા. છેલ્લી ઓવરોમાં, જોફ્રા આર્ચરે મહત્વપૂર્ણ 16 રન બનાવ્યા, તેણે આ રન ફક્ત 7 બોલમાં બનાવ્યા. આર્ચરે 2 છગ્ગા ફટકાર્યા.

રાજસ્થાન રોયલ્સ: રિયાન પરાગ (કેપ્ટન), સંજુ સેમસન, યશસ્વી જયસ્વાલ, નીતિશ રાણા, ધ્રુવ જુરેલ (વિકેટકીપર), શિમરોન હેટમાયર, વાનિન્દુ હસરંગા, જોફ્રા આર્ચર, મહિશ થિક્સાના, તુષાર દેશપાંડે અને સંદીપ શર્મા.

કોલકાતા નાઈટ રાઈડર્સ: અજિંક્ય રહાણે (કેપ્ટન), વેંકટેશ અય્યર, ક્વિન્ટન ડી કોક (વિકેટકીપર), રિંકુ સિંહ, મોઈન અલી, આન્દ્રે રસેલ, રમણદીપ સિંહ, હર્ષિત રાણા, વરુણ વક્રવર્તી, સ્પેન્સર જોહ્ન્સન.",https://gujarati.abplive.com/sports/cricket/rr-vs-kkr-match-rajasthan-gave-kkr-a-target-of-152-runs-ipl-2025-934167,5,2025-04-01 18:33:59
,,"IPL 2025: IPLની ચોથી મેચમાં, દિલ્હી કેપિટલ્સે લખનૌ સુપર જાયન્ટ્સને રોમાંચક મેચમાં હરાવ્યું. આ મેચમાં લખનૌ છેલ્લી ઘડી સુધી જીતી રહ્યું હતું પરંતુ દિલ્હી માટે આશુતોષ શર્માએ 66 રનની મેચવિનિંગ ઇનિંગ રમી હતી. છેલ્લી ઓવરમાં, ઋષભ પંત પણ મોહિત શર્માનો એક સ્ટમ્પ ચૂકી ગયો, નહીં તો લખનૌને 2 પોઈન્ટ મળ્યા હોત કારણ કે તે દિલ્હીની ઇનિંગ્સની છેલ્લી વિકેટ હતી. આ ખરાબ હાર બાદ ટીમના માલિક સંજીવ ગોયન્કા મેદાન પર આવ્યા અને ઋષભ પંત અને મુખ્ય કોચ જસ્ટિન લેંગર સાથે વાત કરી. તેમનો આ વીડિયો પણ ખૂબ વાયરલ થયો હતો.

Intensity on the ground, camaraderie off it. Looking ahead to the next one. #LSG #LSGvsDC pic.twitter.com/dGjlTlVBk7

ખરેખર, ગયા વર્ષે પણ LSG ટીમના માલિક સંજીવ ગોએન્કાનો એક વીડિયો વાયરલ થયો હતો. તે સમયે, ઋષભ પંતની જગ્યાએ કેએલ રાહુલ (તે ગયા વર્ષે એલએસજીનો કેપ્ટન હતો) મેદાન પર હતો. વીડિયોમાં સ્પષ્ટપણે જોવા મળ્યું હતું કે ગોએન્કા રાહુલની કેપ્ટનશીપ અને ટીમની હારથી ખૂબ ગુસ્સે થયા હતા. આ દરમિયાન રાહુલ વચ્ચે વચ્ચે કંઈક કહેવાનો પ્રયાસ કરતો રહ્યો પણ પછી ચૂપ રહ્યો. આ વીડિયો પછી, ક્રિકેટ ચાહકોએ ગોએન્કાના વર્તનને અયોગ્ય ગણાવ્યું.

રાહુલને રિટેન કરવામાં આવ્યો ન હતો

લખનૌ સુપર જાયન્ટ્સે 2022 થી તેમના IPL અભિયાનની શરૂઆત કરી હતી. પ્રથમ આવૃત્તિમાં, ટીમે કેએલ રાહુલને પોતાનો કેપ્ટન બનાવ્યો હતો. રાહુલે પહેલી બે સીઝનમાં ટીમને એલિમિનેટર રાઉન્ડ સુધી પહોંચાડી હતી પરંતુ ગયા વર્ષે (2024) ટીમ લીગ સ્ટેજમાંથી બહાર થઈ ગઈ હતી. આ સિઝનમાં એક મેચ દરમિયાન, હારથી નારાજ ગોએન્કા મેદાન પર રાહુલને કંઈક કહેતા જોવા મળ્યા હતા. વીડિયો જોયા બાદ સ્પષ્ટપણે અનુમાન લગાવી શકાય તેમ હતું કે ગોએન્કા ગુસ્સામાં રાહુલને કંઈક કહી રહ્યા હતા. જે બાદ આ વર્ષે હરાજી પહેલા, રાહુલને ફ્રેન્ચાઇઝ દ્વારા રિલીઝ કરવામાં આવ્યો હતો અને ઋષભ પંતને તેના નવા કેપ્ટન તરીકે પસંદ કરવામાં આવ્યો હતો.

LSG સાથે ઋષભ પંતની શરૂઆત સારી ન રહી

લખનૌ સુપર જાયન્ટ્સને લખનૌ સુપર જાયન્ટ્સે 27 કરોડ રૂપિયામાં ખરીદ્યો. તે આઈપીએલના ઇતિહાસમાં સૌથી મોંઘો વેચાયેલ ખેલાડી બન્યો. જોકે, લખનૌ સાથે તેની શરૂઆત સારી ન રહી, ટીમ દિલ્હી કેપિટલ્સ સામે જીતેલી મેચ હારી ગઈ. આ મેચ પછી, ટીમના માલિક સંજીવ ગોએન્કા મેદાન પર આવીને પંત સાથે વાત કરતા જોવા મળ્યા. જોકે, આ વખતે તેની અભિવ્યક્તિ પહેલા કરતાં નરમ હતી.

જો કે, એવું નહોતું લાગતું કે તે ખૂબ ગુસ્સામાં હતા કે પંતને ઠપકો આપી રહ્યા હતા. પરંતુ એક પ્રશ્ન એ ઊભો થાય છે કે, શું IPL ટીમના માલિક મેદાનમાં આવીને કોઈ ખેલાડીના ખરાબ પ્રદર્શન માટે તેને ઠપકો આપી શકે છે અથવા ગુસ્સે થઈ શકે છે?

શું BCCI એ કોઈ નિયમ બનાવ્યો છે?

IPL ફ્રેન્ચાઇઝ માલિકો માટે ઘણા નિયમો છે, જેમ કે તેમને આવકમાં કેટલો હિસ્સો મળશે અથવા તેમણે ટીમ કેવી રીતે ચલાવવી. માહિતી અનુસાર, ટીમ માલિકોએ ખેલાડીઓ સાથે કેવી રીતે વાત કરવી જોઈએ તે અંગે કોઈ સ્પષ્ટ નિયમો નથી. જોકે, તેમની પાસેથી પ્રોફેશનલી રીતે વર્તવાની અપેક્ષા રાખવામાં આવે છે. ટીમના ખરાબ પ્રદર્શન કે હારથી ટીમ માલિકોને દુઃખ થઈ શકે છે, પરંતુ મેચ પછી ખેલાડીઓ પર ગુસ્સો કાઢવો કે અભદ્ર વાત કરવી અયોગ્ય છે.",https://gujarati.abplive.com/sports/cricket/ipl-2025-can-ipl-teams-owners-come-on-the-field-and-get-angry-at-players-what-is-bcci-rule-on-this-934157,5,2025-04-01 18:34:03
,,"IPL Opening Ceremony At Lucknow: શાહરૂખ ખાન ઉપરાંત અરિજિત સિંહ, શ્રેયા ઘોષાલ અને દિશા પટણી જેવા પ્રખ્યાત ચહેરાઓએ IPL ઓપનિંગ સેરેમનીમાં પોતાનો જલવો બિખેર્યો હતો અને હવે ગાયક મિકા સિંહ IPL ઇવેન્ટમાં વધુ ગ્લેમર ઉમેરવા માટે તૈયાર છે. ખરેખર, મિકા સિંહ લખનઉના અટલ બિહારી એકાના સ્ટેડિયમમાં પોતાનું પર્ફોર્મન્સ આપશે. IPL એ તેના સત્તાવાર સોશિયલ મીડિયા હેન્ડલ પરથી તેને પોસ્ટ કર્યું છે. આ પોસ્ટમાં કહેવામાં આવ્યું છે કે પ્રખ્યાત ગાયક મિકા સિંહ 1 એપ્રિલે લખનૌના અટલ બિહારી એકાના સ્ટેડિયમમાં પરફોર્મ કરશે.

નીતિ મોહન અને સિદ્ધાર્થ મહાદેવનના પ્રદર્શન પર ચાહકોએ નાચ્યા - દરમિયાન, દિલ્હી કેપિટલ્સ વિરુદ્ધ લખનઉં સુપર જાયન્ટ્સ મેચ પહેલા પ્રખ્યાત બૉલિવૂડ ગાયિકા નીતિ મોહને પોતાનો જલવો બિખેર્યો હતો. તેમણે પોતાના ગાયનથી સ્ટેજ પર આગ લગાવી દીધી. આ ઉપરાંત, ચાહકો સિદ્ધાર્થ મહાદેવનના અભિનયથી મંત્રમુગ્ધ થઈ ગયા હતા.

Get ready to groove as the one and only Mika Singh lights up the stage with his unstoppable energy and chart-topping anthems! 🎤🔥 Celebrating 18 unforgettable years of #TATAIPL, and it's about to become a musical extravaganza that’ll have you dancing, singing, and craving for… pic.twitter.com/09LqD51j3R

લખનઉ સુપર જાયન્ટ્સ સિઝનની તેમની પહેલી જીતની રાહ જોઈ રહ્યું છે - ઋષભ પંતની આગેવાની હેઠળ લખનઉ સુપર જાયન્ટ્સ અને પંજાબ કિંગ્સની ટીમો 1 એપ્રિલે લખનઉના અટલ બિહારી એકાના સ્ટેડિયમમાં એકબીજા સામે ટકરાશે. બંને ટીમો વચ્ચેનો મુકાબલો ભારતીય સમય મુજબ સાંજે 7.30 વાગ્યે શરૂ થશે. અગાઉ, લખનઉ સુપર જાયન્ટ્સે દિલ્હી કેપિટલ્સ સામે પોતાની સિઝનની શરૂઆત કરી હતી, પરંતુ તેમને હારનો સામનો કરવો પડ્યો હતો. અક્ષર પટેલના નેતૃત્વ હેઠળની દિલ્હી કેપિટલ્સે લખનઉ સુપર જાયન્ટ્સને 1 વિકેટથી હરાવ્યું. લખનઉ સુપર જાયન્ટ્સે પ્રથમ બેટિંગ કરતા 20 ઓવરમાં 8 વિકેટે 209 રન બનાવ્યા. જવાબમાં દિલ્હી કેપિટલ્સે 19.3 ઓવરમાં 9 વિકેટે લક્ષ્ય હાંસલ કરી લીધું. દિલ્હી કેપિટલ્સની જીતનો હીરો આશુતોષ શર્મા હતો. આશુતોષ શર્માએ 31 બોલમાં 66 રનની અણનમ ઇનિંગ રમી.",https://gujarati.abplive.com/sports/ipl/ipl-celebration-news-updates-ipl-mika-singh-performance-in-ipl-opening-ceremony-before-lsg-vs-pbks-match-at-lucknow-934140,5,2025-04-01 18:34:06
,,"RR vs KKR Pitch Report & Weather Forecast: આજે IPLમાં કોલકાતા નાઈટ રાઈડર્સ અને રાજસ્થાન રોયલ્સ ટીમો આમને સામને ટકરાશે. બંને ટીમો ગુવાહાટીમાં ટકરાશે. મેચ ભારતીય સમય મુજબ સાંજે ૭.૩૦ વાગ્યે શરૂ થશે, પણ શું ગુવાહાટીમાં વરસાદ ખલનાયક બનશે? આજે ગુવાહાટીમાં હવામાન કેવું રહેશે? ખરેખર, આ પહેલા સિઝનની પહેલી મેચ કોલકાતા નાઈટ રાઈડર્સ અને રોયલ ચેલેન્જર્સ બેંગ્લોર વચ્ચે ઈડન ગાર્ડન્સ ખાતે રમાઈ હતી. તે દિવસે કોલકાતામાં સતત વરસાદ પડ્યો. કોલકાતા નાઈટ રાઈડર્સ અને રૉયલ ચેલેન્જર્સ બેંગ્લોર વચ્ચેની મેચ વરસાદથી પ્રભાવિત થઈ ન હતી, પરંતુ શું આજે ગુવાહાટીમાં વરસાદની અસર થશે?

ગુવાહાટીમાં હવામાન કેવું રહેશે ? જોકે, ક્રિકેટ ચાહકો માટે એક સારા સમાચાર છે. આજે ગુવાહાટીમાં વરસાદની કોઈ શક્યતા નથી. જોકે, ગુવાહાટીમાં હવામાન ગરમ રહેશે. આ ઉપરાંત, 9 કિલોમીટર પ્રતિ કલાકની ઝડપે પવન ફૂંકાશે, પરંતુ ક્રિકેટ ચાહકો માટે સારા સમાચાર એ છે કે આકાશ સ્વચ્છ રહેશે અને વરસાદની બિલકુલ શક્યતા નથી.

બારાસપરામાં મોટો સ્કોર બનવાની ખાતરી છે હવે પ્રશ્ન એ છે કે શું આ પીચ પર બેટ્સમેનો સરળતાથી રન બનાવશે કે બોલરો તબાહી મચાવશે? હકીકતમાં, આંકડા દર્શાવે છે કે ગુવાહાટીમાં બેટિંગ સરળ રહી છે. આ પીચ પર સતત મોટા સ્કોર બનાવવામાં આવ્યા છે. તે જ સમયે, આ મેદાન પર ટોસ જીતનારી ટીમો પહેલા બોલિંગ કરવાનું પસંદ કરે છે, કારણ કે રાત્રે ઝાકળ મોટી ભૂમિકા ભજવે છે. તેથી, તે સમયે બોલિંગ કરવી મુશ્કેલ બની જાય છે.

રાજસ્થાન રોયલ્સની સંભવિત પ્લેઇંગ ઇલેવન - યશસ્વી જાયસ્વાલ, સંજુ સેમસન, રિયાન પરાગ (કેપ્ટન), નીતિશ રાણા, ધ્રુવ જુરેલ (વિકેટકીપર), શિમરૉન હેટમાયર, શુભમ દુબે, જોફ્રા આર્ચર, મહેશ તિક્ષણા, તુષાર દેશપાંડે અને ફઝલહક ફારૂકી.ઇમ્પેક્ટ પ્લેયર- સંદીપ શર્મા.

કોલકાતા નાઈટ રાઈડર્સની સંભવિત પ્લેઈંગ ઈલેવન - સુનીલ નારાયણ, ક્વિન્ટન ડી કોક (વિકેટકીપર), અજિંક્ય રહાણે (કેપ્ટન), વેંકટેશ ઐયર, અંગક્રિશ રઘુવંશી, રિંકુ સિંહ, આન્દ્રે રસેલ, રમનદીપ સિંહ, હર્ષિત રાણા, સ્પેન્સર જોહ્ન્સન અને વરુણ ચક્રવર્તી.ઇમ્પેક્ટ પ્લેયર- વૈભવ અરોરા",https://gujarati.abplive.com/sports/ipl/ipl-2025-match-rajasthan-royals-vs-kolkata-knight-riders-today-pitch-report-with-weather-forecast-934112,5,2025-04-01 18:34:10
,,,https://gujarati.abplive.com/photo-gallery/sports/ipl-ipl-2025-gt-vs-pbks-shreyas-iyer-most-sixes-in-ipl-innings-934090,5,2025-04-01 18:34:14
,,"GT vs PBKS Full Match Highlights: પંજાબ કિંગ્સે ગુજરાત ટાઇટન્સને 11 રને હરાવ્યું છે. આ મેચમાં પંજાબ કિંગ્સે પ્રથમ બેટિંગ કરતા સ્કોરબોર્ડ પર 243 રન બનાવ્યા હતા. જવાબમાં ગુજરાત ટાઇટન્સની ટીમ માત્ર 232 રન જ બનાવી શકી હતી. પંજાબની જીતમાં કેપ્ટન શ્રેયસ અય્યર ચમક્યો, જેણે 97 રનની તોફાની ઇનિંગ રમી. શશાંક સિંહ ફરી ટીમનો હીરો બન્યો. આ મેચમાં વિજય કુમાર વૈશાક પણ પંજાબ કિંગ્સના 'સાયલન્ટ' હીરો તરીકે ઉભરી આવ્યા હતા.

શ્રેયસ અય્યર અને શશાંક સિંહ ચમક્યા

પંજાબ માટે બેટિંગની વાત કરીએ તો કેપ્ટન શ્રેયસ અય્યર અને શશાંક સિંહે સૌથી વધુ ચર્ચા બનાવી. એક તરફ અય્યરે 42 બોલમાં 97 રનની અણનમ ઇનિંગ રમી હતી. છેલ્લી ઓવરોમાં શશાંક સિંહે 16 બોલમાં 44 રન બનાવ્યા હતા. આ ટૂંકી અને વિસ્ફોટક ઈનિંગ માટે તેની ઘણી પ્રશંસા થઈ રહી છે. પંજાબ માટે મોટા સ્કોરનો પાયો પ્રિયાંશ આર્ય દ્વારા નાખવામાં આવ્યો હતો, જેણે ઓપનિંગ બેટ્સમેન તરીકે 23 બોલમાં 47 રનની શાનદાર ઇનિંગ રમી હતી.

ટાર્ગેટની નજીક આવ્યા બાદ ગુજરાતની હાર

ગુજરાતને 244 રનનો ટાર્ગેટ મળ્યો હતો. સામે મોટું લક્ષ્ય હતું, તેથી ટીમને પણ ઝડપી શરૂઆતની જરૂર હતી. આવું જ કંઈક થયું કારણ કે સાઈ સુદર્શન અને શુભમન ગીલે પાવરપ્લેમાં ટીમના સ્કોરને 60થી આગળ લઈ ગયા હતા. ગિલ 14 બોલમાં 33 રન બનાવીને આઉટ થયો હતો. જોસ બટલર આવ્યો ત્યારે તેણે સાઈ સુદર્શન સાથે 84 રનની ભાગીદારી કરી હતી. સુદર્શન 41 બોલમાં 74 રન બનાવીને આઉટ થયો હતો.

જોસ બટલરે 33 બોલમાં 54 રન બનાવ્યા હતા, પરંતુ ટીમને તેની સૌથી વધુ જરૂર હતી ત્યારે તે આઉટ થયો હતો. ગુજરાત ટાઈટન્સ તરફથી પણ ખૂબ જ શાનદાર બેટિંગ કરવામાં આવી હતી. એક સમયે એવું લાગી રહ્યું હતું કે મેચમાં ગુજરાત ટાઈટન્સની જીત થશે. પરંતુ મેચ અચાનક પલટાઈ ગઈ હતી. ઓપનર પ્રિયાંશ આર્યએ 47 રન બનાવ્યા. ગુજરાત તરફથી સાઈ કિશોરે 3 વિકેટ લીધી. જ્યારે કાગીસો રબાડા અને રાશિદ ખાનને એક-એક વિકેટ મળી.

પંજાબ કિંગ્સની પ્લેઈંગ ઈલેવન: પ્રભસિમરન સિંહ, પ્રિયાંશ આર્ય, શ્રેયસ અય્યર (કેપ્ટન), શશાંક સિંહ, માર્કસ સ્ટોઈનિસ, ગ્લેન મેક્સવેલ, સૂર્યાંશ શેડગે, અઝમતુલ્લા ઉમરઝઈ, માર્કો જાનસેન, અર્શદીપ સિંહ, યુઝવેન્દ્ર ચહલ.

ગુજરાત જાયન્ટ્સની પ્લેઈંગ ઈલેવન: શુભમન ગિલ (કેપ્ટન), જોસ બટલર, સાઈ સુદર્શન, શાહરૂખ ખાન, રાહુલ તેવટિયા, રવિશ્રીનિવાસન સાઈ કિશોર, અરશદ ખાન, રાશિદ ખાન, કાગીસો રબાડા, મોહમ્મદ સિરાજ, પ્રસિદ્ધ ક્રિષ્ણા.",https://gujarati.abplive.com/sports/ipl/gt-vs-pbks-full-match-highlights-punjab-kings-beat-gujarat-titans-by-11-runs-shreyas-iyer-shashank-singh-vijaykumar-vyshak-gt-vs-pbks-ipl-2025-934065,5,2025-04-01 18:34:18
,,,https://gujarati.abplive.com/sports/ipl/gt-vs-pbks-live-cricket-score-ipl-2025-gujarat-titans-vs-punjab-kings-scorecard-live-updates-free-commentary-5th-match-934045,5,2025-04-01 18:34:21
,,"Gujarat Titans vs Punjab Kings Playing 11: આજે અમદાવાદના નરેન્દ્ર મોદી ક્રિકેટ સ્ટેડિયમ ખાતે ઇન્ડિયન પ્રીમિયર લીગની 18મી આવૃત્તિની 5મી મેચ ગુજરાત ટાઇટન્સ અને પંજાબ કિંગ્સ વચ્ચે રમાઇ રહી છે. શુભમન ગિલે ટોસ જીતીને પ્રથમ બોલિંગ કરવાનો નિર્ણય લીધો છે. પીચના હિસાબે આ સારો નિર્ણય છે. શ્રેયસ અય્યરે પણ ટોસ પછી સ્વીકાર્યું કે જો ટોસ તેની તરફેણમાં પડ્યો હોત તો તેણે  પણ પહેલા બોલિંગ કરવાનો નિર્ણય લીધો હોત.

ગુજરાત જાયન્ટ્સની પ્લેઈંગ ઈલેવન: શુભમન ગિલ (કેપ્ટન), જોસ બટલર, સાઈ સુદર્શન, શાહરૂખ ખાન, રાહુલ તેવટિયા, રવિશ્રીનિવાસન સાઈ કિશોર, અરશદ ખાન, રાશિદ ખાન, કાગીસો રબાડા, મોહમ્મદ સિરાજ, પ્રસિદ્ધ ક્રિષ્ણા.

પંજાબ કિંગ્સની પ્લેઈંગ ઈલેવન: પ્રભસિમરન સિંહ, પ્રિયાંશ આર્ય, શ્રેયસ અય્યર (કેપ્ટન), શશાંક સિંહ, માર્કસ સ્ટોઈનિસ, ગ્લેન મેક્સવેલ, સૂર્યાંશ શેડગે, અઝમતુલ્લા ઉમરઝઈ, માર્કો જાનસેન, અર્શદીપ સિંહ, યુઝવેન્દ્ર ચહલ.

ગુજરાત ટાઇટન્સ ટીમ 2025માં સામેલ ખેલાડીઓ

જોસ બટલર (વિકેટકીપર), શુભમન ગિલ (કેપ્ટન), સાઈ સુદર્શન, ગ્લેન ફિલિપ્સ, શાહરૂખ ખાન, વોશિંગ્ટન સુંદર, રાહુલ તેવટિયા, રશીદ ખાન, રવિશ્રીનિવાસન સાઈ કિશોર, કાગીસો રબાડા, મોહમ્મદ સિરાજ, પ્રસિદ્ધ ક્રિષ્ણા, ઈશાંત શર્મા, જયંત યાદવ,  મહિપાલ લોમરોર, કરીમ જન્નત, કુલવંત ખેજરોલિયા, અનુજ રાવત, ગેરાલ્ડ કોએત્જી, શેરફેન રધરફોર્ડ, માનવ સુથાર, કુમાર કુશાગ્ર, અરશદ ખાન, ગુરનૂર બરાડ, નિશાંત સિંધુ.

પંજાબ કિંગ્સની ટીમ 2025માં સામેલ ખેલાડીઓ

જોશ ઈંગ્લિસ (વિકેટકીપર), પ્રભસિમરન સિંહ, શ્રેયસ ઐયર (કેપ્ટન), ગ્લેન મેક્સવેલ, નેહલ વઢેરા, માર્કસ સ્ટોઈનિસ, શશાંક સિંઘ, માર્કો જાનસન, હરપ્રીત બરાડ, અર્શદીપ સિંહ, યુઝવેન્દ્ર ચહલ, વિજયકુમાર વિશક, પ્રવીણ દુબે, લોકી ફર્ગ્યૂસન, જેવિયર બાર્ટબેટ, વિણ્ણુ વિનોદ, યશ ઠાકુર, આરોન હાર્ડી, અઝમતુલ્લા ઉમરઝાઈ, કુલદીપ સેન, પ્રિયાંશ આર્ય,  સૂર્યાંશ શેડગે, હરનૂર સિંહ, મુશીર ખાન, પાયલા અવિનાશ.

જો આપણે હેડ ટુ હેડ રેકોર્ડ પર નજર કરીએ તો, ગુજરાત ટાઇટન્સનો હાથ ઉપર છે. ગુજરાત અને પંજાબ વચ્ચે અત્યાર સુધીમાં 5 મેચ રમાઈ છે. આ સમયગાળા દરમિયાન ગુજરાતે 3 મેચ જીતી છે. જ્યારે પંજાબે 2 મેચ જીતી છે. 2022માં ગુજરાત અને પંજાબ વચ્ચે પ્રથમ મેચ રમાઈ હતી. ગુજરાતે આ મેચ 6 વિકેટે જીતી લીધી હતી. જ્યારે પંજાબે આ જ સિઝનની આગામી મેચ 8 વિકેટે જીતી લીધી હતી.",https://gujarati.abplive.com/sports/ipl/gt-vs-pbks-playing-11-ipl-2025-match-number-5-gujarat-titans-vs-punjab-kings-playing-eleven-and-substitute-players-shubman-gill-shreyas-iyer-934047,5,2025-04-01 18:34:25
,,"BCCI Central Contract List: ભારતીય ક્રિકેટ કંટ્રોલ બોર્ડ (BCCI) એ તાજેતરમાં મહિલા ક્રિકેટરોની સેન્ટ્રલ કોન્ટ્રાક્ટ લિસ્ટ (BCCI Contract List Women)  બહાર પાડી હતી. મેન્સ ટીમની યાદી હજુ જાહેર થવાની બાકી છે, પરંતુ જાહેરાત થાય તે પહેલા જ વિવિધ અટકળો શરૂ થઈ ગઈ છે. મહિલા ક્રિકેટરોની યાદીમાં 16 ખેલાડીઓનો સમાવેશ કરવામાં આવ્યો છે, જ્યારે પુરૂષ ક્રિકેટરોની જૂની યાદીમાં 30 ખેલાડીઓના નામ સામેલ હતા. એક નવા સમાચાર સામે આવ્યા છે કે બોર્ડના તમામ સભ્યો A+ કેટેગરી અંગે સહમત નથી.

BCCI દ્વારા જાહેર કરવામાં આવેલી યાદી અનુસાર, મહિલા ક્રિકેટરોને ત્રણ ગ્રેડ - A, B અને Cમાં વર્ગીકૃત કરવામાં આવ્યા છે.

🚨 News 🚨BCCI announces annual player retainership 2024-25 - Team India (Senior Women)#TeamIndia pic.twitter.com/fwDpLlm1mT

એનડીટીવીમાં પ્રસિદ્ધ થયેલા અહેવાલ મુજબ રાષ્ટ્રીય પસંદગી સમિતિ દ્વારા સેન્ટ્રલ કોન્ટ્રાક્ટની યાદી તૈયાર કરવામાં આવી રહી છે. યાદી તૈયાર કરવા માટે ટીમ ઈન્ડિયાના મુખ્ય કોચ અને BCCI સેક્રેટરી દેવજીત સૈકિયાની સલાહ પણ લેવામાં આવી રહી છે. હાલમાં A+ કેટેગરીમાં રોહિત શર્મા, વિરાટ કોહલી, જસપ્રિત બુમરાહ અને રવિન્દ્ર જાડેજાના નામ છે. પરંતુ નવા અપડેટ મુજબ, બોર્ડના તમામ સભ્યો હાલમાં A+ શ્રેણીમાં સામેલ ખેલાડીઓને જાળવી રાખવાની તરફેણમાં નથી.

A+ શ્રેણીમાં પસંદગી કેવી છે ?

ત્રણેય ફોર્મેટ રમી રહેલા ખેલાડીઓમાં, કેટલાક મુખ્ય ખેલાડીઓને A+ શ્રેણીમાં સ્થાન આપવામાં આવ્યું છે. રોહિત શર્મા, વિરાટ કોહલી અને રવીન્દ્ર જાડેજાએ T20 ક્રિકેટમાંથી નિવૃત્તિ લીધી હોવાથી કદાચ આ જ કારણ છે કે તેમને A+ શ્રેણીમાં રાખવા પર શંકા છે. પરંતુ બીસીસીઆઈમાં હાજર એક પ્રભાવશાળી વ્યક્તિનું માનવું છે કે યાદી હવે જેવી છે તેવી જ રાખવી જોઈએ.

અશ્વિન આઉટ, અક્ષર પટેલ બઢતી

રવિચંદ્રન અશ્વિન BCCI કોન્ટ્રાક્ટ લિસ્ટમાંથી બહાર રહેશે કારણ કે તેણે આંતરરાષ્ટ્રીય ક્રિકેટમાંથી નિવૃત્તિ લઈ લીધી છે. અક્ષર પટેલ, જેને તાજેતરમાં ભારતની T20 ટીમના વાઇસ-કેપ્ટન તરીકે નિયુક્ત કરવામાં આવ્યા હતા, તેને B કેટેગરીમાંથી A કેટેગરીમાં બઢતી આપવામાં આવી શકે છે. શ્રેયસ ઐય્યરે આ સિઝનમાં 11 ODI મેચ રમી છે, સેન્ટ્રલ કોન્ટ્રાક્ટ લિસ્ટમાં તેની વાપસી લગભગ નિશ્ચિત માનવામાં આવે છે.",https://gujarati.abplive.com/sports/cricket/update-on-bcci-central-contract-list-shreyas-iyer-to-return-axar-patel-virat-kohli-rohit-sharma-934027,5,2025-04-01 18:34:28
,,"Gujarat Titans vs Punjab Kings IPL 2025: IPL 2025માં ગુજરાત ટાઇટન્સની પ્રથમ મેચ પંજાબ કિંગ્સ સામે છે. આ મેચ મંગળવારે અમદાવાદમાં રમાશે. શુભમન ગીલની કેપ્ટનશીપવાળી ટીમ ગુજરાત માટે જોસ બટલર ઓપનિંગ કરવા આવી શકે છે. બીજી તરફ પંજાબ નવા કેપ્ટન સાથે મેદાનમાં ઉતરવા માટે તૈયાર છે. પ્રભસિમરન સિંહ પંજાબ માટે ઓપનિંગ કરતા જોવા મળી શકે છે. આ મુકાબલામાં બંને ટીમો વચ્ચે કાંટે કી ટક્કર જોવા મળી શકે છે. શુભમન ગીલ અમદાવાદની પીચ પર ખૂબ સારા રન બનાવે છે.

જો આપણે હેડ ટુ હેડ રેકોર્ડ પર નજર કરીએ તો, ગુજરાત ટાઇટન્સનો હાથ ઉપર છે. ગુજરાત અને પંજાબ વચ્ચે અત્યાર સુધીમાં 5 મેચ રમાઈ છે. આ સમયગાળા દરમિયાન ગુજરાતે 3 મેચ જીતી છે. જ્યારે પંજાબે 2 મેચ જીતી છે. 2022માં ગુજરાત અને પંજાબ વચ્ચે પ્રથમ મેચ રમાઈ હતી. ગુજરાતે આ મેચ 6 વિકેટે જીતી લીધી હતી. જ્યારે પંજાબે આ જ સિઝનની આગામી મેચ 8 વિકેટે જીતી લીધી હતી.

જો ગુજરાતની પ્લેઈંગ ઈલેવનની વાત કરીએ તો બટલર અને ગિલની સાથે ગ્લેન ફિલિપ્સનું સ્થાન લગભગ નિશ્ચિત છે. રાહુલ તેવટિયા અને રાશિદ ખાન પણ મેદાનમાં ઉતરી શકે છે. પંજાબની પ્લેઈંગ ઈલેવનની વાત કરીએ તો તેમાં ગ્લેન મેક્સવેલ અને માર્કસ સ્ટોઈનિસનું સ્થાન નિશ્ચિત છે. હરપ્રીત બ્રાર, લોકી ફર્ગ્યુસન અને યુઝવેન્દ્ર ચહલ પણ મેદાનમાં ઉતરી શકે છે. પ્લેઈંગ ઈલેવનમાં અર્શદીપ સિંહનું સ્થાન લગભગ નિશ્ચિત છે. અર્શદીપનો અત્યાર સુધી સારો રેકોર્ડ રહ્યો છે.

ગુજરાત-પંજાબ મેચ માટે સંભવિત 12 ખેલાડીઓ -

ગુજરાત ટાઇટન્સઃ શુભમન ગિલ (કેપ્ટન), જોસ બટલર, સાઇ સુદર્શન, શાહરૂખ ખાન, ગ્લેન ફિલિપ્સ, વોશિંગ્ટન સુંદર, રાહુલ તેવટિયા, રાશિદ ખાન, કાગીસો રબાડા, પ્રસિદ્ધ  કૃષ્ણા, મોહમ્મદ સિરાજ.

પંજાબ કિંગ્સ: શ્રેયસ અય્યર, પ્રભસિમરન સિંઘ, પ્રિયાંશ આર્ય, માર્કસ સ્ટોઇનિસ, ગ્લેન મેક્સવેલ, શશાંક સિંઘ, નેહલ વઢેરા/સૂર્યાંશ શેગડે, માર્કો જાનસેન, હરપ્રીત બ્રાર, લોકી ફર્ગ્યુસન, અર્શદીપ સિંહ, યુઝવેન્દ્ર ચહલ.",https://gujarati.abplive.com/sports/ipl/ipl-2025-gujarat-titans-vs-punjab-kings-playing-11-prediction-ahmedabad-shubman-gill-shreyas-iyer-934023,5,2025-04-01 18:34:33
,,"IPL 2025 DC vs LSG: વિશાખાપટ્ટનમમાં રમાયેલી IPLની ચોથી મેચમાં દિલ્હી કેપિટલ્સના બેટ્સમેન આશુતોષ શર્માએ બધાને સ્તબ્ધ કરી દીધા. તેમની 66 રનની અણનમ ઇનિંગ્સે દિલ્હી કેપિટલ્સને 1 વિકેટથી જીત અપાવી. જ્યારે તેમની ટીમ મુશ્કેલ પરિસ્થિતિમાં હતી, ત્યારે તેમણે એકલા હાથે મજબૂત લખનઉ ટીમને પડકાર ફેંક્યો અને છેલ્લી ઓવરમાં જીત માટે 6 રનનો લક્ષ્યાંક આવી ગયો. પરંતુ LSG પાસે છેલ્લી ઓવરમાં જીતવાની તક હતી, જે LSGના કેપ્ટન ઋષભ પંતે પોતે ગુમાવી દીધી. જોકે, દિલ્હી કેપિટલ્સ સામેની રોમાંચક મેચમાં પંતે નિર્ણાયક ક્ષણે કરેલી ભૂલને વધારે મહત્વ આપ્યું ન હતું.

ખરેખરમાં, થયું એવું કે દિલ્હીને છેલ્લી ઓવરમાં જીતવા માટે 6 રનની જરૂર હતી. પંતે આશ્ચર્યજનક નિર્ણય લીધો અને બોલ શાહબાઝ અહેમદને સોંપ્યો. પહેલા જ બોલ પર મોહિત શર્મા શોટ રમવા માટે ક્રીઝની બહાર આવ્યો પરંતુ તે બોલને યોગ્ય રીતે ટચ ના કરી શક્યો, અને તે તેના પેડ પર વાગ્યો. પંત પાસે સ્ટમ્પિંગ કરવાની તક હતી પણ તે તેનો લાભ લઈ શક્યો નહીં. બોલ વિકેટની પાછળ ગયો, જેનાથી બેટ્સમેન અને કીપર ઋષભ ચોંકી ગયા અને બધાને ચકમો આપી દીધો. આ રીતે છેલ્લી વિકેટ લેવામાં ઋષભ પંત સ્ટમ્પિંગ ચૂકી ગયો હતો.

ઋષભ પંતે સ્ટમ્પિંગની તક ગુમાવી દીધી પણ તેણે તરત જ DRS લઈ લીધો. રિપ્લેમાં જોવા મળ્યું કે બોલ સ્ટમ્પ ચૂકી રહ્યો હતો, જેનાથી દિલ્હીને રાહત મળી. ત્યારબાદ મોહિતે એક સિંગલ લીધો અને આશુતોષ સ્ટ્રાઈક પર આવ્યો અને બીજા જ બોલ પર શાહબાઝ અહેમદના માથા પર જોરદાર સિક્સર ફટકારીને દિલ્હીને એક વિકેટથી જીત અપાવી. એનો અર્થ એ થયો કે જો ઋષભ તે સ્ટમ્પિંગ ચૂકી ન ગયો હોત, તો આ જીત ચોક્કસપણે લખનઉને મળી હોત.

Misses the stump , going for LBW . Shame on you Me Pant #LSGvsDC #IPL2025 #RishabhPant #starc #NupurSharma #kunalkamra #HarbhajanSingh #NicholasPooran pic.twitter.com/vXNX1OQIpG

દિલ્હીની જીત પછી જ્યારે ટીમ અને ચાહકો ખુશ હતા, ત્યારે લખનઉના ચાહકોએ સ્ટમ્પિંગની તે ક્ષણની ચર્ચા શરૂ કરી દીધી. પરંતુ પંતે તેને રમતનો એક ભાગ માનીને તેના પર વધુ ધ્યાન આપ્યું નહીં. મેચ પછીના પ્રેઝન્ટેશનમાં તેમણે કહ્યું, ""અલબત્ત, આ રમતમાં નસીબ પણ મહત્વપૂર્ણ ભૂમિકા ભજવે છે. જો તે (મોહિત શર્મા) પેડ ચૂકી ગયો હોત, તો સ્ટમ્પિંગની તક મળી શકી હોત. પરંતુ ક્રિકેટમાં આવી ઘટનાઓ બનતી રહે છે. આપણે આ પર ધ્યાન આપવાને બદલે વધુ સારું રમવું જોઈએ."" પરંતુ ચાહકોએ આ માટે સીધા ઋષભ પંતને જવાબદાર ઠેરવ્યા. લખનઉ તેની નબળી કીપિંગને કારણે મેચ હારી ગયું.

Rishabh Pant missed an easy stumping and lost the game for LSG. Bud wants to keep wickets for India. #IPL2025 pic.twitter.com/F8PvTz2Ktg

વિશાખાપટ્ટનમના VSR સ્ટેડિયમમાં રમાયેલી મેચમાં ટૉસ દિલ્હીના પક્ષમાં ગયો અને તેણે પ્રથમ બોલિંગ કરવાનો નિર્ણય લીધો. લખનઉના બેટ્સમેનોએ શાનદાર પ્રદર્શન કર્યું. મિશેલ માર્શ (૭૨) અને નિકોલસ પૂરન (૭૫) એ દિલ્હીના બોલરોને ફટકાર્યા. માર્શે દિલ્હીના બોલરો સામે આક્રમક વલણ અપનાવ્યું, જ્યારે પૂરણ સ્પિનરો માટે દુઃસ્વપ્ન સાબિત થયો. આ બંનેની શાનદાર ઇનિંગ્સથી લખનૌનો સ્કોર 209/8 સુધી પહોંચવામાં મદદ મળી.

દિલ્હીની ઇનિંગ્સ દરમિયાન, લક્ષ્યનો પીછો કરતી વખતે મેચ ઘણી વખત લખનઉ અને દિલ્હીની તરફેણમાં ગઈ. લખનઉએ સચોટ લાઇન અને લેન્થ સાથે બોલિંગ કરી અને દિલ્હીના ટોપ-ઓર્ડરને બરબાદ કરી દીધો. સાતમી ઓવરમાં દિલ્હી 65/5 પર સંઘર્ષ કરી રહી હતી અને તેમનો વિજય લગભગ અશક્ય લાગતો હતો. પરંતુ ટીમને એક ચમત્કારિક પ્રદર્શનની જરૂર હતી અને આશુતોષે તે કર્યું.

જોકે, આશુતોષે વિજયની સ્ટૉરી લખી. તેમણે બે મહત્વપૂર્ણ ભાગીદારી કરીને દિલ્હીની જીતમાં મહત્વપૂર્ણ યોગદાન આપ્યું. આશુતોષ અને વિપ્રાજ નિગમ (39) વચ્ચે 55 રનની ભાગીદારી, ટ્રિસ્ટન સ્ટબ્સ અને આશુતોષ વચ્ચે 45 રનની ભાગીદારી. અગાઉ, અક્ષર પટેલ અને ફાફ ડુ પ્લેસિસ વચ્ચે 43 રનની ભાગીદારીએ વિજયનો પાયો નાખ્યો.

આ ભાગીદારીઓના મહત્વને સ્વીકારતા, ઋષભ પંતે કહ્યું, ""દિલ્હીએ કેટલીક સારી ભાગીદારીઓ બનાવી. એક સ્ટબ્સ સાથે એક આશુતોષ સાથે અને એક વિપ્રાજ નિગમ સાથે. મને લાગે છે કે નિગમે શાનદાર રમ્યો અને તેણે મેચ અમારી પાસેથી છીનવી લીધી. બોલરો માટે પણ ઘણું બધું હતું, પરંતુ આપણે મૂળભૂત બાબતોમાં વધુ સુધારો કરવો પડશે. અમે દબાણ અનુભવ્યું, પરંતુ અમે હજુ પણ ટીમને સ્થિર કરવાની પ્રક્રિયામાં છીએ. આ મેચમાંથી અમને ઘણી સકારાત્મક બાબતો મળી છે."" દિલ્હી કેપિટલ્સે આશુતોષ શર્માના છેલ્લા વિજયી છગ્ગાની મદદથી ૧૯.૩ ઓવરમાં ૯ વિકેટ ગુમાવીને ૨૧૧ રન બનાવીને મેચ જીતી લીધી.",https://gujarati.abplive.com/sports/ipl/cricket-news-captain-rishabh-pant-stumping-miss-caused-lsg-defeat-captain-blame-luck-in-the-dc-vs-lsg-ipl-2025-934006,5,2025-04-01 18:34:36
,,,https://gujarati.abplive.com/photo-gallery/sports/ipl-ipl-orange-cap-2025-most-runs-in-tata-ipl-2025-934004,5,2025-04-01 18:34:40
,,"India vs South Africa 2025 Schedule:  આ દિવસોમાં ભારતમાં IPL 2025નો ઉત્સાહ ચરમસીમા પર છે, આ ટૂર્નામેન્ટ 25મી મે સુધી ચાલશે. તે પછી ભારતીય ક્રિકેટ ટીમનું શિડ્યુલ ખૂબ જ વ્યસ્ત રહેવાનું છે. હવે દક્ષિણ આફ્રિકાની ટીમના ભારત પ્રવાસનું સંપૂર્ણ શિડ્યુલ જાહેર થઈ ગયું છે. આ વર્ષે, નવેમ્બર-ડિસેમ્બર મહિના દરમિયાન ભારત અને દક્ષિણ આફ્રિકા વચ્ચે પાંચ T20 અને ત્રણ ODI મેચોની શ્રેણી રમાશે. આ સિવાય ભારતે ઓસ્ટ્રેલિયા, બાંગ્લાદેશ અને વેસ્ટ ઈન્ડિઝ સામે પણ શ્રેણી રમવાની છે.

ભારત વિરુદ્ધ દક્ષિણ આફ્રિકા: સંપૂર્ણ શેડ્યૂલ

ભારત અને દક્ષિણ આફ્રિકા વચ્ચે ODI શ્રેણીની શરૂઆત જેની 3 મેચ રાંચી, રાયપુર અને વિઝગમાં રમાશે. પાંચ ટી-20 મેચોની સિરીઝ 9 ડિસેમ્બરથી શરૂ થશે અને સિરીઝની છેલ્લી મેચ 19 ડિસેમ્બરે રમાશે.

1લી ODI - 30 નવેમ્બર - રાંચી2જી ODI - 3 ડિસેમ્બર - રાયપુર3જી ODI - 6 ડિસેમ્બર - વિઝગ1લી T20 - 9 ડિસેમ્બર - કટક2જી T20 - 11 ડિસેમ્બર - નાગપુર3જી T20 - 14 ડિસેમ્બર - ધર્મશાલા4થી T20 - 17 ડિસેમ્બર - લખનૌ5મી T20 - 19 ડિસેમ્બર - અમદાવાદ

IPL 2025 પછી ભારતનું શેડ્યૂલ

IPL 2025ની સમાપ્તિ પછી, ટીમ ઈન્ડિયાને ઈંગ્લેન્ડનો પ્રવાસ કરવાની છે, જ્યાં બંને ટીમો વચ્ચે પાંચ ટેસ્ટ રમવાની છે. તે પછી ભારતે પણ બાંગ્લાદેશના પ્રવાસે જવાનું છે. ટી20 એશિયા કપ સપ્ટેમ્બરમાં રમાશે. એશિયા કપ બાદ વેસ્ટ ઈન્ડિઝની ટીમ 2 ટેસ્ટ મેચ માટે ભારત આવશે, આ બંને મેચ મોહાલી અને કોલકાતામાં રમાઈ શકે છે. સાઉથ આફ્રિકા સામેની સીરીઝ પહેલા ભારતીય ટીમ 3 વનડે અને પાંચ ટી20 મેચ માટે ઓસ્ટ્રેલિયાના પ્રવાસે જશે. તમને જણાવી દઈએ કે દક્ષિણ આફ્રિકાએ પણ ભારત સામે 2 ટેસ્ટ મેચ રમવાની છે.

આ સમય દરમિયાન, વર્લ્ડ ટેસ્ટ ચેમ્પિયનશિપનું 2025-27 ચક્ર પણ શરૂ થશે. હાલમાં ભારતીય ખેલાડીઓનું ધ્યાન IPL 2025 પર છે, જેના કારણે ભારતને 2026 T20 વર્લ્ડ કપ માટે કેટલાક નવા ચહેરા પણ મળી શકે છે.

ભારતીય ટીમને આ વર્ષે વેસ્ટ ઈન્ડિઝ અને દક્ષિણ આફ્રિકાની ટીમોની યજમાની કરવાની છે. બીસીસીઆઈએ આ માટે શેડ્યૂલને અંતિમ સ્વરૂપ આપી દીધું છે. ગુવાહાટીમાં પણ પ્રથમ વખત ટેસ્ટ મેચ રમાશે.

IPL 2025: શાહરુખ ખાન અને વિરાટ કોહલીએ 'ઝૂમે જો પઠાણ' ગીત પર કર્યો ડાન્સ, જુઓ VIDEO",https://gujarati.abplive.com/sports/cricket/india-cricket-schedule-2025-india-vs-south-africa-series-2025-date-and-venue-announced-933699,6,2025-04-01 18:34:45
,,"Virat Kohli Dance With Shahrukh Khan in IPL Opening Ceremony: IPL ઓપનિંગ સેરેમનીમાં શાહરૂખ ખાને RCB પ્લેયર વિરાટ કોહલી સાથે 'ઝૂમે જો પઠાણ' ગીત પર ડાન્સ કર્યો હતો. વિરાટે ડાન્સમાં કિંગ ખાનને ટક્કર આપી હતી. જ્યારે બંને સ્ટેજ પર ડાન્સ કરી રહ્યા હતા ત્યારે સ્ટેડિયમમાં જોરદાર અવાજ આવી રહ્યો હતો.

King Khan 🤝 King Kohli When two kings meet, the stage is bound to be set on fire 😍#TATAIPL 2025 opening ceremony graced with Bollywood and Cricket Royalty 🔥#KKRvRCB | @iamsrk | @imVkohli pic.twitter.com/9rQqWhlrmM

શાહરૂખ ખાને IPL ઓપનિંગ સેરેમનીની શરૂઆત પોતાના ભાષણથી કરી હતી, તે હોસ્ટની ભૂમિકામાં હતો. તમામ કલાકારોના પરફોર્મન્સ બાદ શાહરૂખ ખાને RCB ટીમ તરફથી વિરાટ કોહલી અને KKR ટીમ તરફથી રિંકુ સિંહને સ્ટેજ પર બોલાવ્યા. પહેલા તેણે રિંકુ સિંહ સાથે ડાન્સ કર્યો અને પછી વિરાટ કોહલીને તેના ગીત પર ડાન્સ કરવા કહ્યું હતું. વિરાટ કોહલીએ શાહરુખ ખાનની સાથે ઝૂમે જો પઠાણ ગીત પર ખૂબ જ શાનદાર ડાન્સ કર્યો હતો. હાલ તો સોશિયલ મીડિયામાં આ ડાન્સ વીડિયો જોરદાર વાયરલ થઈ રહ્યો છે.

રિંકુ સિંહનો ડાન્સ જોઈને વિરાટ કોહલી ખૂબ હસ્યો

વિરાટ કોહલી પહેલા શાહરૂખ ખાને રિંકુ સિંહ સાથે ડાન્સ કર્યો હતો. બંનેએ 'લુટ પુટ ગયા' ગીત પર ડાન્સ કર્યો હતો. આ દરમિયાન સ્ટેજ પર ઉભેલા વિરાટ કોહલી પોતાનું હાસ્ય રોકી શક્યા નહોતો, તે ખૂબ જોરથી હસી પડ્યો હતો. આ પછી શાહરૂખે વિરાટ કોહલીને ડાન્સ માટે પૂછ્યું અને કિંગ કોહલીએ હા પાડી હતી.

દર વર્ષે શાહરૂખ IPLમાંથી આટલી કમાણી કરે છેઅહેવાલો અનુસાર, દરેક IPL ટીમને BCCI તરફથી ટીવી પ્રસારણ અને સ્પોન્સરશિપથી થતી કમાણીનો હિસ્સો મળે છે. આ ઉપરાંત, શાહરૂખ પોતાની ટીમ દ્વારા બ્રાન્ડ એન્ડોર્સમેન્ટ, મેચ ફી, ફ્રેન્ચાઇઝ ફી, બીસીસીઆઈ ઇવેન્ટ રેવન્યુ અને ઇનામી રકમના રૂપમાં ઘણું કમાય છે. આનાથી કરોડોની કમાણી થાય છે. અહેવાલો અનુસાર, શાહરૂખ તેની IPL ટીમમાંથી દર વર્ષે 250-270 કરોડ રૂપિયા કમાય છે.

શાહરૂખ ખાન તેની ટીમ પર લગભગ 100 કરોડ રૂપિયા ખર્ચ કરે છે. આ ખર્ચ ટીમના ખેલાડીઓ ખરીદવાથી લઈને મેનેજમેન્ટ સુધી કરવામાં આવે છે. જે મુજબ KKR લગભગ 150 કરોડ રૂપિયાની કમાણી કરે છે. ટીમમાં શાહરૂખ ખાનનો હિસ્સો 55 ટકા છે, તેથી આ હિસાબે તે દર વર્ષે 70-80 કરોડ કમાય છે. તમને જણાવી દઈએ કે KKR માં શાહરૂખ ખાનના પાર્ટનર બીજું કોઈ નહીં પણ જુહી ચાવલા અને તેના પતિ જય મહેતા છે. ત્રણેય ઘણીવાર મેચ દરમિયાન સાથે જોવા મળે છે.",https://gujarati.abplive.com/sports/ipl/ipl-2025-virat-kohli-dance-with-shahrukh-khan-on-jhoome-jo-pathan-song-watch-video-933697,6,2025-04-01 18:34:48
,,,https://gujarati.abplive.com/photo-gallery/sports/ipl-ipl-virat-kohli-to-become-only-third-batter-to-score-1000-or-more-runs-against-kolkata-knight-riders-933682,6,2025-04-01 18:34:52
,,"Watch IPL 2025 live free: આઈપીએલ એટલે કે ઇન્ડિયન પ્રીમિયર લીગની ધમાકેદાર શરૂઆત આજથી થઈ ગઈ છે. 22 માર્ચથી શરૂ થયેલી આ રોમાંચક ટૂર્નામેન્ટ આગામી 90 દિવસ સુધી ક્રિકેટ પ્રેમીઓને ભરપૂર મનોરંજન પૂરું પાડશે. ટ્રોફી જીતવા માટે 10 ટીમો વચ્ચે જોરદાર ટક્કર જોવા મળશે. IPL 2025નું લાઈવ ટેલિકાસ્ટ સ્ટાર સ્પોર્ટ્સ નેટવર્ક પર કરવામાં આવશે, પરંતુ જે દર્શકો પોતાના મોબાઈલ અને ટીવી પર ઓનલાઈન મેચ જોવા ઈચ્છે છે તેમના માટે JioHotstar એક ઉત્તમ વિકલ્પ છે. ત્યારે ચાલો જાણીએ કે Jio, Airtel અને Voda-Ideaના કયા રિચાર્જ પ્લાનમાં JioHotstarનું સબસ્ક્રિપ્શન ઉપલબ્ધ છે અને તમે કેવી રીતે મફતમાં મેચોનો આનંદ લઈ શકો છો.

Jiohotstar સાથે Jio પ્રીપેડ રિચાર્જ:

Jioએ IPLની શરૂઆત પહેલાં જ પોતાના ગ્રાહકો માટે એક આકર્ષક ઓફર રજૂ કરી છે. જો કોઈ ગ્રાહક રૂપિયા 299 કે તેથી વધુ કિંમતનું નવું Jio સિમ ખરીદે છે અથવા પોતાના વર્તમાન નંબરને ઓછામાં ઓછા રૂપિયા 299માં રિચાર્જ કરાવે છે, તો તેને IPLની આખી સિઝન મફતમાં જોવાની તક મળશે. આ સુવિધા JioHotstar એપ દ્વારા ઉપલબ્ધ થશે. આ ઓફર હેઠળ ગ્રાહકો કોઈપણ વધારાના ખર્ચ વિના તમામ મેચોનો આનંદ માણી શકશે.

આ ઉપરાંત, ગ્રાહકોને 4K ક્વોલિટીમાં વીડિયો સ્ટ્રીમિંગનું સબસ્ક્રિપ્શન પણ મળશે, જેથી તેઓ શ્રેષ્ઠ પિક્ચર ક્વોલિટીમાં ગેમનો આનંદ માણી શકે. આ સબસ્ક્રિપ્શન 90 દિવસ માટે માન્ય રહેશે, એટલે કે ગ્રાહકોને લાંબા સમય સુધી આ લાભ મળશે. આ ઓફર 31મી માર્ચ સુધી જ લાગુ છે.

Airtel JioHotstarના કયા રિચાર્જમાં ઉપલબ્ધ છે?

જણાવવામાં આવ્યું છે કે Airtel પ્રીપેડ રિચાર્જમાં સીધું JioHotstar સબસ્ક્રિપ્શન ઉપલબ્ધ નથી. જો કે, કેટલાક ખાસ પ્લાનમાં Disney+ Hotstarનો લાભ મળે છે, જેના દ્વારા યુઝર્સ IPL 2025 જોઈ શકશે. તાજેતરમાં Disney+ Hotstar અને JioCinemaના મર્જરથી JioHotstar નામનું નવું પ્લેટફોર્મ બન્યું છે. એરટેલના જે રિચાર્જ પ્લાનમાં Disney+ Hotstarનું સબસ્ક્રિપ્શન મળે છે તે નીચે મુજબ છે:

આ રિચાર્જ સાથે Disney+ Hotstarનું સબસ્ક્રિપ્શન ઉપલબ્ધ છે, જેનાથી એરટેલ યુઝર્સ પોતાના મોબાઈલ પર IPLનો આનંદ માણી શકે છે.

JioHotstar સાથે Vi પ્રીપેડ રિચાર્જ:

Vodafone-Idea (VI) પણ તેના ત્રણ મુખ્ય પ્રીપેડ રિચાર્જ પ્લાન પર JioHotstar સબસ્ક્રિપ્શન ઓફર કરી રહી છે. આ પ્લાન નીચે મુજબ છે:

આ પ્લાન્સ સાથે, IPL 2025 જેવી પ્રીમિયમ કન્ટેન્ટ JioHotstar પર મફતમાં જોઈ શકાશે. આ સિવાય આ રિચાર્જ ડેટા, કોલ અને SMSના લાભો પણ આપે છે. નવીનતમ માહિતી અને ઓફર્સની પુષ્ટિ કરવા માટે તમે VIની વેબસાઇટ અથવા એપ્લિકેશન ચકાસી શકો છો.

આમ, Jio, Airtel અને Vi પોતાના ગ્રાહકોને અલગ-અલગ રિચાર્જ પ્લાન્સ દ્વારા IPL 2025ની મેચો મોબાઈલ પર મફતમાં જોવાની સુવિધા આપી રહ્યા છે. ગ્રાહકો પોતાની જરૂરિયાત અને પસંદગી અનુસાર કોઈપણ પ્લાન પસંદ કરીને ક્રિકેટના આ મહાકુંભનો આનંદ માણી શકે છે.",https://gujarati.abplive.com/sports/ipl/ipl-2025-live-streaming-how-to-watch-matches-on-mobile-without-paying-933674,6,2025-04-01 18:34:55
,,"IPL 2025 Super Over rules: IPL 2025ની શરૂઆત આજે કોલકાતા નાઈટ રાઈડર્સ (KKR) અને રોયલ ચેલેન્જર્સ બેંગ્લોર (RCB) વચ્ચે ઈડન ગાર્ડન્સ ખાતે રમાનારી મેચથી થઈ રહી છે. આ સિઝનમાં ક્રિકેટ ચાહકોને મેચોની સાથે સાથે સુપર ઓવરના નિયમોમાં થયેલા મોટા ફેરફારો વિશે પણ જાણવું રસપ્રદ રહેશે. IPL 2025 માટે સુપર ઓવરના નિયમોમાં મહત્વપૂર્ણ ફેરફાર કરવામાં આવ્યા છે, જે અંતર્ગત હવે વિજેતાનો નિર્ણય કેવી રીતે લેવામાં આવશે તે અંગે વિગતવાર માહિતી અહીં આપવામાં આવી છે.

IPLની 18મી સીઝનમાં સુપર ઓવરના નિયમોમાં મોટો ફેરફાર કરવામાં આવ્યો છે. અગાઉ એવું હતું કે જો મેચ ટાઈ થાય તો પરિણામ ન આવે ત્યાં સુધી સુપર ઓવર ચાલુ રહેતી હતી. જો કે, ક્રિકબઝના અહેવાલ મુજબ, 20 માર્ચે યોજાયેલી કેપ્ટન્સની મીટિંગ બાદ BCCIએ તમામ ટીમોને આ નવા નિયમો વિશે જાણ કરી દીધી છે.

નવા નિયમો અનુસાર, મેચ સમાપ્ત થયાના 1 કલાકની અંદર જેટલી સુપર ઓવર જરૂરી હોય તેટલી રમાઈ શકશે. જો મેચ ટાઈ થાય તો પ્રથમ સુપર ઓવર 10 મિનિટની અંદર શરૂ થવી જોઈએ. જો પ્રથમ સુપર ઓવર પણ ટાઈ થાય તો બીજી સુપર ઓવર 5 મિનિટની અંદર શરૂ કરવામાં આવશે.

જો મેચ સમાપ્ત થયાના 1 કલાકનો સમય પૂરો થવાનો હશે, તો મેચ રેફરી બંને કેપ્ટનને જણાવશે કે કઈ સુપર ઓવર છેલ્લી હશે. મુખ્ય મેચમાં ખેલાડીઓને આપવામાં આવેલી કોઈપણ ચેતવણી અથવા વધારાનો સમય સુપર ઓવરમાં પણ યથાવત રહેશે.

સુપર ઓવરના નિયમોના મુખ્ય મુદ્દાઓ:

IPL 2025માં સુપર ઓવરની પ્રક્રિયા:

જો સુપર ઓવર પૂરી ન થાય તો?

જો સુપર ઓવર અથવા ત્યારપછીની કોઈ પણ સુપર ઓવર તેની પૂર્ણતા પહેલા કોઈ કારણસર છોડી દેવામાં આવે તો મેચ ડ્રો જાહેર કરવામાં આવશે અને બંને ટીમો વચ્ચે પોઈન્ટની સમાન વહેંચણી કરવામાં આવશે.

આ નવા નિયમો IPL 2025ની મેચોને વધુ રોમાંચક બનાવશે અને ટાઈ થયેલી મેચોમાં પરિણામ લાવવામાં મદદરૂપ થશે. આ સીઝનમાં કુલ 10 ટીમો ભાગ લઈ રહી છે, જેમના નામ નીચે મુજબ છે:",https://gujarati.abplive.com/sports/ipl/ipl-2025-super-over-rules-updated-check-time-limits-new-guidelines-933673,6,2025-04-01 18:35:00
,,"KKR vs RCB Rain Prediction: આજે IPL 2025 ની પ્રથમ મેચ કોલકાતા અને બેંગલુરુ વચ્ચે કોલકાતાના ઈડન ગાર્ડન્સ ખાતે રમાશે. પરંતુ ચાહકો માટે ખરાબ સમાચાર એ છે કે ટૂર્નામેન્ટની પહેલી જ મેચ વરસાદને કારણે ધોવાઈ શકે છે. વરસાદ અને વાવાઝોડાની સંભાવનાને કારણે કોલકાતામાં ઓરેન્જ એલર્ટ જારી કરવામાં આવ્યું હતું. તમને જણાવી દઈએ કે, નિર્ધારિત કાર્યક્રમ મુજબ, ઓપનિંગ સેરેમની સાંજે 6 વાગ્યે શરૂ થવાની છે, જ્યારે મેચ સાંજે 7:30 વાગ્યે શરૂ થશે. પરંતુ જો KKR vs RCB મેચ વરસાદને કારણે પૂર્ણ ન થઈ શકે તો શું થશે? તમને આ પ્રશ્નનો જવાબ અહીં મળી જશે.

વરસાદને કારણે મેચ ધોવાઈ જશે તો શું થશે ?

જો કોલકાતા નાઈટ રાઈડર્સ  અને રોયલ ચેલેન્જર્સ બેંગલુરુ વચ્ચેની મેચ વરસાદને કારણે ધોવાઈ જશે તો બંને ટીમોને એક-એક પોઈન્ટ આપવામાં આવશે.  કારણ કે આઈપીએલ લીગ મેચો માટે કોઈ રિઝર્વ ડે નથી. જો કે, જ્યારે ટીમ જીતે છે ત્યારે તેમને 2 પોઈન્ટ મળે છે, જ્યારે હારનાર ટીમને કોઈ પોઈન્ટ આપવામાં આવતા નથી. જો મેચ ડ્રો થશે તો બંને ટીમને  એક-એક પોઈન્ટ આપવામાં આવશે.

સાંજે હવામાન કેવું રહેશે ?

કોલકાતા નાઈટ રાઈડર્સ અને રોયલ ચેલેન્જર્સ બેંગ્લોર વચ્ચેની મેચ સાંજે 7.30 વાગ્યે શરૂ થશે. મેચના સમયે કોલકાતામાં વરસાદની માત્ર 10 ટકા શક્યતા છે, પરંતુ વાવાઝોડાની ચેતવણી આપવામાં આવી છે. રાત્રે 11 વાગ્યા સુધી વરસાદની સંભાવના 70 ટકા જણાવવામાં આવી છે. આવી સ્થિતિમાં જો મેચ શરૂ થાય તો પણ વરસાદ વારંવાર દખલ કરી શકે છે. તમને એ પણ જણાવી દઈએ કે ગ્રાઉન્ડ સ્ટાફે ગુરુવારથી પિચ વિસ્તારને કવર કરી લીધો છે.

મેચ પહેલા 6 વાગ્યે ઓપનિંગ સેરેમની

આ મેચ ખાસ બનવાની છે કારણ કે ગત સિઝનની સરખામણીમાં બંને ટીમો પાસે નવા કેપ્ટન છે. કોલકાતાનો કેપ્ટન અજિંક્ય રહાણે હશે, બીજી તરફ RCBની કમાન રજત પાટીદારના હાથમાં છે. મેચ પહેલા 6 વાગ્યે ઓપનિંગ સેરેમની યોજાવાની છે. શ્રેયા ઘોષાલ, કરણ ઔજલા અને દિશા પટણી પણ આ ઓપનિંગ સેરેમનીમાં હાજરી આપવાના છે. આ ઉપરાંત પશ્ચિમ બંગાળના મુખ્યમંત્રી મમતા બેનર્જી પણ સમારોહમાં હાજરી આપી શકે છે.",https://gujarati.abplive.com/sports/ipl/ipl-2025-who-will-benefit-if-kkr-vs-rcb-match-washed-out-in-rain-what-says-ipl-rule-933667,6,2025-04-01 18:35:05
,,"Virat Kohli Performance Against Varun Chakravarthy And Sunil Narine : ક્રિકેટપ્રેમીઓની રાહ જોવાની ઘડી પૂરી થઈ ગઈ છે. IPL 2025 આજથી (22 માર્ચ)થી શરૂ થઈ રહ્યું છે. ઉદ્ઘાટન મેચમાં ગત વર્ષની વિજેતા કોલકાતા નાઈટ રાઈડર્સ અને રોયલ ચેલેન્જર્સ બેંગ્લોર આમને-સામને છે. મેચ દરમિયાન તમામની નજર આરસીબીના સ્ટાર બેટ્સમેન વિરાટ કોહલી પર હશે. વાસ્તવમાં, કોહલીનું બેટ દેશની પ્રતિષ્ઠિત ટૂર્નામેન્ટમાં ઘણું સારું ચાલે છે. પરંતુ તાજેતરના વર્ષોમાં તે સ્પિનરો સામે સંઘર્ષ કરતો જોવા મળ્યો છે. આવી સ્થિતિમાં, મેચ દરમિયાન તે કેકેઆરના સ્ટાર સ્પિનરો વરુણ ચક્રવર્તી અને સુનીલ નારાયણનો કેવી રીતે સામનો કરે છે તે જોવું ખૂબ જ રસપ્રદ રહેશે.

વરુણ ચક્રવર્તી સામે વિરાટ કોહલીનું પ્રદર્શન

આઈપીએલને વિશ્વભરમાં ઝડપી રમત તરીકે ઓળખવામાં આવે છે. અહીં બેટ્સમેનોએ ઘણા છગ્ગા અને ચોગ્ગા ફટકાર્યા હતા. કોહલી પોતે આનો સાક્ષી છે. અહીં તેણે પોતાની વિસ્ફોટક રમત દેખાડી અને ઘણા રન બનાવ્યા. પરંતુ તેનું બેટ હજુ પણ ચક્રવર્તી સામે નથી ચાલતું. અત્યાર સુધી તેણે દેશની પ્રતિષ્ઠિત ટૂર્નામેન્ટમાં વરુણ ચક્રવર્તી સામે કુલ 39 બોલનો સામનો કર્યો છે. આ સમયગાળા દરમિયાન તેના બેટમાંથી 40.00ની એવરેજથી માત્ર 40 રન જ બન્યા છે. આ દરમિયાન તે એક વખત તેનો શિકાર પણ બન્યો છે.

અન્ય બોલરો સામે છગ્ગા અને ચોગ્ગા ફટકારનાર વિરાટ કોહલી IPLમાં વરુણ સામે માંડ માંડ બે ચોગ્ગા અને એક સિક્સ ફટકારી શક્યો છે. મેચ દરમિયાન તેની સ્ટ્રાઈક રેટ પણ કંઈ ખાસ નથી. વરુણ સામે તેણે 102.6ના સ્ટ્રાઈક રેટથી રન બનાવ્યા છે.

વિરાટ કોહલી અને સુનીલ નારાયણ

વરુણ ચક્રવર્તીની જેમ સુનીલ નારાયણ સામે વિરાટ કોહલીનું પ્રદર્શન પણ ખાસ રહ્યું નથી. IPLના ઈતિહાસમાં વિરાટ કોહલીએ અત્યાર સુધી સુનીલ નારાયણ સામે કુલ 118 બોલનો સામનો કર્યો છે. આ દરમિયાન તે 31.08ની એવરેજથી 127 રન બનાવવામાં સફળ રહ્યો છે. આ સમયગાળા દરમિયાન સુનીલ નારાયણે તેને ચાર વખત આઉટ કર્યો છે.

IPLના ઈતિહાસમાં વિરાટ કોહલીએ સુનીલ નારાયણ સામે બે છગ્ગા અને 10 ચોગ્ગા ફટકાર્યા છે. આ સિવાય 43 બોલ રમ્યા છે. IPLમાં નારાયણ સામે કોહલીનો સ્ટ્રાઈક રેટ 107.6 છે.",https://gujarati.abplive.com/sports/ipl/kohli-performance-against-varun-chakravarthy-and-sunil-narine-in-ipl-kkr-vs-rcb-ipl-2025-933664,6,2025-04-01 18:35:08
,,"IPL 2025 1st Match KKR vs RCB: IPL 2025ની પ્રથમ મેચ કોલકાતા નાઈટ રાઈડર્સ અને રોયલ ચેલેન્જર્સ બેંગ્લોર વચ્ચે રમાશે. આ મેચ શનિવારે સાંજે ઈડન ગાર્ડનમાં રમાશે. અજિંક્ય રહાણેની કેપ્ટનશીપવાળી ટીમ KKR ઘણી મજબૂત છે. RCB પણ નવા રંગમાં જોવા મળશે. આ ટીમનું નેતૃત્વ રજત પાટીદાર કરી રહ્યા છે. જો આપણે હેડ ટુ હેડ રેકોર્ડ્સ પર નજર કરીએ તો KKRનો હાથ ઉપર છે. RCBની વાત કરીએ તો તેની પાસે ઘણા મજબૂત ખેલાડીઓ છે, જે મેચને ગમે ત્યારે પલટી શકે છે.

સિઝનની પ્રથમ મેચ દરમિયાન હવામાન એક મોટો પડકાર હશે. શુક્રવારે કોલકાતામાં ભારે વરસાદ થયો છે. શનિવારે સવારે પણ વરસાદ પડ્યો હતો. જો મેચ દરમિયાન વરસાદ પડે તો તેની ખરાબ અસર થઈ શકે છે. મેચ પહેલા ઓપનિંગ સેરેમનીનું પણ આયોજન કરવામાં આવનાર છે.

કોહલીનું બેટ ચાલશે કે વરુણ વિકેટ લેશે -

RCB અને KKR બંને પાસે શાનદાર ખેલાડીઓ છે. તેથી આ મેચ સ્પર્ધા બની રહેશે. ઈડન ગાર્ડન્સમાં વિરાટનો રેકોર્ડ સારો છે. તેણે અહીં આઈપીએલમાં સદી પણ ફટકારી છે. મિસ્ટ્રી સ્પિનર ​​વરુણ ચક્રવર્તી હોમ ગ્રાઉન્ડ પર હશે. તેણે પણ અદભૂત પ્રદર્શન કર્યું છે. વરુણ આઈપીએલમાં અત્યાર સુધી 31 મેચ રમી ચૂક્યો છે. આ દરમિયાન 36 વિકેટ લીધી છે.

અત્યાર સુધીનો હેડ ટુ હેડ રેકોર્ડ કેવો રહ્યો ?

KKR અને RCB વચ્ચે અત્યાર સુધીમાં કુલ 34 મેચ રમાઈ છે. આ સમયગાળા દરમિયાન કોલકાતાએ 20 મેચ જીતી છે. જ્યારે બેંગ્લોરે 14 મેચ જીતી છે. જો આપણે બંને વચ્ચેની મેચમાં સૌથી વધુ વખત પ્લેયર ઓફ ધ મેચ જીતનારા ખેલાડીઓની વાત કરીએ તો ક્રિસ ગેલ ટોપ પર છે. તેની સાથે સુનીલ નારાયણ પણ નંબર વન પર છે. આ બંને ખેલાડીઓ 4-4 વખત આ ખિતાબ જીતી ચૂક્યા છે.

RCB સામે ઘણા ખેલાડીઓ તોડી શકે છે રેકોર્ડ -

સુનીલ નારાયણ પાસે સિક્સરનો રેકોર્ડ તોડવાની તક છે. તેણે IPLમાં 97 સિક્સર ફટકારી છે. સુનીલ નારાયણ 3 સિક્સર મારતાની સાથે જ તેની સિક્સરની સદી પૂરી કરી લેશે. સુનીલ નારાયણ KKR માટે 200 વિકેટ પણ પૂરી કરી શકે છે. આ માટે તેણે વધુ 2 વિકેટ લેવાની છે. આન્દ્રે રસેલ 2500 રન પુરા કરવાની નજીક છે. તેમને માત્ર 16 રનની જરૂર છે.

KKR અને RCB મેચ માટે સંભવિત 12 ખેલાડીઓ -

કોલકાતા નાઈટ રાઈડર્સ: સુનીલ નારાયણ, ક્વિન્ટન ડી કોક (વિકેટકિપર), અજિંક્ય રહાણે (કેપ્ટન), વેંકટેશ ઐયર, અંગક્રૃષ રઘુવંશી, રિંકુ સિંહ, આન્દ્રે રસેલ, રમણદીપ સિંહ, સ્પેન્સર જોન્સન, વૈભવ અરોરા, હર્ષિત રાણા, વરુણ ચક્રવર્તી.

રોયલ ચેલેન્જર્સ બેંગ્લોર: ફિલ સોલ્ટ, વિરાટ કોહલી, દેવદત્ત પડિકલ, રજત પાટીદાર (કેપ્ટન), લિયામ લિવિંગસ્ટોન, જીતેશ શર્મા (વિકેટકીપર), ટિમ ડેવિડ, ક્રુણાલ પંડ્યા, ભુવનેશ્વર કુમાર, જોશ હેઝલવુડ, યશ દયાલ, સુયશ શર્મા/રસિખ દાર સલામ.",https://gujarati.abplive.com/sports/ipl/ipl-2025-1st-match-kkr-vs-rcb-head-to-head-record-virat-kohli-varun-chakaravarthy-eden-gardens-933654,6,2025-04-01 18:35:14
,,"IPL 2025 Opening Ceremony: આઈપીએલ 2025 આજથી શરૂ થવા જઈ રહી છે. ઉદઘાટન સમારોહને ભવ્ય બનાવવા માટે સંપૂર્ણ વ્યવસ્થા કરવામાં આવી છે. આજે ઈડન ગાર્ડનમાં ઘણા મોટા સેલેબ્સ પરફોર્મ કરવા જઈ રહ્યા છે. IPLની ઓપનિંગ સેરેમનીમાં બોલિવૂડના ઘણા સેલેબ્સ પરફોર્મ કરવાના છે. તેના પરફોર્મન્સને જોવા માટે ફેન્સ ખૂબ જ ઉત્સાહિત છે. દર વર્ષે IPLની ઓપનિંગ સેરેમનીમાં બોલિવૂડના ઘણા સેલેબ્સ પરફોર્મ કરે છે. આ વર્ષે દિશા પટણી, શ્રેયા ઘોષાલ અને કરણ ઔજલા પરફોર્મ કરવાના છે. આ સેલેબ્સ પરફોર્મ કરવા માટે મોટી રકમ લે છે. આવો અમે તમને આ સેલેબ્સની ફી વિશે જણાવીએ.

દિશા પટણી

દિશા પટણી બોલિવૂડની શ્રેષ્ઠ અભિનેત્રીઓમાંની એક છે. તે તેની ફિટનેસ અને ડાન્સ મૂવ્સ માટે જાણીતી છે. રિપોર્ટ્સ અનુસાર, દિશા એક ઈવેન્ટમાં પરફોર્મ કરવા માટે 25-50 લાખ રૂપિયા ચાર્જ કરે છે. આઈપીએલની ઓપનિંગ સેરેમનીમાં પણ તે આટલો ચાર્જ લઈ શકે છે.

A post shared by IPL (@iplt20)

કરણ ઔજલા

સિંગર અને રેપર કરણ ઔજલા પણ પોતાના પરફોર્મન્સથી IPLની ઓપનિંગ સેરેમનીમાં આકર્ષણ જમાવવા તૈયાર છે. કરણે તાજેતરમાં જ ભારતનો પ્રવાસ કર્યો હતો. જેના માટે તેણે 16 કરોડ રૂપિયાની મોટી રકમ વસૂલ કરી હતી. કરણ ઓછામાં ઓછી એક ઇવેન્ટ કરશે.

A post shared by IPL (@iplt20)

શ્રેયા ઘોષાલ

શ્રેયા ઘોષાલ તેની ઉત્તમ ગાયકી માટે જાણીતી છે. જે પણ શ્રેયાનું ગીત એકવાર સાંભળે છે તે તેના માટે દિવાના બની જાય છે. શ્રેયાએ પ્લેબેક સિંગર હોવાની સાથે ઘણા રિયાલિટી શો પણ જજ કર્યા છે. જ્યાં શ્રેયાની અલગ સ્ટાઈલ જોઈ શકાય છે. રિપોર્ટ્સ અનુસાર, શ્રેયા કોઈપણ ઈવેન્ટમાં પરફોર્મ કરવા માટે લગભગ 25 લાખ રૂપિયા ચાર્જ કરે છે. તેણે આઈપીએલ માટે પણ આટલી ફી લીધી હશે.

તમને જણાવી દઈએ કે ગયા વર્ષે અક્ષય કુમારે IPLની ઓપનિંગ સેરેમનીમાં પરફોર્મ કર્યું હતું. રિપોર્ટ્સ અનુસાર, અક્ષયે આ પરફોર્મન્સ માટે 2-2.5 કરોડ રૂપિયા ચાર્જ કર્યા હતા.",https://gujarati.abplive.com/sports/ipl/ipl-2025-opening-ceremony-disha-patani-karan-aujila-and-shreya-ghoshal-how-much-they-charged-for-performance-933651,6,2025-04-01 18:35:20
,,"T20 ફોર્મેટમાં હંમેશા બેટ્સમેનોનું વર્ચસ્વ રહ્યું છે. અહીં બોલરને માત્ર ચાર ઓવર એટલે કે માત્ર 24 બોલ જ નાખવામાં આવે છે. જ્યારે બેટ્સમેનો આ ફોર્મેટમાં આક્રમક માનસિકતા સાથે બેટિંગ કરે છે. હાલમાં પાકિસ્તાનમાં નેશનલ ટી20 કપનું આયોજન કરવામાં આવી રહ્યું છે, જેમાં પેશાવર ક્ષેત્ર અને ક્વેટા ક્ષેત્ર વચ્ચે મેચ રમાઈ હતી. આ મેચમાં પેશાવરે પ્રથમ બેટિંગ કરીને 239 રન બનાવ્યા હતા, જેના જવાબમાં ક્વેટાની ટીમ માત્ર 113 રન પર જ સિમિત રહી હતી અને પેશાવરે 126 રનથી મેચ જીતી લીધી હતી. પાકિસ્તાનના 29 વર્ષના શાહિબજાદા ફરહાને T20 ક્રિકેટમાં શાનદાર બેટિંગ કરી છે અને 162 રનની ઇનિંગ રમીને તે T20 ક્રિકેટમાં પાકિસ્તાન માટે સૌથી વધુ રન બનાવનાર ખેલાડી બની ગયો છે.

હસન નવાઝ બાદ વધુ એક પાકિસ્તાની બેટ્સમેને T20 ક્રિકેટમાં તબાહી મચાવી છે. હસન નવાઝ પાકિસ્તાન માટે T20 ઈન્ટરનેશનલમાં સૌથી ઝડપી સદી ફટકારનાર બેટ્સમેન બની ગયો છે. જ્યારે 29 વર્ષના શાહિબજાદા ફરહાને પાકિસ્તાન માટે T20માં સૌથી વધુ સ્કોર બનાવવાનો રેકોર્ડ બનાવ્યો હતો.

શાહિબજાદા ફરહાને 162 રનની ઇનિંગ રમી હતી

શાહિબજાદા ફરહાન પેશાવર માટે સૌથી મોટો હીરો સાબિત થયો હતો. તેણે 72 બોલમાં 162 રન બનાવ્યા જેમાં 14 ચોગ્ગા અને 11 છગ્ગાનો સમાવેશ થાય છે. શાનદાર ઇનિંગ રમીને તેણે કામરાન અકમલનો 8 વર્ષ જૂનો રેકોર્ડ તોડ્યો હતો. કામરાને વર્ષ 2017માં લાહોર તરફથી રમતા કુલ 150 રન બનાવ્યા હતા. હવે શાહિબજાદા ફરહાન પાકિસ્તાન માટે T20 ક્રિકેટમાં સૌથી મોટી ઇનિંગ્સ રમનાર બેટ્સમેન બની ગયો છે.

કામરાન અકમલ પણ પાછળ રહ્યો

શાહિબજાદા ફરહાન એકંદર T20 ક્રિકેટમાં સંયુક્ત રીતે ત્રીજી સૌથી વધુ ઇનિંગ્સ ધરાવતો ખેલાડી બની ગયો છે. તેણે હેમિલ્ટન મસાકડજા, ડેવાલ્ડ બ્રેવિસ અને હઝરતુલ્લાહ ઝઝઈની બરાબરી કરી છે. ટી20 ક્રિકેટમાં ક્રિસ ગેલે સૌથી મોટી ઇનિંગ્સ રમી છે. તેણે વર્ષ 2013માં આઈપીએલમાં આરસીબી ટીમ માટે 175 રનની ઈનિંગ રમી હતી.

T20 ક્રિકેટમાં સૌથી મોટી ઇનિંગ્સ રમનાર બેટ્સમેનઃ

ક્રિસ ગેલ- 175 રનએરોન ફિન્ચ- 172 રનહેમિલ્ટન મસાકાદઝા- 162 રનહઝરતુલ્લા ઝઝઈ- 162 રનશાહિબજાદા ફરહાન- 162 રનડેવાલ્ડ બ્રેવિસ- 162 રન

પાકિસ્તાન માટે 9 T20 આંતરરાષ્ટ્રીય મેચ રમી છે શાહિબઝાદા ફરહાને પાકિસ્તાન માટે 9 T20 આંતરરાષ્ટ્રીય મેચ પણ રમી છે, જેમાં તેણે પોતાના બેટથી 86 રન બનાવ્યા છે. તેના નામે 60 ફર્સ્ટ ક્લાસ મેચોમાં 4646 રન છે જેમાં 10 સદી સામેલ છે. લિસ્ટ-એમાં તેના નામે 2926 રન છે.",https://gujarati.abplive.com/sports/cricket/sahibzada-farhan-highest-t20-score-for-pakistan-break-kamran-akmal-record-2025-933636,6,2025-04-01 18:35:23
,,"Shah Rukh Khan Income From KKR:  IPL 2025 આજથી શરૂ થવા જઈ રહી છે. IPLની નવી સીઝનની પહેલી મેચ KKR અને RCB વચ્ચે રમાશે. પહેલી જ મેચમાં કઠિન સ્પર્ધા જોવા મળશે. આ મેચ ઇડન ગાર્ડનમાં યોજાવાની છે અને શાહરૂખ ચોક્કસપણે તેની ટીમને ચીયર કરવા જશે. શાહરૂખ ખાન KKR નો સહ-માલિક છે. શાહરૂખ આઈપીએલમાં તેની ટીમ તરફથી દર વર્ષે કરોડો રૂપિયા કમાય છે. આ રકમ સાંભળીને તમને ચોક્કસ આઘાત લાગશે.

Kolkata’s heartbeat is louder than ever! 💜🏆 The Knights are ready, the city is behind them⚔️ pic.twitter.com/31l3Jjhho7

આઈપીએલ 2024 ની ટ્રોફી શાહરૂખ ખાનની ટીમ કોલકાતા નાઈટ રાઈડર્સે જીતી હતી. શાહરૂખ આ વર્ષે પણ પોતાની ટીમ વિશે આશાવાદી છે. શાહરૂખ માત્ર ફિલ્મોથી જ કમાણી કરતો નથી, પરંતુ IPLમાંથી પણ તેના પર પૈસાનો વરસાદ થાય છે. ચાલો તમને જણાવીએ કે શાહરૂખ ખાન કેટલા પૈસા કમાય છે.

દર વર્ષે શાહરૂખ IPLમાંથી આટલી કમાણી કરે છેઅહેવાલો અનુસાર, દરેક IPL ટીમને BCCI તરફથી ટીવી પ્રસારણ અને સ્પોન્સરશિપથી થતી કમાણીનો હિસ્સો મળે છે. આ ઉપરાંત, શાહરૂખ પોતાની ટીમ દ્વારા બ્રાન્ડ એન્ડોર્સમેન્ટ, મેચ ફી, ફ્રેન્ચાઇઝ ફી, બીસીસીઆઈ ઇવેન્ટ રેવન્યુ અને ઇનામી રકમના રૂપમાં ઘણું કમાય છે. આનાથી કરોડોની કમાણી થાય છે. અહેવાલો અનુસાર, શાહરૂખ તેની IPL ટીમમાંથી દર વર્ષે 250-270 કરોડ રૂપિયા કમાય છે.

શાહરૂખ ખાન તેની ટીમ પર લગભગ 100 કરોડ રૂપિયા ખર્ચ કરે છે. આ ખર્ચ ટીમના ખેલાડીઓ ખરીદવાથી લઈને મેનેજમેન્ટ સુધી કરવામાં આવે છે. જે મુજબ KKR લગભગ 150 કરોડ રૂપિયાની કમાણી કરે છે. ટીમમાં શાહરૂખ ખાનનો હિસ્સો 55 ટકા છે, તેથી આ હિસાબે તે દર વર્ષે 70-80 કરોડ કમાય છે. તમને જણાવી દઈએ કે KKR માં શાહરૂખ ખાનના પાર્ટનર બીજું કોઈ નહીં પણ જુહી ચાવલા અને તેના પતિ જય મહેતા છે. ત્રણેય ઘણીવાર મેચ દરમિયાન સાથે જોવા મળે છે.

આરસીબી સંભવીત પ્લેઇંગ ઇલેવન: વિરાટ કોહલી, ફિલ સોલ્ટ, રજત પાટીદાર (કેપ્ટન), લિયામ લિવિંગસ્ટોન, જીતેશ શર્મા, ટિમ ડેવિડ, કૃણાલ પંડ્યા, ભુવનેશ્વર કુમાર, જોશ હેઝલવુડ, યશ દયાલ, સુયશ શર્મા

KKR સંભવીત પ્લેઇંગ ઇલેવન: ક્વિન્ટન ડી કોક, સુનીલ નારાયણ, અજિંક્ય રહાણે (કેપ્ટન), વેંકટેશ ઐયર, રિંકુ સિંહ, આન્દ્રે રસેલ, રમણદીપ સિંહ, હર્ષિત રાણા, સ્પેન્સર જોહ્ન્સન, વૈભવ અરોરા, વરુણ ચક્રવર્તી.",https://gujarati.abplive.com/sports/cricket/ipl-2025-shah-rukh-khan-earns-how-much-from-kkr-team-every-year-know-about-it-933633,6,2025-04-01 18:35:26
,,"BCCI News Rules For IPL 2025: તાજેતરમાં, ભારતીય ક્રિકેટ કંટ્રોલ બોર્ડ (BCCI) એ ટીમ ઈન્ડિયા માટે ઘણા કડક નિયમો બનાવ્યા હતા. હવે, IPL પણ એ જ રસ્તે આગળ વધવા લાગી છે. ખરેખર, આ વખતે IPLમાં સ્ટાન્ડર્ડ ઓપરેટિંગ પ્રોસિજર (SOPs) ના કેટલાક નિયમો જોવા મળશે. BCCI એ ટીમોને આ નિયમો વિશે માહિતી આપી છે. પરંતુ શું તમે જાણો છો કે BCCI નો સ્ટાન્ડર્ડ ઓપરેટિંગ પ્રોસિજર નિયમ શું છે? આ પછી, IPLમાં કયા ફેરફારો જોવા મળશે?

ખેલાડીઓના પરિવાર અને મિત્રો મુશ્કેલીમાં મુકાશે!

આ નિયમોનું પાલન કરીને, IPL દરમિયાન ફક્ત અધિકૃત વ્યક્તિઓને જ મેદાન અને ડ્રેસિંગ રૂમમાં પ્રવેશવાની મંજૂરી આપવામાં આવશે. તેથી, કોઈપણ ખેલાડીના પરિવારનો કોઈ સભ્ય મેદાનમાં પ્રવેશી શકશે નહીં. આ સિવાય ડ્રેસિંગ રૂમમાં જવાની પરવાનગી રહેશે નહીં. જોકે, BCCI એ IPL મેચ પહેલા અને દરમિયાન ખેલાડીઓ અને મેચ અધિકારીઓના વિસ્તારો (PMOA) ની આસપાસ પરિવારના સભ્યોની હાજરી અંગેના નિયમો કડક બનાવ્યા છે. આ ઉપરાંત, જો ખેલાડી પ્રેક્ટિસ માટે જઈ રહ્યો હોય તો તેણે ટીમ બસનો ઉપયોગ કરવો પડશે. આ રીતે, કોઈપણ ખેલાડી પોતાની અંગત કારમાં પ્રેક્ટિસ માટે જશે નહીં.

થ્રો ડાઉન સ્પેશિયાલિસ્ટ અને નેટ બોલરો માટેના નિયમો બદલાયા

જોકે, ખેલાડીના પરિવારના સભ્યો અને મિત્રો અલગ વાહનમાં મુસાફરી કરી શકે છે. તમે હોસ્પિટાલિટી ઝોનમાંથી ટીમની પ્રેક્ટિસ પણ જોઈ શકો છો. હકીકતમાં, આ નિયમો પહેલા, ખેલાડીના પરિવારના સભ્યો ટીમ બસમાં સાથે મુસાફરી કરી શકતા હતા. આ ઉપરાંત, IPLમાં થ્રો ડાઉન સ્પેશિયાલિસ્ટ અને નેટ બોલરો માટેના નિયમોમાં ફેરફાર કરવામાં આવ્યા છે. હવે, ટીમોએ થ્રો ડાઉન સ્પેશિયાલિસ્ટ અને નેટ બોલર્સ જેવા વધારાના સપોર્ટ સ્ટાફની યાદી મંજૂરી માટે BCCI ને સુપરત કરવાની રહેશે. આ પહેલા, IPL ટીમો કોઈપણ ખેલાડીને નેટ બોલર તરીકે પોતાની ટીમનો ભાગ બનાવી શકતી હતી. પણ હવે આ શક્ય નહીં બને.

આઈપીએલ 2025 ની શરૂઆત કોલકાતા વિરુદ્ધ બેંગ્લોર મેચથી થવા જઈ રહી છે. આ મેચ 22 માર્ચે ભારતીય સમય મુજબ સાંજે 7:30 વાગ્યે શરૂ થશે. શ્રેયસ ઐયરની કેપ્ટનશીપમાં KKR ગયા સિઝનમાં ચેમ્પિયન બન્યું હતું. આ વખતે ટીમની કમાન અજિંક્ય રહાણેના હાથમાં રહેશે, તો બીજી તરફ બેંગલુરુની કેપ્ટનશીપ રજત પાટીદારના ખભા પર છે. પહેલી મેચનો ઉત્સાહ શરૂ થાય તે પહેલાં, ચાલો જાણીએ બંને ટીમોના પ્લેઇંગ ઇલેવન, મેચની આગાહી અને પિચ રિપોર્ટ વિશે.

પિચ રિપોર્ટઇડન ગાર્ડન્સની પીચ હાઇ-સ્કોરિંગ મેચો માટે પ્રખ્યાત છે. શરૂઆતમાં અહીં બેટિંગ કરવી સરળ છે અને બેટિંગ કરતી ટીમ ઇનિંગ્સની શરૂઆતની ઓવરોમાં પ્રભુત્વ મેળવી શકે છે. પરંતુ જેમ જેમ બોલ જૂનો થાય છે તેમ તેમ સ્પિનરોને મદદ મળવા લાગે છે. તમને જણાવી દઈએ કે અહીં સામાન્ય રીતે હાઈ-સ્કોરિંગ મેચ જોવા મળે છે. વર્ષ 2024 માં આ જ મેદાન પર, પંજાબ કિંગ્સે 262 રનના વિશાળ લક્ષ્યને પ્રાપ્ત કરીને KKR ને હરાવ્યું હતું.

મેચ પ્રિડિક્શનઆઈપીએલના ઇતિહાસમાં ઈડન ગાર્ડન્સ પર કુલ 93 મેચ રમાઈ છે, જેમાંથી પહેલા બેટિંગ કરનારી ટીમ ફક્ત 38 વાર જ જીતી શકી છે. અહીં પીછો કરતી ટીમ 55 વખત જીતી છે. છેલ્લી 6 મેચોમાં, પીછો કરતી ટીમ ચાર વખત જીતી છે. ઇડન ગાર્ડન્સમાં KKRને ઘરઆંગણે ફાયદો મળી રહ્યો હશે, પરંતુ આ મુકાબલામાં ટોસ પણ મોટી ભૂમિકા ભજવી શકે છે.",https://gujarati.abplive.com/sports/cricket/bcci-news-rules-players-travel-by-team-bus-and-no-family-members-in-dressing-rooms-ipl-2025-933609,6,2025-04-01 18:35:29
,,"KKR vs RCB IPL 2025: આઈપીએલ 2025 ની શરૂઆત કોલકાતા વિરુદ્ધ બેંગ્લોર મેચથી થવા જઈ રહી છે. આ મેચ 22 માર્ચે ભારતીય સમય મુજબ સાંજે 7:30 વાગ્યે શરૂ થશે. શ્રેયસ ઐયરની કેપ્ટનશીપમાં KKR ગયા સિઝનમાં ચેમ્પિયન બન્યું હતું. આ વખતે ટીમની કમાન અજિંક્ય રહાણેના હાથમાં રહેશે, તો બીજી તરફ બેંગલુરુની કેપ્ટનશીપ રજત પાટીદારના ખભા પર છે. પહેલી મેચનો ઉત્સાહ શરૂ થાય તે પહેલાં, ચાલો જાણીએ બંને ટીમોના પ્લેઇંગ ઇલેવન, મેચની આગાહી અને પિચ રિપોર્ટ વિશે.

પિચ રિપોર્ટઇડન ગાર્ડન્સની પીચ હાઇ-સ્કોરિંગ મેચો માટે પ્રખ્યાત છે. શરૂઆતમાં અહીં બેટિંગ કરવી સરળ છે અને બેટિંગ કરતી ટીમ ઇનિંગ્સની શરૂઆતની ઓવરોમાં પ્રભુત્વ મેળવી શકે છે. પરંતુ જેમ જેમ બોલ જૂનો થાય છે તેમ તેમ સ્પિનરોને મદદ મળવા લાગે છે. તમને જણાવી દઈએ કે અહીં સામાન્ય રીતે હાઈ-સ્કોરિંગ મેચ જોવા મળે છે. વર્ષ 2024 માં આ જ મેદાન પર, પંજાબ કિંગ્સે 262 રનના વિશાળ લક્ષ્યને પ્રાપ્ત કરીને KKR ને હરાવ્યું હતું.

Game plan set, storm inbound♟️🌪️ pic.twitter.com/gS68ihTOSQ

મેચ પ્રિડિક્શનઆઈપીએલના ઇતિહાસમાં ઈડન ગાર્ડન્સ પર કુલ 93 મેચ રમાઈ છે, જેમાંથી પહેલા બેટિંગ કરનારી ટીમ ફક્ત 38 વાર જ જીતી શકી છે. અહીં પીછો કરતી ટીમ 55 વખત જીતી છે. છેલ્લી 6 મેચોમાં, પીછો કરતી ટીમ ચાર વખત જીતી છે. ઇડન ગાર્ડન્સમાં KKRને ઘરઆંગણે ફાયદો મળી રહ્યો હશે, પરંતુ આ મુકાબલામાં ટોસ પણ મોટી ભૂમિકા ભજવી શકે છે.

આરસીબી સંભવીત પ્લેઇંગ ઇલેવન: વિરાટ કોહલી, ફિલ સોલ્ટ, રજત પાટીદાર (કેપ્ટન), લિયામ લિવિંગસ્ટોન, જીતેશ શર્મા, ટિમ ડેવિડ, કૃણાલ પંડ્યા, ભુવનેશ્વર કુમાર, જોશ હેઝલવુડ, યશ દયાલ, સુયશ શર્મા

KKR સંભવીત પ્લેઇંગ ઇલેવન: ક્વિન્ટન ડી કોક, સુનીલ નારાયણ, અજિંક્ય રહાણે (કેપ્ટન), વેંકટેશ ઐયર, રિંકુ સિંહ, આન્દ્રે રસેલ, રમણદીપ સિંહ, હર્ષિત રાણા, સ્પેન્સર જોહ્ન્સન, વૈભવ અરોરા, વરુણ ચક્રવર્તી.

𝗛𝗼𝘄 𝘁𝗼 𝗖𝗮𝘁𝗰𝗵 𝗶𝘁 𝗥𝗶𝗴𝗵𝘁 𝗳𝘁. 𝗟𝗶𝗮𝗺 𝗟𝗶𝘃𝗶𝗻𝗴𝘀𝘁𝗼𝗻𝗲 😎Eyes, ears and hands in sync - Liam trains under the lights to improve his ball spotting and catching skills! 💯🤯This is Royal Challengers presents RCB Shorts.#PlayBold #ನಮ್ಮRCB #IPL2025 pic.twitter.com/Oznsqhbx9k",https://gujarati.abplive.com/sports/cricket/kkr-vs-rcb-playing-xi-prediction-kolkata-eden-gardens-pitch-report-rcb-vs-kkr-match-prediction-ipl-2025-933590,6,2025-04-01 18:35:32
,,"BCCI new technology IPL 2025: ઇન્ડિયન પ્રીમિયર લીગ (IPL) 2025માં ક્રિકેટના નિયમોને વધુ સુવ્યવસ્થિત કરવા અને મેચ દરમિયાન વાઈડ બોલ તથા નો-બોલ અંગે થતા વિવાદોને સંપૂર્ણપણે નાબૂદ કરવા માટે ભારતીય ક્રિકેટ કંટ્રોલ બોર્ડ (BCCI) એક અત્યાધુનિક ટેક્નોલોજી લઈને આવ્યું છે. આ નવી ટેક્નોલોજીની મદદથી હવે અમ્પાયરોના નિર્ણયો વધુ સચોટ બનશે અને ખેલાડીઓ તેમજ દર્શકોમાં થતી ગેરસમજણ દૂર થશે.

BCCI હંમેશાથી IPLમાં રમતની ગુણવત્તા અને નિષ્પક્ષતા જાળવવા માટે પ્રયત્નશીલ રહ્યું છે. આ નવી ટેક્નોલોજી એ દિશામાં એક મહત્વપૂર્ણ પગલું છે. અગાઉ IPL 2024માં નો-બોલને વધુ ચોકસાઈથી ઓળખવા માટે ખેલાડીની કમરની ઊંચાઈ માપવાની ટેક્નોલોજીનો ઉપયોગ કરવામાં આવ્યો હતો. હવે BCCIએ આ સિસ્ટમને વધુ અદ્યતન બનાવી છે, જેથી વાઈડ બોલ અંગે પણ સચોટ નિર્ણય લઈ શકાય.

નવી ટેક્નોલોજીની કાર્યપ્રણાલી વિશે વાત કરીએ તો, જ્યારે બેટ્સમેન ક્રિઝની અંદર ઊભો હશે ત્યારે મેદાન પર લાગેલા અત્યાધુનિક કેમેરા અને સેન્સર્સની મદદથી તેની કમરની ઊંચાઈ, ખભાની ઊંચાઈ અને માથાની ઊંચાઈનું ચોક્કસ માપ લેવામાં આવશે. આ માપાયેલો ડેટા ત્વરિત જ એક વિશેષ સિસ્ટમમાં અપલોડ કરવામાં આવશે. આ સિસ્ટમનો ઉપયોગ હોક-આઈ ઓપરેટર દ્વારા કરવામાં આવશે, જે થર્ડ અમ્પાયર સાથે બેસે છે. હોક-આઈ ઓપરેટર આ ડેટાની મદદથી બોલર દ્વારા ફેંકવામાં આવેલ બોલની ગતિ અને ટ્રેજેક્ટરીનું વિશ્લેષણ કરશે. બેટિંગ કરતી વખતે બેટ્સમેનની ઊંચાઈને ધ્યાનમાં રાખીને બોલ ક્યાંથી પસાર થઈ રહ્યો છે તેના આધારે વાઈડ બોલ અને ફુલ ટોસ નો-બોલ અંગેનો સચોટ નિર્ણય લઈ શકાશે.

આ નવી ટેક્નોલોજીનો સૌથી મોટો ફાયદો એ થશે કે હવે વાઈડ બોલ અને નો-બોલ અંગે મેદાન પર ખેલાડીઓ અને અમ્પાયરો વચ્ચે થતા વિવાદોનો અંત આવશે. અમ્પાયરો દ્વારા લેવામાં આવેલા નિર્ણયો વધુ પારદર્શક અને વિશ્વસનીય બનશે, જેનાથી રમતની ભાવના જળવાઈ રહેશે. આ ટેક્નોલોજી ફુલ ટોસ નો-બોલના કિસ્સામાં પણ ખૂબ જ મદદરૂપ સાબિત થશે, જે ઘણી વખત વિવાદનું કારણ બનતા હોય છે.

આ ટેક્નોલોજી IPL 2025ની દરેક મેચમાં ઉપયોગમાં લેવાશે અને તેનાથી રમતની ઝડપ અને રોમાંચકતા પણ વધશે. દર્શકોને પણ હવે દરેક નિર્ણય અંગે વધુ સ્પષ્ટતા મળશે, જેનાથી તેમનો મેચ જોવાનો અનુભવ વધુ સારો બનશે.

બીજી તરફ, IPL 2025ની પ્રથમ મેચ પર સંકટના વાદળો ઘેરાયેલા છે. આ મેચ કોલકાતાના ઈડન ગાર્ડન્સમાં કોલકાતા નાઈટ રાઈડર્સ (KKR) અને રોયલ ચેલેન્જર્સ બેંગ્લોર (RCB) વચ્ચે 22 માર્ચે રમાવાની છે. જો કે, કોલકાતામાં ભારે વરસાદ અને વાવાઝોડાની સંભાવનાને કારણે 20 થી 22 માર્ચ સુધી ઓરેન્જ એલર્ટ જાહેર કરવામાં આવ્યું છે. IPL 2025ની ઓપનિંગ સેરેમની પણ 22 માર્ચે યોજાવાની છે, જેમાં શ્રેયા ઘોષાલ, અરિજીત સિંહ અને દિશા પટણી જેવા મોટા સ્ટાર્સ પરફોર્મ કરવાના છે. કમનસીબે, હવામાનની આગાહી જોતા એવું લાગી રહ્યું છે કે વરસાદના કારણે ઉદ્ઘાટન સમારોહ અને પ્રથમ મેચ બંને ધોવાઈ શકે છે.",https://gujarati.abplive.com/sports/cricket/ipl-2025-bcci-brings-advanced-tech-for-no-ball-and-wide-decisions-933544,6,2025-04-01 18:35:40
,,"IPL 2025 Full Schedule: ઇન્ડિયન પ્રીમિયર લીગ(Indian Premier League)  એટલે કે IPL 2025ની 18મી સિઝન શરૂ થવામાં હવે 24 કલાક બાકી છે. IPL 2025 આવતીકાલે એટલે કે શનિવાર, 22 માર્ચથી શરૂ થશે. આ સિઝનની પ્રથમ મેચ ડિફેન્ડિંગ ચેમ્પિયન કોલકાતા નાઈટ રાઈડર્સ (KKR) અને રોયલ ચેલેન્જર્સ બેંગ્લોર (RCB) વચ્ચે રમાશે. IPL 2025 ની શરુઆત  22 માર્ચથી થશે, જ્યારે ફાઇનલ મેચ 25 મેના રોજ રમાશે.

IPL 2025માં કુલ 74 મેચો રમાશે. લીગ તબક્કામાં 70 મેચો રમાશે. તમામ 10 ટીમો લીગ તબક્કામાં 14-14 મેચ રમશે. IPL 2025ની તમામ મેચો કુલ 13 શહેરોમાં રમાશે. IPL 2025 ના સ્થળો વિશે વાત કરીએ તો, તેઓ નીચે મુજબ છે - લખનૌ, હૈદરાબાદ, દિલ્હી, મુંબઈ, ચેન્નાઈ, અમદાવાદ, વિશાખાપટ્ટનમ, ગુવાહાટી, બેંગલુરુ, ન્યૂ ચંદીગઢ, જયપુર, કોલકાતા અને ધર્મશાળા.

IPL 2025નું સંપૂર્ણ શેડ્યૂલ

22 માર્ચ - કોલકાતા નાઈટ રાઈડર્સ વિરુદ્ધ રોયલ ચેલેન્જર્સ બેંગ્લોર

23 માર્ચ - સનરાઇઝર્સ હૈદરાબાદ વિરુદ્ધ રાજસ્થાન રોયલ્સ

23 માર્ચ - ચેન્નાઈ સુપર કિંગ્સ વિરુદ્ધ મુંબઈ ઈન્ડિયન્સ

24 માર્ચ - દિલ્હી કેપિટલ્સ વિરુદ્ધ લખનૌ સુપર જાયન્ટ્સ

25 માર્ચ – ગુજરાત ટાઇટન્સ વિરુદ્ધ પંજાબ કિંગ્સ

26 માર્ચ – રાજસ્થાન રોયલ્સ વિરુદ્ધ કોલકાતા નાઈટ રાઈડર્સ

27 માર્ચ - સનરાઇઝર્સ હૈદરાબાદ વિરુદ્ધ લખનૌ સુપર જાયન્ટ્સ

28 માર્ચ - ચેન્નાઈ સુપર કિંગ્સ વિરુદ્ધ રોયલ ચેલેન્જર્સ બેંગ્લોર

29 માર્ચ – ગુજરાત ટાઇટન્સ વિરુદ્ધ મુંબઈ ઇન્ડિયન્સ

30 માર્ચ - દિલ્હી કેપિટલ્સ વિરુદ્ધ સનરાઈઝર્સ હૈદરાબાદ

30 માર્ચ - રાજસ્થાન રોયલ્સ વિરુદ્ધ ચેન્નાઈ સુપર કિંગ્સ

31 માર્ચ - મુંબઈ ઈન્ડિયન્સ વિરુદ્ધ કોલકાતા નાઈટ રાઈડર્સ

1 એપ્રિલ – લખનૌ સુપર જાયન્ટ્સ વિરુદ્ધ પંજાબ કિંગ્સ

2 એપ્રિલ - રોયલ ચેલેન્જર્સ બેંગ્લોર વિરુદ્ધ ગુજરાત ટાઇટન્સ

3 એપ્રિલ – કોલકાતા નાઈટ રાઈડર્સ વિરુદ્ધ સનરાઈઝર્સ હૈદરાબાદ

4 એપ્રિલ – લખનૌ સુપર જાયન્ટ્સ વિરુદ્ધ મુંબઈ ઈન્ડિયન્સ

5 એપ્રિલ – ચેન્નાઈ સુપર કિંગ્સ વિરુદ્ધ દિલ્હી કેપિટલ્સ

5 એપ્રિલ – પંજાબ કિંગ્સ વિરુદ્ધ રાજસ્થાન રોયલ્સ

6 એપ્રિલ – કોલકાતા નાઈટ રાઈડર્સ વિરુદ્ધ લખનૌ સુપર જાયન્ટ્સ

6 એપ્રિલ - સનરાઇઝર્સ હૈદરાબાદ વિરુદ્ધ  ગુજરાત ટાઇટન્સ

7 એપ્રિલ – મુંબઈ ઈન્ડિયન્સ વિરુદ્ધ રોયલ ચેલેન્જર્સ બેંગ્લોર

8 એપ્રિલ – પંજાબ કિંગ્સ વિરુદ્ધ  ચેન્નાઈ સુપર કિંગ્સ

9 એપ્રિલ – ગુજરાત ટાઇટન્સ વિરુદ્ધ રાજસ્થાન રોયલ્સ

10 એપ્રિલ - રોયલ ચેલેન્જર્સ બેંગ્લોર વિરુદ્ધ દિલ્હી કેપિટલ્સ

11 એપ્રિલ - ચેન્નાઈ સુપર કિંગ્સ વિરુદ્ધ કોલકાતા નાઈટ રાઈડર્સ

12 એપ્રિલ – લખનૌ સુપર જાયન્ટ્સ વિરુદ્ધ ગુજરાત ટાઇટન્સ

12 એપ્રિલ - સનરાઇઝર્સ હૈદરાબાદ વિરુદ્ધ પંજાબ કિંગ્સ

13 એપ્રિલ – રાજસ્થાન રોયલ્સ વિરુદ્ધ રોયલ ચેલેન્જર્સ બેંગ્લોર

13 એપ્રિલ - દિલ્હી કેપિટલ્સ વિરુદ્ધ મુંબઈ ઈન્ડિયન્સ

14 એપ્રિલ - લખનૌ સુપર જાયન્ટ્સ વિરુદ્ધ ચેન્નાઈ સુપર કિંગ્સ

15 એપ્રિલ – પંજાબ કિંગ્સ વિરુદ્ધ કોલકાતા નાઈટ રાઈડર્સ

16 એપ્રિલ – દિલ્હી કેપિટલ્સ વિરુદ્ધ રાજસ્થાન રોયલ્સ

17 એપ્રિલ – મુંબઈ ઈન્ડિયન્સ વિરુદ્ધ સનરાઈઝર્સ હૈદરાબાદ

18 એપ્રિલ - રોયલ ચેલેન્જર્સ બેંગ્લોર વિરુદ્ધ પંજાબ કિંગ્સ

19 એપ્રિલ – ગુજરાત ટાઇટન્સ વિરુદ્ધ દિલ્હી કેપિટલ્સ

19 એપ્રિલ – રાજસ્થાન રોયલ્સ વિરુદ્ધ લખનૌ સુપર જાયન્ટ્સ

20 એપ્રિલ – પંજાબ કિંગ્સ વિરુદ્ધ રોયલ ચેલેન્જર્સ બેંગ્લોર

20 એપ્રિલ - મુંબઈ ઈન્ડિયન્સ વિરુદ્ધ ચેન્નાઈ સુપર કિંગ્સ

21 એપ્રિલ – કોલકાતા નાઈટ રાઈડર્સ વિરુદ્ધ ગુજરાત ટાઇટન્સ

22 એપ્રિલ - લખનૌ સુપર જાયન્ટ્સ વિરુદ્ધ દિલ્હી કેપિટલ્સ

23 એપ્રિલ - સનરાઈઝર્સ હૈદરાબાદ વિરુદ્ધ મુંબઈ ઈન્ડિયન્સ

24 એપ્રિલ - રોયલ ચેલેન્જર્સ બેંગ્લોર વિરુદ્ધ રાજસ્થાન રોયલ્સ

25 એપ્રિલ – ચેન્નાઈ સુપર કિંગ્સ વિરુદ્ધ સનરાઈઝર્સ હૈદરાબાદ

26 એપ્રિલ – કોલકાતા નાઈટ રાઈડર્સ વિરુદ્ધ પંજાબ કિંગ્સ

27 એપ્રિલ – મુંબઈ ઈન્ડિયન્સ વિરુદ્ધ લખનૌ સુપર જાયન્ટ્સ

27 એપ્રિલ - દિલ્હી કેપિટલ્સ વિરુદ્ધ રોયલ ચેલેન્જર્સ બેંગ્લોર

28 એપ્રિલ – રાજસ્થાન રોયલ્સ વિરુદ્ધ ગુજરાત ટાઇટન્સ

29 એપ્રિલ - દિલ્હી કેપિટલ્સ વિરુદ્ધ કોલકાતા નાઈટ રાઈડર્સ

30 એપ્રિલ - ચેન્નાઈ સુપર કિંગ્સ વિરુદ્ધ પંજાબ કિંગ્સ

1 મે ​​- રાજસ્થાન રોયલ્સ વિરુદ્ધ મુંબઈ ઈન્ડિયન્સ

2 મે – ગુજરાત ટાઇટન્સ વિરુદ્ધ સનરાઇઝર્સ હૈદરાબાદ

3 મે - રોયલ ચેલેન્જર્સ બેંગ્લોર વિરુદ્ધ ચેન્નાઈ સુપર કિંગ્સ

4 મે – કોલકાતા નાઈટ રાઈડર્સ વિરુદ્ધ રાજસ્થાન રોયલ્સ

4 મે – પંજાબ કિંગ્સ વિરુદ્ધ લખનૌ સુપર જાયન્ટ્સ

5 મે - સનરાઇઝર્સ હૈદરાબાદ વિરુદ્ધ દિલ્હી કેપિટલ્સ

6 મે - મુંબઈ ઈન્ડિયન્સ વિરુદ્ધ ગુજરાત ટાઇટન્સ

7 મે - કોલકાતા નાઈટ રાઈડર્સ વિરુદ્ધ ચેન્નાઈ સુપર કિંગ્સ

8 મે - પંજાબ કિંગ્સ વિરુદ્ધ દિલ્હી કેપિટલ્સ

9 મે - લખનૌ સુપર જાયન્ટ્સ વિરુદ્ધ રોયલ ચેલેન્જર્સ બેંગ્લોર

10 મે - સનરાઈઝર્સ હૈદરાબાદ વિરુદ્ધ કોલકાતા નાઈટ રાઈડર્સ

11 મે – પંજાબ કિંગ્સ વિરુદ્ધ મુંબઈ ઈન્ડિયન્સ

11 મે - દિલ્હી કેપિટલ્સ વિરુદ્ધ ગુજરાત ટાઇટન્સ

12 મે - ચેન્નાઈ સુપર કિંગ્સ વિરુદ્ધ રાજસ્થાન રોયલ્સ

13 મે - રોયલ ચેલેન્જર્સ બેંગ્લોર વિરુદ્ધ સનરાઈઝર્સ હૈદરાબાદ

14 મે – ગુજરાત ટાઇટન્સ વિરુદ્ધ લખનૌ સુપર જાયન્ટ્સ

15 મે - મુંબઈ ઈન્ડિયન્સ વિરુદ્ધ દિલ્હી કેપિટલ્સ

16 મે - રાજસ્થાન રોયલ્સ વિરુદ્ધ પંજાબ કિંગ્સ

17 મે – રોયલ ચેલેન્જર્સ બેંગ્લોર વિરુદ્ધ કોલકાતા નાઈટ રાઈડર્સ

18 મે – ગુજરાત ટાઇટન્સ વિરુદ્ધ ચેન્નાઇ સુપર કિંગ્સ

18 મે - લખનૌ સુપર જાયન્ટ્સ વિરુદ્ધ સનરાઇઝર્સ હૈદરાબાદ

20 મે - ક્વોલિફાયર 1

21 મે - એલિમિનેટર

23 મે - ક્વોલિફાયર 2

25 મે - ફાઈનલ",https://gujarati.abplive.com/sports/ipl/ipl-2025-starts-tomorrow-22nd-march-kkr-vs-rcb-1st-match-know-full-schedule-all-74-matches-live-streaming-details-933542,6,2025-04-01 18:35:52
,,,https://gujarati.abplive.com/photo-gallery/sports/ipl-ipl-2025-ms-dhoni-csk-faf-du-plessis-sunil-narine-kkr-likely-retire-after-this-season-933528,6,2025-04-01 18:35:57
,,"ઈન્ડિયન પ્રીમિયર લીગ 2025 થોડા દિવસોમાં શરૂ થવા જઈ રહી છે. IPLની આગામી સિઝનમાં ભાગ લઈ રહેલી તમામ 10 ટીમો આગામી સિઝનની તૈયારીમાં વ્યસ્ત છે. દરેક સીઝનની જેમ આ વખતે પણ કુલ 74 મેચો રમાશે. IPLની 18મી સિઝન 22 માર્ચથી શરૂ થઈ રહી છે. આ સિઝનની પ્રથમ મેચમાં ડિફેન્ડિંગ ચેમ્પિયન કોલકાતા નાઈટ રાઈડર્સ (KKR)નો સામનો રોયલ ચેલેન્જર્સ બેંગ્લોર (RCB) સામે થશે. KKR ત્રણ વખત IPL ટાઈટલ જીતી ચુક્યું છે. જ્યારે RCB ટીમ એક વખત પણ ટાઈટલ જીતવામાં સફળ રહી નથી. આવી સ્થિતિમાં ક્રિકેટના કોરિડોરમાં માત્ર આઈપીએલની જ ચર્ચા થઈ રહી છે.

ફરી એકવાર ક્રિકેટ ચાહકોની નજર આ લીગના કેટલાક મોટા બેટ્સમેનો જેમ કે વિરાટ કોહલી, રોહિત શર્મા, ઋષભ પંત, શ્રેયસ અય્યર, એમએસ ધોની, કેએલ રાહુલ પર ટકેલી છે. આ બેટ્સમેન પણ તે સિઝનમાં પોતાના જોરદાર પ્રદર્શનથી પોતાની ટીમ માટે ટાઇટલ જીતવાનો પ્રયાસ કરશે. ક્રિકેટ ચાહકો આઈપીએલની આતુરતાથી રાહ જોઈ રહ્યા છે કારણ કે તે એક લીગ છે જ્યાં ચાહકોને બે મહિનાથી વધુ સમય સુધી રોમાંચક મેચ જોવા મળે છે.

મુંબઈ ઈન્ડિયન્સનો ઘાતક બેટ્સમેન રોહિત શર્મા ઐતિહાસિક રેકોર્ડ બનાવવાથી માત્ર એક ડગલું દૂર છે. 23 માર્ચે ચેન્નાઈ સુપર કિંગ્સ સામે મેદાનમાં ઉતરતાની સાથે જ રોહિત શર્માના નામે એક મોટો રેકોર્ડ નોંધાઈ જશે. આ રેકોર્ડ માત્ર રોહિત શર્માની IPL કરિયરમાં જ નહીં પરંતુ સમગ્ર ટૂર્નામેન્ટના ઈતિહાસમાં પણ ખાસ હશે. ચાલો જાણીએ કે રોહિત શર્મા કયો ખાસ રેકોર્ડ બનાવવા જઈ રહ્યો છે.

રોહિત શર્મા આ મોટો રેકોર્ડ બનાવી શકે છે

તમને જણાવી દઈએ કે રોહિત શર્મા IPLના ઈતિહાસમાં સૌથી વધુ મેચ રમનાર બીજો ખેલાડી બની જશે. અત્યાર સુધી આ રેકોર્ડ દિનેશ કાર્તિકના નામે છે. દિનેશ કાર્તિકે 257 મેચ રમી છે. રોહિત શર્માએ પણ 257 મેચ રમી છે, પરંતુ સીએસકે સામે મેદાનમાં ઉતરતાની સાથે જ રોહિત શર્મા 258 મેચ સાથે દિનેશ કાર્તિકને પાછળ છોડી દેશે.

રોહિત શર્માની IPL કરિયર

IPLના ઈતિહાસમાં મુંબઈ ઈન્ડિયન્સના વિસ્ફોટક બેટ્સમેન રોહિત શર્માએ અત્યાર સુધીમાં 257 મેચ રમી છે. આ દરમિયાન રોહિત શર્માએ કુલ 6628 રન બનાવ્યા છે. આ દરમિયાન રોહિત શર્માએ બે સદી અને 43 અડધી સદી ફટકારી છે. આ દરમિયાન રોહિત શર્માએ 280 સિક્સર ફટકારી છે. રોહિત શર્મા IPLમાં સિક્સર મારવાના મામલે બીજા સ્થાને છે. જ્યારે 357 છગ્ગા સાથે વેસ્ટ ઈન્ડિઝના પૂર્વ ઘાતક બેટ્સમેન ક્રિસ ગેલ પ્રથમ સ્થાને છે. મુંબઈ ઈન્ડિયન્સના કેપ્ટન રહીને રોહિતે ટીમ માટે 5 વખત ખિતાબ જીત્યો છે.

IPL ઇતિહાસમાં સૌથી વધુ મેચ રમનાર ખેલાડીઓ

એમએસ ધોની - 264 મેચ

રોહિત શર્મા - 257 મેચ

દિનેશ કાર્તિક – 257 મેચ

વિરાટ કોહલી - 252 મેચ

વિરાટ કોહલીના નામે પણ મોટો રેકોર્ડ છે

RCBનો મહાન બેટ્સમેન વિરાટ કોહલી IPL ઈતિહાસમાં સૌથી વધુ રન બનાવનાર બેટ્સમેન છે. વિરાટ કોહલીએ IPLમાં 38.66ની એવરેજથી 8004 રન બનાવ્યા છે. આ સિવાય વિરાટ કોહલી એ જ ટીમ (RCB) માટે સૌથી વધુ મેચ રમનાર ખેલાડી પણ છે.",https://gujarati.abplive.com/sports/ipl/rohit-sharma-has-a-golden-opportunity-to-create-history-in-the-upcoming-season-of-ipl-2025-933514,6,2025-04-01 18:36:03
,,"ઈન્ડિયન પ્રીમિયર લીગ 2025ની પ્રથમ મેચમાં 22 માર્ચે કોલકાતા નાઈટ રાઈડર્સ અને રોયલ ચેલેન્જર્સ બેંગ્લોર વચ્ચે મુકાબલો થશે. આ મેચમાં વિરાટ કોહલીની બેટિંગ જોવા માટે તમામ ચાહકો ખૂબ જ ઉત્સુક છે કારણ કે વર્ષ 2024માં ટી20 વર્લ્ડ કપમાં ટીમ ઈન્ડિયા વિજેતા બન્યા બાદ કોહલીએ આંતરરાષ્ટ્રીય ક્રિકેટમાં આ ફોર્મેટને અલવિદા કહી દીધું હતું. આ પછી હવે કોહલી IPLમાં આ ફોર્મેટમાં રમતા જોવા મળશે. ચેમ્પિયન્સ ટ્રોફી 2025માં વિરાટ કોહલીનું ફોર્મ ખૂબ જ શાનદાર રહ્યું હતું, ત્યારબાદ કોહલી IPLમાં પણ આ જ ફોર્મ ચાલુ રાખે તેવી આશા છે. આ સાથે જ કોહલી પાસે તેની T20 કારકિર્દીમાં મોટી સિદ્ધિ હાંસલ કરવાની તક પણ છે.

કોહલી 13000 રનના આંકડાથી માત્ર 114 રન દૂર છે

વિરાટ કોહલીએ તેની T20 કારકિર્દીમાં અત્યાર સુધી કુલ 399 મેચ રમી છે અને 41.43ની એવરેજથી 12,886 રન બનાવ્યા છે, જેમાં તેની પાસે IPL 2025માં મોટો રેકોર્ડ બનાવવાની તક છે. કોહલી 114 રન બનાવતાની સાથે જ T20 ક્રિકેટમાં પોતાના 13000 રન પૂરા કરી લેશે, જેના પછી તે આ આંકડા સુધી પહોંચનાર પ્રથમ ભારતીય ખેલાડી બની જશે. ટી20 ક્રિકેટમાં સૌથી વધુ રન બનાવવાના રેકોર્ડ પર નજર કરીએ તો વેસ્ટ ઈન્ડિઝ ટીમના પૂર્વ ખેલાડી ક્રિસ ગેલનું નામ પ્રથમ સ્થાન પર છે, જેણે 463 મેચમાં 14562 રન બનાવ્યા છે. અત્યાર સુધી માત્ર ચાર બેટ્સમેન જ T20 ક્રિકેટમાં 13000 કે તેથી વધુ રન બનાવી શક્યા છે.

T20 ક્રિકેટમાં સૌથી વધુ રન બનાવનાર ખેલાડીઓ

ક્રિસ ગેલ (વેસ્ટ ઈન્ડિઝ) - 14562 રનએલેક્સ હેલ્સ - 13610 રનકિરોન પોલાર્ડ - 13537 રનશોએબ મલિક - 13535 રનડેવિડ વોર્નર - 12913 રનવિરાટ કોહલી - 12886 રન

કોહલીનું બેટ KKR સામે જોરદાર ચાલે છે

IPL 2025 માં, RCB ટીમ તેની પ્રથમ મેચ કોલકાતા નાઈટ રાઈડર્સ સામે રમશે, જેમાં તેમની સામે વિરાટ કોહલીનો રેકોર્ડ અત્યાર સુધી ઘણો શાનદાર રહ્યો છે. કોહલીએ KKR વિરૂદ્ધ 34 મેચોમાં 38.48ની એવરેજથી કુલ 962 રન બનાવ્યા છે, જેમાં તેણે પોતાના બેટથી એક સદી અને 6 અડધી સદી ફટકારી છે.

ઉલ્લેખનીય છે કે IPL 2025ની શરૂઆત 22 માર્ચે કોલકાતાના ઈડન ગાર્ડન્સ ખાતે જ કોલકાતા નાઈટ રાઈડર્સ અને રોયલ ચેલેન્જર્સ બેંગ્લોર (RCB) વચ્ચેની મેચથી થશે. આ સિઝનમાં કુલ 10 ટીમો ભાગ લેશે અને 65 દિવસના સમયગાળામાં ફાઈનલ સહિત 74 મેચો રમાશે. આ તમામ મેચો ભારતમાં જ 13 અલગ-અલગ સ્થળોએ યોજાશે.",https://gujarati.abplive.com/sports/ipl/ipl-2025-virat-kohli-needs-only-114-run-to-complete-13000-runs-in-t20-cricket-and-also-become-first-indian-2025-933512,6,2025-04-01 18:36:09
,,"indian premier league 2025 :  ઈન્ડિયન પ્રીમિયર લીગ એટલે કે આઈપીએલની 18મી સીઝન 22 માર્ચથી શરૂ થશે જેમાં પ્રથમ મેચ કોલકાતા નાઈટ રાઈડર્સ અને રોયલ ચેલેન્જર્સ બેંગ્લોર વચ્ચે કોલકાતાના ઈડન ગાર્ડન્સ સ્ટેડિયમમાં રમાશે. બંને ટીમો આ સિઝનમાં નવા કેપ્ટનના નેતૃત્વમાં રમશે, જેમાં KKR ટીમની કપ્તાની અનુભવી બેટ્સમેન અજિંક્ય રહાણે સંભાળશે, જ્યારે RCB ટીમની કપ્તાની આ સિઝનમાં રજત પાટીદાર સંભાળતા જોવા મળશે. પ્રથમ મેચમાં બે મહાન ટીમો વચ્ચેની ટક્કર જોવા માટે તમામ ક્રિકેટ ચાહકો આતુરતાથી રાહ જોઈ રહ્યા છે, પરંતુ વરસાદ તેમની મજા બગાડી શકે છે, મેચ દરમિયાન ભારે વરસાદની શક્યતા છે.

બીજા દાવ દરમિયાન ભારે વરસાદની શક્યતા છે

કોલકાતાના ઈડન ગાર્ડન્સ સ્ટેડિયમમાં 22 માર્ચે રમાનારી KKR અને RCBની મેચ IST સાંજે 7:30 વાગ્યે શરૂ થશે, AccuWeatherના અહેવાલ મુજબ મેચની શરૂઆતમાં વરસાદની 44 ટકા શક્યતા છે. રાત્રે 9 અને 10 વાગ્યે ભારે વરસાદની સંભાવના છે જે લગભગ 50 થી 60 ટકા છે. આવી સ્થિતિમાં વરસાદના કારણે આ મેચ રદ્દ થવાની સંભાવના છે. જો આ મેચ દરમિયાન તાપમાનની વાત કરીએ તો તે લગભગ 23 થી 25 ડિગ્રી સેલ્સિયસ હોઈ શકે છે, જ્યારે પવનની ગતિ 22 કિલોમીટર પ્રતિ કલાકની રહેશે.

કેકેઆરનો આરસીબી સામે અત્યાર સુધી દબદબો રહ્યો છે

જો આઈપીએલમાં KKR અને RCB વચ્ચેના હેડ ટુ હેડ રેકોર્ડની વાત કરીએ તો બંને ટીમો વચ્ચે અત્યાર સુધીમાં કુલ 34 મેચ રમાઈ છે, જેમાંથી KKR 20 મેચ જીતી છે જ્યારે RCB 14 મેચ જીતવામાં સફળ રહી છે. આ સિવાય જો ઈડન ગાર્ડન્સ સ્ટેડિયમમાં બંને ટીમો વચ્ચેના હેડ ટુ હેડ રેકોર્ડની વાત કરીએ તો KKRએ 12માંથી 8 મેચ જીતી છે, જ્યારે RCB માત્ર 4 મેચ જીતવામાં સફળ રહી છે.

ઉલ્લેખનીય છે કે IPL 2025ની શરૂઆત 22 માર્ચે કોલકાતાના ઈડન ગાર્ડન્સ ખાતે જ કોલકાતા નાઈટ રાઈડર્સ અને રોયલ ચેલેન્જર્સ બેંગ્લોર (RCB) વચ્ચેની મેચથી થશે. આ સિઝનમાં કુલ 10 ટીમો ભાગ લેશે અને 65 દિવસના સમયગાળામાં ફાઈનલ સહિત 74 મેચો રમાશે. આ તમામ મેચો ભારતમાં જ 13 અલગ-અલગ સ્થળોએ યોજાશે.

આ વખતે IPLની 62 મેચો સાંજે 7.30 વાગ્યાથી શરૂ થશે, જ્યારે 12 મેચો બપોરે 3.30 વાગ્યાથી રમાશે. આ સિઝનમાં કુલ 12 ડબલ હેડર મેચો હશે, જે શનિવાર અને રવિવારના દિવસે યોજાશે.

પ્રથમ ડબલ હેડર 23 માર્ચે રવિવારે જોવા મળશે, જેમાં બપોરે સનરાઇઝર્સ હૈદરાબાદ (SRH)નો મુકાબલો રાજસ્થાન રોયલ્સ (RR) સાથે હૈદરાબાદમાં થશે, જ્યારે સાંજે ચેન્નાઈ સુપર કિંગ્સ (CSK)ની ટક્કર મુંબઈ ઈન્ડિયન્સ (MI) સાથે ચેન્નાઈમાં થશે.",https://gujarati.abplive.com/sports/ipl/kkr-vs-rcb-ipl-2025-match-1-weather-report-kolkata-rain-could-spoil-game-indian-premier-league-2025-933510,6,2025-04-01 18:36:13
,,"DC vs LSG IPL 2025: IPL 2025 માં લખનૌ સુપર જાયન્ટ્સની પહેલી મેચ દિલ્હી કેપિટલ્સ સામે છે. આ મેચ 24 માર્ચે રમાશે. લખનૌ આ વખતે ઋષભ પંતની કેપ્ટનશીપમાં રમશે. આ દરમિયાન, ટીમ અંગે એક મોટી અપડેટ આવી છે. એક અહેવાલ મુજબ, શાર્દુલ ઠાકુરને લખનૌ ટીમમાં તક મળી શકે છે. મોહસીન ખાન ઈજાને કારણે બહાર થઈ શકે છે. શાર્દુલી તેની ગેરહાજરીમાં એન્ટ્રી કરી શકે છે.

મોહસીન ઈજાના કારણે લાંબા સમયથી મેદાનની બહાર છે. હાલ તેમનું વાપસી ખૂબ મુશ્કેલ છે. મોહસીન આખી આઈપીએલ સીઝનમાંથી બહાર થઈ શકે છે. ટાઇમ્સ ઓફ ઇન્ડિયાના એક અહેવાલ મુજબ, લખનૌમાં મોહસીનની જગ્યાએ શાર્દુલ ઠાકુરનો સમાવેશ થઈ શકે છે. મેગા હરાજી દરમિયાન શાર્દુલ વેચાયો નહીં. તે અગાઉ ચેન્નાઈ સુપર કિંગ્સ અને દિલ્હી કેપિટલ્સ તરફથી રમી ચૂક્યો છે. પરંતુ હરાજીમાં કોઈએ તેને ખરીદ્યો નહોતો.

શાર્દુલનું IPL કરિયર અત્યાર સુધી આવું રહ્યું છે -

શાર્દુલનું IPL કરિયર અત્યાર સુધી મજબૂત રહ્યું છે. તેણે ટુર્નામેન્ટની 95 મેચોમાં 94 વિકેટ લીધી છે. શાર્દુલે ગયા સિઝનમાં 9 મેચમાં 5 વિકેટ લીધી હતી. તે IPL 2021 માં ચેન્નાઈ સુપર કિંગ્સ તરફથી રમ્યો હતો. આ સિઝનમાં શાર્દુલનું શાનદાર પ્રદર્શન જોવા મળ્યું. તેણે 16 મેચમાં 21 વિકેટ લીધી. આ પછી, તેણે 2022 માં 15 વિકેટ લીધી. શાર્દુલે 2015 માં તેની IPL ડેબ્યૂ મેચ રમી હતી.

લખનૌના ઘણા ખેલાડીઓ ઘાયલ થયા છે -

લખનૌ સુપર જાયન્ટ્સ હાલમાં બોલિંગને લઈને મુશ્કેલીનો સામનો કરી રહી છે. તેના ઘણા ખેલાડીઓ ઘાયલ છે. મોહસીન સાથે મયંક યાદવના રમવા પર પણ શંકા છે. તે ઘાયલ છે. અવેશ ખાન પણ હજુ સુધી ટીમમાં જોડાયો નથી. અવેશને ઘૂંટણમાં ઈજા થઈ હતી. આકાશ દીપ વિશે નવીનતમ અપડેટ પણ ઉપલબ્ધ નથી.

ઇન્ડિયન પ્રીમિયર લીગ (IPL) 2025ની શરૂઆત આગામી 22 માર્ચથી થવાની છે, જેની ફાઈનલ મેચ 25મી મેના રોજ રમાશે. ક્રિકેટ ચાહકો આ ટુર્નામેન્ટની આતુરતાથી રાહ જોઈ રહ્યા છે ત્યારે IPLના સમયપત્રકમાં મોટો ફેરફાર થયો હોવાના સમાચાર સામે આવ્યા છે.

પ્રાપ્ત માહિતી અનુસાર, કોલકાતા નાઈટ રાઈડર્સ (KKR) અને લખનૌ સુપર જાયન્ટ્સ (LSG) વચ્ચે 6 એપ્રિલે કોલકાતાના ઈડન ગાર્ડન્સમાં રમાનારી મેચને સુરક્ષાના કારણોસર હવે ગુવાહાટી ખસેડવામાં આવી છે. આ ફેરફાર IPLના સત્તાવાર સમયપત્રકમાં કરવામાં આવ્યો છે.",https://gujarati.abplive.com/sports/cricket/ipl-2025-shardul-thakur-likely-replace-injured-mohsin-khan-in-lucknow-super-giants-dc-vs-lsg-933481,6,2025-04-01 18:36:20
,,"Mumbai indians anthem song for IPL 2025:  મુંબઈ ઈન્ડિયન્સે ગુરુવારે તેમનું એન્થમ સોંગ લોન્ચ કર્યું. આ ગીત 'મૈં નહિ તો કૌન બે' ફેમ શ્રુતિ તાવડેએ ગાયું છે, જ્યારે બોલિવૂડ અભિનેતા જેકી શ્રોફ પણ તેમાં જોવા મળે છે. ગીતમાં જેકી શ્રોફ રોહિત શર્માની ધાંસુ રીતે એન્ટ્રી કરાવતા જોવા મળે છે. આ ગીતની મુખ્ય પંક્તિ છે, 'Play Like Mumbai.' એનો અર્થ એ કે મુંબઈની જેમ રમો.

Game ho ya life, we 𝑷𝑳𝑨𝒀 𝑳𝑰𝑲𝑬 𝑴𝑼𝑴𝑩𝑨𝑰 🔥💙#MumbaiIndians #PlayLikeMumbai pic.twitter.com/UYE3HAJF8N

મુંબઈ ઈન્ડિયન્સની ટીમ આઈપીએલ 2025માં પોતાની પહેલી મેચ 23 માર્ચે ચેન્નાઈ સુપર કિંગ્સ સામે રમશે. રવિવારે યોજાનારી આ મેચ ડબલ હેડરની બીજી મેચ હશે, જે એમએ ચિદમ્બરમ સ્ટેડિયમ ખાતે સાંજે 7:30 વાગ્યે શરૂ થશે. ટીમે IPL શરૂ થવાના બે દિવસ પહેલા, 20 માર્ચ, ગુરુવારના રોજ તેનું એન્થમ સોંગ લોન્ચ કર્યું.

પહેલી મેચમાં સૂર્યકુમાર યાદવ કેપ્ટન રહેશે

હાર્દિક પંડ્યા પર એક મેચનો પ્રતિબંધ મૂકવામાં આવ્યો છે. તે રવિવારે ચેન્નાઈ સુપર કિંગ્સ સામેની મેચ રમી શકશે નહીં. ટીમે સત્તાવાર રીતે માહિતી આપી છે કે સૂર્યકુમાર યાદવ, જે હાલમાં ટીમ ઈન્ડિયાની T20 ટીમના કેપ્ટન છે, તે પહેલી મેચમાં હાર્દિકની જગ્યાએ કેપ્ટનશીપ કરશે.

રોહિતની કેપ્ટનશીપમાં મુંબઈ ઇન્ડિયન્સ 5 વખત ચેમ્પિયન બન્યું છે

IPLમાં સૌથી વધુ ટાઇટલ જીતવાના મામલે મુંબઈ ઇન્ડિયન્સ CSK સાથે સંયુક્ત રીતે ટોચ પર છે. બંનેએ 5-5 IPL ટ્રોફી જીતી છે. રોહિતની કેપ્ટનશીપ હેઠળ, મુંબઈ ઈન્ડિયન્સે 2013, 2015, 2017, 2019 અને 2020 માં IPL ટાઇટલ જીત્યું છે. ગયા સીઝન (2024) માં, ટીમની કેપ્ટનશીપ હાર્દિક પંડ્યાને સોંપવામાં આવી હતી.

આઈપીએલ 2025 માટે મુંબઈ ઈન્ડિયન્સની સ્કોવ્ડ

સૂર્યકુમાર યાદવ, રોહિત શર્મા, તિલક વર્મા, બેવોન જેકબ્સ, રાયન રિકેલ્ટન, રોબિન મિંજ, કૃષ્ણન શ્રીજીત, હાર્દિક પંડ્યા, નમન ધીર, રાજ બાવા, વિગ્નેશ પુથુર, વિલ જેક્સ, મિશેલ સેન્ટનર, જસપ્રીત બુમરાહ, અર્જુન તેંડુલકર, અશ્વિની કુમાર, રીસ ટોપલી, કોર્બિન બોશ, કર્ણ શર્મા, ટ્રેન્ટ બોલ્ટ, દીપક ચહર, સત્યનારાયણ રાજુ, મુજીબ ઉર રહેમાન

IPL 2025 શરૂ થવામાં હવે થોડા જ દિવસો બાકી છે. 18મી સિઝનની પ્રથમ મેચમાં ડિફેન્ડિંગ ચેમ્પિયન કોલકાતા નાઈટ રાઈડર્સનો સામનો રોયલ ચેલેન્જર્સ બેંગ્લોર સામે થશે, જેમાં બંને ટીમો વચ્ચે કોલકાતાના ઈડન ગાર્ડન્સ સ્ટેડિયમમાં મેચ રમાશે. 2 મહિના સુધી ચાલનારી આ T20 લીગની તમામ ચાહકો આતુરતાથી રાહ જુએ છે, જેમાં ચાહકો સ્ટેડિયમમાં જઈને પણ મેચનો આનંદ માણવા માંગે છે, આવી સ્થિતિમાં IPL 2025ની શરૂઆતની મેચોની ટિકિટનું વેચાણ પણ શરૂ થઈ ગયું છે, જેમાં અમે તમને મેચોની ટિકિટ ઓનલાઈન કેવી રીતે મેળવી શકશો તેની માહિતી આપવા જઈ રહ્યા છીએ.

IPL 2025ની મેચો દેશના 13 શહેરોમાં રમાશે

ઈન્ડિયન પ્રીમિયર લીગ 2025માં કુલ 74 મેચો રમાવાની છે, જેમાં ફાઈનલ મેચ 25 મેના રોજ રમાશે. આ વખતે આ મેચો કુલ 13 શહેરોમાં યોજાશે જેના માટે ટિકિટનું વેચાણ શરૂ કરી દેવામાં આવ્યું છે. સ્ટેડિયમમાં મેચનો આનંદ માણવા ચાહકો રૂ. 800 થી રૂ. 30000 સુધીની ટિકિટો ખરીદી શકે છે, જેમાં વિવિધ સ્ટેન્ડ માટે ટિકિટના ભાવ અલગ-અલગ હોય છે અને તેને બુક કરવા માટે ચાહકો તેને ઓનલાઈન વેબસાઈટ દ્વારા ખરીદી શકે છે. સત્તાવાર વેબસાઈટ પર જઈને પણ તમે ટિકિટ ખરીદી શકો છો.

ક્રિકેટ ચાહકો આ રીતે ઓનલાઈન ટિકિટ ખરીદી શકે છે

IPL 2025 મેચોની ઓનલાઈન ટિકિટ ખરીદવા માટે, ચાહકોએ IPLની સત્તાવાર વેબસાઈટ IPLT20.com પર જવું પડશે અને તેઓ સ્ટેડિયમમાં જે મેચ જોવા માગે છે તેના પર ક્લિક કરો, પછી તેઓ બીજી વેબસાઈટ પર જશે જ્યાંથી તેઓ ટિકિટ ખરીદી શકશે. ચાહકોએ તેમનું મનપસંદ સ્ટેન્ડ પસંદ કરવાનું રહેશે અને પછી ફોન નંબર, આઈડી કાર્ડ અને અન્ય માહિતી સહિત તેમની તમામ વિગતો આપવી પડશે. આ પ્રક્રિયા થઈ ગયા પછી, તેમને ઓનલાઈન પેમેન્ટ કરવાનો વિકલ્પ મળશે અને તમામ બાબતો પૂર્ણ થઈ ગયા પછી, ચાહકોને મેસેજ અને ઈમેલ દ્વારા તેમની ટિકિટ વિશે કન્ફર્મ કરવામાં આવશે. અલગ-અલગ IPL ટીમો પણ તેમની ઘરઆંગણાની મેચો માટે સીધા જ અલગ-અલગ પ્લેટફોર્મ દ્વારા ટિકિટ વેચી રહી છે, જેમાં BookMyShow, Paytm Insider અને TicketGenieનો સમાવેશ થાય છે. આ સિવાય IPL મેચોની ટિકિટ પણ District.in વેબસાઇટ પરથી ખરીદી શકાશે.",https://gujarati.abplive.com/sports/cricket/hardik-pandya-led-mumbai-indians-launch-anthem-song-for-ipl-2025-watch-here-933468,6,2025-04-01 18:36:24
,,"IPL 2025 reschedule: ઇન્ડિયન પ્રીમિયર લીગ (IPL) 2025ની શરૂઆત આગામી 22 માર્ચથી થવાની છે, જેની ફાઈનલ મેચ 25મી મેના રોજ રમાશે. ક્રિકેટ ચાહકો આ ટુર્નામેન્ટની આતુરતાથી રાહ જોઈ રહ્યા છે, ત્યારે IPLના સમયપત્રકમાં મોટો ફેરફાર થયો હોવાના સમાચાર સામે આવ્યા છે.

પ્રાપ્ત માહિતી અનુસાર, કોલકાતા નાઈટ રાઈડર્સ (KKR) અને લખનૌ સુપર જાયન્ટ્સ (LSG) વચ્ચે 6 એપ્રિલે કોલકાતાના ઈડન ગાર્ડન્સમાં રમાનારી મેચને સુરક્ષાના કારણોસર હવે ગુવાહાટી ખસેડવામાં આવી છે. આ ફેરફાર IPLના સત્તાવાર સમયપત્રકમાં કરવામાં આવ્યો છે.

ઉલ્લેખનીય છે કે IPL 2025ની શરૂઆત 22 માર્ચે કોલકાતાના ઈડન ગાર્ડન્સ ખાતે જ કોલકાતા નાઈટ રાઈડર્સ અને રોયલ ચેલેન્જર્સ બેંગ્લોર (RCB) વચ્ચેની મેચથી થશે. આ સિઝનમાં કુલ 10 ટીમો ભાગ લેશે અને 65 દિવસના સમયગાળામાં ફાઈનલ સહિત 74 મેચો રમાશે. આ તમામ મેચો ભારતમાં જ 13 અલગ-અલગ સ્થળોએ યોજાશે.

આ વખતે IPLની 62 મેચો સાંજે 7.30 વાગ્યાથી શરૂ થશે, જ્યારે 12 મેચો બપોરે 3.30 વાગ્યાથી રમાશે. આ સિઝનમાં કુલ 12 ડબલ હેડર મેચો હશે, જે શનિવાર અને રવિવારના દિવસે યોજાશે.

પ્રથમ ડબલ હેડર 23 માર્ચે રવિવારે જોવા મળશે, જેમાં બપોરે સનરાઇઝર્સ હૈદરાબાદ (SRH)નો મુકાબલો રાજસ્થાન રોયલ્સ (RR) સાથે હૈદરાબાદમાં થશે, જ્યારે સાંજે ચેન્નાઈ સુપર કિંગ્સ (CSK)ની ટક્કર મુંબઈ ઈન્ડિયન્સ (MI) સાથે ચેન્નાઈમાં થશે.

પરંતુ હવે કોલકાતા અને લખનૌ વચ્ચેની 6 એપ્રિલની મેચના સ્થળમાં ફેરફાર થતાં ચાહકોને ગુવાહાટીમાં આ મેચ જોવાનો મોકો મળશે. આ ફેરફાર સુરક્ષાને ધ્યાનમાં રાખીને કરવામાં આવ્યો છે, જો કે આ અંગે વધુ વિગતો હજુ સુધી સામે આવી નથી. IPLના આયોજકો ટૂંક સમયમાં આ અંગે સત્તાવાર નિવેદન જાહેર કરી શકે છે. ક્રિકેટ ચાહકો હવે બદલાયેલા સમયપત્રક મુજબ પોતાની યોજનાઓ બનાવશે.

IPL 2025નું સંપૂર્ણ શેડ્યૂલ",https://gujarati.abplive.com/sports/ipl/ipl-2025-update-kkr-vs-lsg-match-shifted-to-guwahati-amid-security-concerns-933437,7,2025-04-01 18:36:34
,,"Chahal Dhanashree Divorce: યુઝવેન્દ્ર ચહલ અને ધનશ્રી વર્મા કાયદેસર રીતે અલગ થઈ ગયા છે. ભારતીય ક્રિકેટર ચહલ અને કૉરિયોગ્રાફર ધનશ્રી વર્માના લગ્ન ડિસેમ્બર 2020 માં થયા હતા, ગુરુવારે કોર્ટના નિર્ણય પછી સત્તાવાર રીતે સમાપ્ત થઈ ગયા છે. બંનેએ પરસ્પર સંમતિથી છૂટાછેડા લીધા છે. ગુરુવાર, 20 માર્ચના રોજ ચહલ અને ધનશ્રી ચહેરા પર માસ્ક પહેરીને કોર્ટ પહોંચ્યા. અહીં કોર્ટની બહાર મોટી સંખ્યામાં પત્રકારો અને કેમેરામેન હાજર હતા. આ દરમિયાન ધનશ્રી કેમેરામેન પર ગુસ્સે થઈ ગઈ અને ગુસ્સામાં બોલી, 'શું કરી રહ્યાં છો યાર ?'

ધનશ્રી વર્મા ચહેરા પર માસ્ક પહેરીને કોર્ટ પહોંચી હતી. તે કારમાંથી બહાર નીકળ્યો કે તરત જ મોટી સંખ્યામાં કેમેરામેન તેના ફોટોગ્રાફ લેવા માટે તેની સામે આવી ગયા. તેમની આગળ ચાલતી વખતે, એક વ્યક્તિ અચાનક ભીડમાં પડી ગયો. ધનશ્રી પણ ડરી ગઈ. આ પછી ધનશ્રી વર્મા ગુસ્સે થઈ ગઈ અને બોલી, 'શું કરી રહ્યાં છો યાર.' આવું તેને ઘણીવાર કહ્યું.

Dhanashree verma snapped at Family court ahead of her Divorce with husband Yuzvendra Chahal 🥹💔#YuzvendraChahal #dhanashreeverma pic.twitter.com/OZAZGnVi0R

2023 માં બગડ્યા હતા સંબંધો યુઝવેન્દ્ર ચહલ અને ધનશ્રી વર્મા વચ્ચે બધું બરાબર ચાલી રહ્યું હતું. બંને એકબીજાને ટેકો આપતા હતા. 2023 માં પહેલીવાર બંને વચ્ચે ખટાશના અહેવાલો આવ્યા હતા. 2024 ની શરૂઆતમાં પણ તેમના અલગ થવાના અહેવાલો આવ્યા હતા પરંતુ પછી ક્રિકેટરે તેને અફવાઓ ગણાવીને નકારી કાઢ્યા હતા. જાન્યુઆરી 2025 માં એવું જોવા મળ્યું કે બંનેએ સોશિયલ મીડિયા પર એકબીજાને અનફોલો કરી દીધા હતા અને એકબીજા સાથેના યાદગાર ફોટાની પોસ્ટ પણ ડિલીટ કરી દીધી હતી. આ પછી, તેમના અલગ થવાના સમાચાર આવ્યા અને આ વખતે બંનેએ તેનો ઇનકાર કર્યો નહીં.",https://gujarati.abplive.com/sports/cricket/dancer-dhanashree-verma-loses-temper-and-cool-as-paps-mob-her-ahead-of-divorce-verdict-with-yuzvendra-chahal-in-mumbai-family-court-933421,7,2025-04-01 18:36:39
,,,https://gujarati.abplive.com/photo-gallery/sports/cricket-ipl-2025-ravindra-jadeja-set-to-make-history-against-mumbai-indians-933425,7,2025-04-01 18:36:42
,,"Yuzvendra Chahal Dhanashree Verma Divorce: ક્રિકેટર યુઝવેન્દ્ર ચહલ અને ધનશ્રી વર્મા છૂટાછેડા પછી હવે અલગ થઈ ગયા છે. બંને આજે છૂટાછેડા માટે મુંબઈ ફેમિલી કોર્ટ પહોંચ્યા હતા. આ દરમિયાન યુઝવેન્દ્ર અને ધનશ્રી માસ્ક પહેરીને પોતાના ચહેરા છુપાવતા જોવા મળ્યા. બંનેના ફોટા પણ વાયરલ થઈ રહ્યા છે. હવે આ ફોટામાં યુઝવેન્દ્રના ટી-શર્ટ પર કંઈક આવું લખેલું જોવા મળ્યું. જે તેમના છૂટાછેડા કરતાં વધુ હેડલાઇન્સ બનાવી રહ્યું છે.

છૂટાછેડા પછી, યુઝવેન્દ્રએ ધનશ્રી પર કટાક્ષ કર્યો

હકીકતમાં, યુઝવેન્દ્ર ચહલ ગુરુવારે સવારે છૂટાછેડા માટે મુંબઈ ફેમિલી કોર્ટ પહોંચ્યા હતા. આ દરમિયાન તે ખૂબ જ સિમ્પલ લુકમાં જોવા મળ્યો. ક્રિકેટર યુઝવેન્દ્ર ચહલ કાળી ટી-શર્ટ પહેરીને કોર્ટ પર પહોંચ્યો હતો. તેના ટી-શર્ટ પર લખ્યું હતું -  ‘be your own sugar daddy.' આનો અર્થ એ છે કે - બીજા કોઈ પર આધાર રાખ્યા વિના, તમારા માટે આર્થિક રીતે સ્વતંત્ર બનો અને તમારી જરૂરિયાતો જાતે પૂર્ણ કરો.

ધનશ્રી પાસેથી ભરણપોષણ તરીકે આટલા કરોડ લીધા?

યુઝવેન્દ્રના ટી-શર્ટ પર લખેલા આ શબ્દો જોઈને હવે બધા અનુમાન લગાવી રહ્યા છે કે આના દ્વારા તેણે ધનશ્રી પર કટાક્ષ કર્યો છે. કારણ કે બાર અને બેન્ચના રિપોર્ટ મુજબ, ધનશ્રીએ છૂટાછેડા માટે ચહલ પાસેથી 4.75 કરોડ રૂપિયા ભરણપોષણ લીધું છે. જેમાંથી ક્રિકેટરે ધનશ્રીને 2.37 કરોડ રૂપિયા આપી દીધા છે.

ધનશ્રી અને યુઝવેન્દ્રના વર્ષ 2020 માં પ્રેમ લગ્ન થયા હતા

તમને જણાવી દઈએ કે આ કપલે વર્ષ 2020 માં લવ મેરેજ કર્યા હતા. બંનેના લગ્ન ખૂબ જ ભવ્ય હતા. જેમાં ઘણા સેલેબ્સ અને ક્રિકેટરોએ ભાગ લીધો હતો. અહેવાલો અનુસાર, છેલ્લા એક વર્ષથી તેમની વચ્ચે અણબનાવ ચાલી રહ્યો છે. જેના કારણે તેઓ એક વર્ષથી અલગ રહેતા હતા. ધનશ્રી વર્મા એક પ્રખ્યાત કોરિયોગ્રાફર અને યુટ્યુબર છે. હવે તે અભિનયની દુનિયામાં પણ પ્રવેશી ગઈ છે. તેમનું એક ગીત તાજેતરમાં રિલીઝ થયું છે.

#WATCH | Mumbai: On the divorce of Cricketer Yuzvendra Chahal and Dhanashree Verma, Advocate Nitin Kumar Gupta, representing Chahal, says, ""The court has granted the decree of divorce. The court has accepted the joint petition of both parties. The parties are no longer husband… pic.twitter.com/LV1BpFwxIN",https://gujarati.abplive.com/sports/cricket/yuzvendra-chahal-taunted-dhanashree-after-divorce-wrote-be-your-own-sugar-daddy-on-his-tshirt-933415,7,2025-04-01 18:36:45
,,"Ravindra Jadeja, IPL 2025: રવિન્દ્ર જાડેજાની ગણતરી IPLના શ્રેષ્ઠ ઓલરાઉન્ડરોમાં થાય છે. તે નીચેના ક્રમમાં સારી બેટિંગ કરવામાં માહિર છે અને બૉલિંગમાં પણ તેના સ્પિનના જાદુથી બચવું સરળ નથી. તે પોતાના ઓવર ઝડપથી પૂરા કરે છે અને તે ખૂબ જ આર્થિક પણ સાબિત થાય છે. તે ફિલ્ડિંગમાં પણ ખૂબ જ નિષ્ણાત છે. કોઈપણ ટીમ માટે તે ત્રણેય વિભાગોમાં ટ્રમ્પ કાર્ડ સાબિત થશે - બોલિંગ, બેટિંગ અને ફિલ્ડિંગ. રવિન્દ્ર જાડેજા IPL 2025 માં ચેન્નાઈ સુપર કિંગ્સનો ભાગ છે.

રવિન્દ્ર જાડેજાને છે 41 રનોની જરૂર IPL 2025 માં, ચેન્નાઈ સુપર કિંગ્સ ટીમે 23 માર્ચે મુંબઈ ઈન્ડિયન્સ સામે પોતાની પહેલી મેચ રમવાની છે. જો સ્ટાર ઓલરાઉન્ડર રવિન્દ્ર જાડેજા આ મેચમાં 41 રન બનાવી લે છે, તો તે IPLના ઇતિહાસમાં પોતાના ત્રણ હજાર રન પૂરા કરશે. અત્યાર સુધીમાં તેણે 240 IPL મેચોમાં કુલ 2959 રન બનાવ્યા છે. આ સમયગાળા દરમિયાન, તેના બેટમાંથી ત્રણ અડધી સદી પણ આવી છે.

રવિન્દ્ર જાડેજાએ આઇપીએલમાં મેળવી છે 160 વિકેટ બીજી તરફ, બોલિંગમાં રવિન્દ્ર જાડેજાએ IPLમાં કુલ 160 વિકેટ લીધી છે. હવે જો તે ૪૧ રન બનાવી લેશે, તો તે IPLમાં ૩૦૦૦ થી વધુ રન બનાવનારો અને ૧૫૦ થી વધુ વિકેટ લેનારો પ્રથમ ખેલાડી બનશે. તેમના પહેલા આજ સુધી કોઈ ઓલરાઉન્ડર IPLમાં આટલો મોટો રેકોર્ડ બનાવી શક્યો નથી.

વર્ષ 2008 થી જ આઇપીએલમાં રમી રહ્યો છે જાડેજા રવિન્દ્ર જાડેજા 2008 થી IPL માં ભાગ લઈ રહ્યો છે અને પહેલી સિઝનમાં તે રાજસ્થાન રોયલ્સનો ભાગ હતો. પછી તેણે ટીમ સાથે 2008 માં IPL ટાઇટલ પણ જીત્યું. આ પછી, CSK ટીમે તેને IPL 2012 ની હરાજીમાં ખરીદ્યો. ત્યારથી તે ચેન્નાઈ સુપર કિંગ્સ ટીમનો અભિન્ન ભાગ રહ્યો છે. તેમણે ટીમ માટે કેપ્ટનની ભૂમિકા પણ ભજવી છે.",https://gujarati.abplive.com/sports/ipl/cricket-news-ravindra-jadeja-will-get-opportunity-and-create-a-historical-ipl-record-for-runs-and-bow-933407,7,2025-04-01 18:36:48
,,"IPL 2025: ભારતીય ક્રિકેટ કંટ્રોલ બોર્ડ (BCCI) 22 માર્ચથી શરૂ થઈ રહેલી ઇન્ડિયન પ્રીમિયર લીગ (IPL) ની આ સિઝનમાં બૉલ પર લાળ લગાવવા પરનો પ્રતિબંધ હટાવી શકે છે. આ પ્રસ્તાવ પર BCCIમાં વિગતવાર ચર્ચા થઈ ગઈ છે અને તેને ગુરુવારે મુંબઈમાં તમામ IPL ટીમોના કેપ્ટનો સમક્ષ મૂકવામાં આવશે.

કોરોના મહામારી દરમિયાન સાવચેતીના પગલા તરીકે બોલને ચમકાવવા માટે લાળ લગાવવાની વર્ષો જૂની પ્રથા પર આંતરરાષ્ટ્રીય ક્રિકેટ કાઉન્સિલ (ICC) એ પ્રતિબંધ મૂક્યો હતો. ICC એ 2022 માં આ પ્રતિબંધ કાયમી કર્યો.

કોરોના મહામારી પછી રમવાની શરતોમાં IPLમાં પણ આ પ્રતિબંધનો સમાવેશ કરવામાં આવ્યો હતો, પરંતુ IPLની માર્ગદર્શિકા ICCના અધિકારક્ષેત્રની બહાર છે.

બીસીસીઆઈના એક ટોચના અધિકારીએ પીટીઆઈને જણાવ્યું હતું કે, 'કોરોના પહેલા બોલ પર લાળ લગાવવી એક સામાન્ય પ્રથા હતી.' હવે જ્યારે કોરોનાનો કોઈ ખતરો નથી, તો IPLમાં બોલ પર લાળ લગાવવા પરનો પ્રતિબંધ દૂર કરવામાં કોઈ નુકસાન નથી.

તેમણે કહ્યું, 'અમે સમજીએ છીએ કે લાલ બોલના ક્રિકેટ પર તેનો મોટો પ્રભાવ પડે છે અને તે સફેદ બોલના ફોર્મેટમાં બોલરોને પણ થોડી મદદ કરે છે.' આઈપીએલમાં આને મંજૂરી આપવી જોઈએ. ચાલો જોઈએ કેપ્ટન શું નિર્ણય લે છે.

ICC ચેમ્પિયન્સ ટ્રૉફી દરમિયાન, ભારતના અનુભવી ઝડપી બોલર મોહમ્મદ શમીએ કહ્યું હતું કે બોલ પર લાળ લગાવવાની જરૂર છે નહીં તો તે સંપૂર્ણપણે બેટ્સમેનોના પક્ષમાં રહેશે. દક્ષિણ આફ્રિકાના વર્નોન ફિલેન્ડર અને ન્યૂઝીલેન્ડના ટિમ સાઉથીએ પણ તેનું સમર્થન કર્યું.

IPL ટૂર્નામેન્ટ 65 દિવસ સુધી ચાલશે આ ટૂર્નામેન્ટ 65 દિવસ સુધી રમાશે અને કુલ 74 મેચ રમાશે. IPL 2024નો ખિતાબ કોલકાતા નાઈટ રાઈડર્સ અને સનરાઈઝર્સ હૈદરાબાદ દ્વારા જીતવામાં આવ્યો હતો. બાય ધ વે, આઈપીએલ ટાઇટલ જીતનાર ટીમોમાં મુંબઈ ઇન્ડિયન્સ અને ચેન્નાઈ સુપર કિંગ્સનો સમાવેશ થાય છે.

IPL 2025 સીઝન 22 માર્ચથી શરૂ થશે, જ્યારે ફાઇનલ મેચ 25 મેના રોજ યોજાશે. આ વખતે ટુર્નામેન્ટના પ્લેઓફ મેચો હૈદરાબાદ અને કોલકાતામાં યોજાશે. ક્વોલિફાયર-2 અને ફાઇનલ મેચ પણ આ મેદાન પર રમાશે. જ્યારે ક્વોલિફાયર-૧ અને એલિમિનેટર મેચ હૈદરાબાદમાં યોજાશે.",https://gujarati.abplive.com/sports/ipl/cricket-old-rules-return-news-ipl-2025-saliva-ban-rule-will-return-in-indian-premier-league-it-was-banned-during-coronavirus-933405,7,2025-04-01 18:36:51
,,"BCCI saliva ban: ભારતીય ક્રિકેટ કંટ્રોલ બોર્ડ (BCCI) એ ઈન્ડિયન પ્રીમિયર લીગ (IPL) 2025 સીઝન માટે એક મહત્વપૂર્ણ નિર્ણય લીધો છે. કોવિડ-19 રોગચાળા દરમિયાન બોલ પર લાળ લગાવવા પર મૂકવામાં આવેલો પ્રતિબંધ હવે દૂર કરવામાં આવ્યો છે. આ નિર્ણય બોલરો માટે ખૂબ જ ફાયદાકારક સાબિત થશે, કારણ કે તેઓ હવે રિવર્સ સ્વિંગનો લાભ લઈ શકશે.

IPLની 18મી સિઝન 22 માર્ચથી શરૂ થશે, જેમાં પ્રથમ મેચ કોલકાતા નાઈટ રાઈડર્સ અને રોયલ ચેલેન્જર્સ બેંગ્લોર વચ્ચે રમાશે. આ સિઝનની શરૂઆત પહેલાં BCCIએ આ પ્રતિબંધ હટાવવાનો નિર્ણય લીધો છે, જેનાથી બોલરોને મોટી રાહત મળી છે.

કોવિડ-19 રોગચાળા દરમિયાન, ઈન્ટરનેશનલ ક્રિકેટ કાઉન્સિલ (ICC) એ બોલ પર લાળ લગાવવા પર પ્રતિબંધ મૂક્યો હતો, જે IPLમાં પણ લાગુ કરવામાં આવ્યો હતો. ત્યારબાદ ICCએ 2022માં કાયમી ધોરણે આ પ્રતિબંધ લાગુ કર્યો હતો. જોકે, હવે BCCIએ IPL 2025ની સિઝનની શરૂઆત પહેલાં મુંબઈમાં આયોજિત કેપ્ટનો સાથેની બેઠક બાદ આ પ્રતિબંધ હટાવવાનો નિર્ણય લીધો છે. મોટાભાગના કેપ્ટન BCCIના આ પ્રસ્તાવ સાથે સહમત થયા હતા.

આ નિર્ણયથી બોલરોને ઘણો ફાયદો થશે. તેઓ જૂના બોલને રિવર્સ સ્વિંગ કરી શકશે, જેનાથી બેટ્સમેનોને ઝડપથી રન બનાવતા રોકી શકાશે. ખાસ કરીને, ડેથ ઓવર્સમાં બોલરોને આ નિર્ણયથી ઘણી મદદ મળશે. IPL વિશ્વ ક્રિકેટની પહેલી લીગ બની ગઈ છે, જેણે બોલ પર લાળ લગાવવાનો પ્રતિબંધ હટાવવાનો નિર્ણય લીધો છે.

ટીમ ઈન્ડિયાના ફાસ્ટ બોલર મોહમ્મદ શમીએ થોડા સમય પહેલાં બોલ પર લાળ લગાવવાનો પ્રતિબંધ હટાવવાની માંગ કરી હતી. તેણે કહ્યું હતું કે જો આવું નહીં થાય તો રમત સંપૂર્ણપણે બેટ્સમેનોના પક્ષમાં જશે. શમીએ કહ્યું હતું કે બોલ પર લાળ લગાવવાથી બોલના રિવર્સ સ્વિંગમાં મદદ મળે છે, જેના કારણે બેટ અને બોલ વચ્ચે સારું સંતુલન જળવાય છે. શમીની આ માંગને ઘણા ક્રિકેટ નિષ્ણાતો અને પૂર્વ ક્રિકેટરોએ પણ સમર્થન આપ્યું હતું.

BCCIના આ નિર્ણયથી IPL 2025માં બોલરો અને બેટ્સમેનો વચ્ચેની સ્પર્ધા વધુ રોમાંચક બનશે. બોલરોને રિવર્સ સ્વિંગનો લાભ મળવાથી તેઓ બેટ્સમેનોને આઉટ કરવામાં વધુ સફળ થશે. આ નિર્ણયથી IPLની લોકપ્રિયતામાં પણ વધારો થવાની શક્યતા છે.",https://gujarati.abplive.com/sports/cricket/saliva-ban-removed-bcci-allows-ball-shining-in-ipl-2025-933410,7,2025-04-01 18:36:58
,,"IPL Opening Ceremony: શનિવારથી IPL શરૂ થઈ રહી છે. પ્રથમ મેચમાં, ડિફેન્ડિંગ ચેમ્પિયન કોલકાતા નાઈટ રાઇડર્સ અને રોયલ ચેલેન્જર્સ બેંગ્લોર એકબીજા સામે ટકરાશે. બંને ટીમો વચ્ચેની મેચ કોલકાતાના ઇડન ગાર્ડન્સ ખાતે રમાશે. આ પહેલા એક રંગારંગ ઓપનિંગ સેરેમની થશે. આ ઉદ્ઘાટન સમારોહમાં ઘણા પ્રખ્યાત ચહેરાઓ જોવા મળશે. IPL ઓપનિંગ સેરેમનીમાં બોલિવૂડ અભિનેત્રી દિશા પટણી ઉપરાંત ગાયિકા શ્રેયા ઘોષાલ અને અરિજિત સિંહ જેવા જાણીતા ચહેરાઓ જોવા મળશે. આઈપીએલે તેના સત્તાવાર સોશિયલ મીડિયા હેન્ડલ દ્વારા આ માહિતી આપી છે.

When it’s 18 years of IPL, it calls for a dazzling celebration like never before! 🥳Who better than the sensational Disha Patani to set the stage ablaze? 💃Don’t miss the electrifying Opening Ceremony of the #TATAIPL 18! 🤩 @DishPatani pic.twitter.com/3TeHjOdz67

ICC ચેરમેન જય શાહ હાજર રહેશે!

એવું માનવામાં આવે છે કે ICC ચેરમેન જય શાહ સાથે, ઘણા વરિષ્ઠ અધિકારીઓ IPL ઉદ્ઘાટન સમારોહમાં ભાગ લેશે. આ દરમિયાન, ક્રિકેટ એસોસિએશન ઓફ બંગાળ (CAB) ના પ્રમુખ સ્નેહાશિષ ગાંગુલીએ કહ્યું, ""આ એક ટિકિટની વધુ માંગ ધરાવતી મેચ છે. ઇડન ગાર્ડન્સ લાંબા સમય પછી ઉદ્ઘાટન સમારોહનું આયોજન કરવા માટે તૈયાર છે.

Get ready for the ultimate vibe check! 😎Global Superstar Karan Aujla, is all set to light up the #TATAIPL 18 Opening Ceremony, bringing the fire and setting new trends like never before! 🔥@GeetanDiMachine pic.twitter.com/zRyGCRl8be

તમે લાઈવ બ્રોડકાસ્ટિંગ અને સ્ટ્રીમિંગ ક્યાં જોઈ શકો છો?

જ્યારે, IPL ના પ્રસારણ અધિકારો સ્ટાર સ્પોર્ટ્સ નેટવર્ક પાસે છે. જ્યારે લાઇવ સ્ટ્રીમિંગ અધિકારો જિયો સિનેમા પર જોઈ શકાય છે. આ રીતે, IPL ઉદ્ઘાટન સમારોહ સ્ટાર સ્પોર્ટ્સ નેટવર્ક ઉપરાંત Jio સિનેમા પર પણ ઉપલબ્ધ થશે. તમને જણાવી દઈએ કે ડિફેન્ડિંગ ચેમ્પિયન કોલકાતા નાઈટ રાઈડર્સ પહેલી મેચમાં રોયલ ચેલેન્જર્સ બેંગ્લોર સામે મેદાનમાં ઉતરશે. ગયા સીઝનની ફાઇનલમાં, શ્રેયસ ઐયરની આગેવાની હેઠળના કોલકાતા નાઈટ રાઇડર્સે સનરાઇઝર્સ હૈદરાબાદને હરાવ્યું હતું. આ વખતે કોલકાતા નાઈટ રાઈડર્સની કેપ્ટનશીપ અજિંક્ય રહાણે પાસે છે. ખરેખર, IPL મેગા ઓક્શન પહેલા, કોલકાતા નાઈટ રાઇડર્સે શ્રેયસ ઐયરને રિલીઝ કર્યો હતો. પંજાબ કિંગ્સે IPL મેગા ઓક્શનમાં શ્રેયસ ઐયરનો ઉમેરો કર્યો.",https://gujarati.abplive.com/sports/cricket/who-will-perform-in-the-ipl-opening-ceremony-shreya-ghoshal-arijit-singh-disha-patani-933409,7,2025-04-01 18:37:01
,,"Yuzvendra Chahal Dhanashree Verma Divorce: યુઝવેન્દ્ર ચહલ અને ધનશ્રી વર્મા વચ્ચે પહેલી વાતચીત સોશિયલ મીડિયા દ્વારા થઈ હતી. આ પછી, બંને મિત્રો બન્યા અને ડિસેમ્બર 2020 માં લગ્ન કરી લીધા.

#WATCH | Mumbai: On the divorce of Cricketer Yuzvendra Chahal and Dhanashree Verma, Advocate Nitin Kumar Gupta, representing Chahal, says, ""The court has granted the decree of divorce. The court has accepted the joint petition of both parties. The parties are no longer husband… pic.twitter.com/LV1BpFwxIN

ક્રિકેટર યુઝવેન્દ્ર ચહલ અને તેની પત્ની ધનશ્રી વર્માના છૂટાછેડા થઈ ગયા છે. બોમ્બે હાઈકોર્ટના આદેશ પર ગુરુવારે ફેમિલી કોર્ટે પોતાનો ચુકાદો આપ્યો. યુઝવેન્દ્ર અને ધનશ્રી મુંબઈની ફેમિલી કોર્ટમાં હાજર હતા. યુઝવેન્દ્રના વકીલ નીતિન ગુપ્તાએ આ વાતની પુષ્ટિ કરી છે.

બુધવારે, બોમ્બે હાઈકોર્ટે ફેમિલી કોર્ટને 20 માર્ચે ચહલની અરજી પર ચુકાદો સંભળાવવાનો આદેશ આપ્યો હતો. જસ્ટિસ માધવ જામદારની સિંગલ બેન્ચે જણાવ્યું હતું કે ચહલ 21 માર્ચથી ઉપલબ્ધ રહેશે નહીં કારણ કે તેને IPLમાં ભાગ લેવાનો છે. બાર અને બેન્ચ વેબસાઇટ અનુસાર, 'બોમ્બે હાઈકોર્ટે આ કેસમાં 6 મહિનાનો કૂલિંગ ઓફ પિરિયડ પણ માફ કર્યો હતો.' બંને છેલ્લા અઢી વર્ષથી અલગ રહે છે. બંને વચ્ચે 4.75 કરોડ રૂપિયામાં સમાધાન થયાના સમાચાર છે. યુઝવેન્દ્ર ચહલ અને ધનશ્રી વર્માના લગ્ન 22 ડિસેમ્બર 2020 ના રોજ થયા હતા.",https://gujarati.abplive.com/sports/cricket/yuzvendra-chahal-and-dhanashree-verma-divorce-after-4-years-marriage-alimony-933399,7,2025-04-01 18:37:05
,,"Sanju Samson Rajasthan Royals: રાજસ્થાન રોયલ્સે IPL 2025 ની પ્રથમ ત્રણ મેચ માટે રિયાન પરાગને કેપ્ટન તરીકે નિયુક્ત કર્યો છે. સંજુ સેમસન ફક્ત બેટ્સમેન તરીકે રમશે. તે વિકેટકીપિંગ પણ કરી શકશે નહીં. રાજસ્થાને ગુરુવારે તેની સત્તાવાર વેબસાઇટ દ્વારા આ જાહેરાત કરી. સેમસને પોતે સાથી ખેલાડીઓને આ વિશે જાણ કરી.

💪 Update: Sanju will be playing our first three games as a batter, with Riyan stepping up to lead the boys in these matches! 💗 pic.twitter.com/FyHTmBp1F5

સેમસન આઈપીએલ પહેલા જ ઘાયલ થયો હતો. તેની આંગળીમાં ઈજા થઈ હતી. સેમસને ઓપરેશન પણ કરાવ્યું. પરંતુ કેપ્ટનશીપ અંગે કંઈક અલગ જ વાત છે. વાસ્તવમાં, રાજસ્થાન રોયલ્સ ટીમ કેપ્ટનશીપ માટે નવા વિકલ્પની શોધમાં છે. ફ્રેન્ચાઇઝને રિયાન પરાગ પર વિશ્વાસ છે. તેમણે પોતાની વેબસાઇટ પર આ વાતનો ઉલ્લેખ કર્યો છે. આ કારણોસર રિયાનનું નામ આગળ મૂકવામાં આવ્યું છે.

વાસ્તવમાં, રાજસ્થાન રોયલ્સના નિયમિત કેપ્ટન સંજુ સેમસન સિઝનની પહેલી ત્રણ મેચમાં ઇમ્પેક્ટ પ્લેયર તરીકે રમશે. બેંગલુરુ સ્થિત સેન્ટર ઓફ એક્સેલન્સ (અગાઉ નેશનલ ક્રિકેટ એકેડેમી, NCA તરીકે ઓળખાતું હતું) એ તેમને વિકેટ કીપિંગ કરવાની પરવાનગી આપી નથી, તેથી તે ફક્ત બેટિંગ માટે ઉપલબ્ધ રહેશે અને ફિલ્ડિંગ માટે ઉપલબ્ધ રહેશે નહીં. આ જ કારણ છે કે રિયાન પરાગ કેપ્ટનશીપની જવાબદારી સંભાળતા જોવા મળશે.

અહીં એ ઉલ્લેખ કરવો મહત્વપૂર્ણ છે કે ગયા મહિને ઈંગ્લેન્ડ સામેની પાંચમી T20 મેચ દરમિયાન જોફ્રા આર્ચરના બોલનો સામનો કરતી વખતે સેમસનને આંગળીમાં ઈજા થઈ હતી. ઈજા પછી, તેને આંગળી પર સર્જરી કરાવવી પડી. ત્યારથી તે બેંગલુરુના સેન્ટર ઓફ એક્સેલન્સ ખાતે રિહેબ હેઠળ હતો.

સંજુ ચોક્કસપણે રાજસ્થાન રોયલ્સ ટીમમાં જોડાયો છે, પરંતુ તે વિકેટકીપિંગ કરશે કે નહીં તે સ્પષ્ટ નહોતું. હવે સેમસનની ઈજા અંગેનું નવીનતમ અપડેટ રાજસ્થાન રોયલ્સ માટે કોઈ મોટા ફટકાથી ઓછું નથી.

રિયાન ઘણા સમયથી રાજસ્થાન માટે રમી રહ્યો છે. તે ભવિષ્યમાં ટીમનો નિયમિત કેપ્ટન પણ બની શકે છે. જોકે, તે બધું તેના પ્રદર્શન પર આધાર રાખે છે. તમને જણાવી દઈએ કે સેમસન પોતાની ઈજા બાદ પાછો ફર્યો છે. આ કારણોસર તેને વિકેટકીપિંગમાંથી આરામ આપવામાં આવ્યો છે.",https://gujarati.abplive.com/sports/cricket/ipl-2025-rajasthan-royals-why-removed-sanju-samson-as-captain-riyan-parag-know-933397,7,2025-04-01 18:37:08
,,"DHONI Retirement: 2019 માં આંતરરાષ્ટ્રીય ક્રિકેટમાંથી નિવૃત્તિ લેનારા એમએસ ધોની હાલમાં આઈપીએલમાં ચેન્નાઈ સુપર કિંગ્સ તરફથી રમી રહ્યો છે. પોતાની કેપ્ટનશીપમાં ટીમને 5 વખત ચેમ્પિયન બનાવનારો ધોની હવે ઋતુરાજ ગાયકવાડની કેપ્ટનશીપમાં રમે છે. છેલ્લા 2-3 સિઝનમાં એવી અફવાઓ ફેલાઈ છે કે ધોની નિવૃત્તિ લઈ શકે છે, પરંતુ દર વખતે સિઝન પૂરી થયા પછી, ધોનીએ તે અફવાઓને ફગાવી દીધી છે. ધોનીની ફિટનેસ હજુ પણ સારી છે પરંતુ તેને ઘૂંટણમાં સમસ્યા છે જેના માટે તેણે 2023 માં સર્જરી કરાવી હતી. આ કારણ તેને IPLમાંથી નિવૃત્તિ લેવાની ફરજ પાડી શકે છે. આ દરમિયાન, તેમની સાથે રમી ચૂકેલા રૉબિન ઉથપ્પાએ એક મોટો દાવો કર્યો અને કહ્યું કે જો તે આગામી 4 વર્ષ સુધી IPL રમે તો પણ મને આશ્ચર્ય થશે નહીં.

એમએસ ધોનીને ઘૂંટણની સમસ્યા છે અને આઈપીએલ 2023 પછી, તેને ઘૂંટણની સર્જરી પણ કરાવવી પડી હતી. IPLની છેલ્લી બે સીઝનમાં, તેણે કુલ 130 બોલ રમ્યા છે અને તેમાં તે સારો દેખાતો હતો. આ વખતે પણ ધોનીના નિવૃત્તિ અંગે અટકળો લગાવવામાં આવી રહી છે. શું ધોની IPL 2025 પછી રમવાનું ચાલુ રાખશે? સીએસકે અને ટીમ ઇન્ડિયામાં તેની સાથે રમી ચૂકેલા રોબિન ઉથપ્પા માને છે કે ધોનીનું મન કોઈ વાંચી શકતું નથી.

એમએસ ધોની આગામી 4 વર્ષ સુધી રમશે તો પણ નવાઇ નથી- રૉબિન ઉથપ્પા રોબિન ઉથપ્પાએ જિઓ હૉટસ્ટાર પર કહ્યું, ""જો તમારી પાસે તે પ્રતિભા છે અને જો તમારામાં આગળ વધવાનો જુસ્સો છે તો મને નથી લાગતું કે તમને કંઈ રોકી શકે. જો તે (એમએસ ધોની) આઈપીએલ 2025 સિઝનના અંતે નિવૃત્તિ લે તો મને આશ્ચર્ય થશે નહીં. પરંતુ જો ધોની આગામી 4 આઈપીએલ સીઝન માટે રમે તો પણ મને આશ્ચર્ય થશે નહીં.""

એમએસ ધોની આઇપીએલ કેરિયર પહેલી સિઝનથી ચેન્નાઈ સુપર કિંગ્સ તરફથી રમી રહેલા એમએસ ધોનીએ 2 વર્ષ સુધી પુણે સુપરજાયન્ટ્સ તરફથી રમ્યો હતો, જે દરમિયાન સીએસકે પર પ્રતિબંધ મૂકવામાં આવ્યો હતો. ત્યારબાદ ધોની સીએસકેમાં પાછો ફર્યો. ધોનીએ પોતાની કેપ્ટનશીપ હેઠળ ચેન્નાઈ માટે 5 ટાઇટલ જીત્યા છે. ધોનીના IPL કેરિયરની વાત કરીએ તો, તેણે 264 મેચોમાં 5243 રન બનાવ્યા છે. તેણે IPLમાં 24 અડધી સદીની ઇનિંગ્સ રમી છે, IPLમાં તેનો સર્વોચ્ચ સ્કોર 84 રન છે.",https://gujarati.abplive.com/sports/ipl/dhoni-retirement-date-ipl-former-csk-player-says-ms-dhoni-would-retire-after-ipl-2025-or-play-another-four-years-933384,7,2025-04-01 18:37:12
,,"BCCI Cash Prize Champions Trophy 2025: ભારતીય ક્રિકેટ ટીમે ચેમ્પિયન્સ ટ્રોફી 2025 ની ફાઇનલમાં શાનદાર પ્રદર્શન કર્યું. ટીમ ઈન્ડિયાએ ન્યુઝીલેન્ડને 4 વિકેટે હરાવીને ટાઇટલ જીત્યું. હવે ભારતીય ક્રિકેટ કંટ્રોલ બોર્ડે ટીમ ઈન્ડિયા માટે તિજોરી ખોલી દીધી છે. બીસીસીઆઈએ આખી ટીમ માટે રોકડ પુરસ્કારની જાહેરાત કરી છે. આ રકમ ખેલાડીઓ તેમજ કોચ અને સપોર્ટ સ્ટાફને આપવામાં આવશે. બીસીસીઆઈએ ગુરુવારે સોશિયલ મીડિયા દ્વારા આ માહિતી આપી.

🚨 NEWS 🚨BCCI Announces Cash Prize for India's victorious ICC Champions Trophy 2025 contingent.Details 🔽 #TeamIndia | #ChampionsTrophy https://t.co/si5V9RFFgX

BCCI એ તેની સત્તાવાર વેબસાઇટ દ્વારા જણાવ્યું હતું કે, ""ભારતીય ક્રિકેટ કંટ્રોલ બોર્ડ (BCCI) એ ICC ચેમ્પિયન્સ ટ્રોફી 2025 માં ટીમ ઇન્ડિયાની જીત બદલ 58 કરોડ રૂપિયાના રોકડ ઇનામની જાહેરાત કરી છે."" આ ઇનામ રકમ ખેલાડીઓ તેમજ કોચિંગ અને સપોર્ટ સ્ટાફ, પસંદગી સમિતિના સભ્યોને આપવામાં આવશે.

રોકડ પુરસ્કાર કેવી રીતે વહેંચવામાં આવશે?

જો આપણે ખેલાડીઓના પગાર પર નજર કરીએ તો તે ગ્રેડ અનુસાર આપવામાં આવે છે. એ પ્લસ ગ્રેડના ખેલાડીઓનો પગાર સૌથી વધુ હોય છે. પરંતુ ઈનામની રકમની વાત અલગ છે. બીસીસીઆઈ ખેલાડીઓને રોકડ ઇનામ કેવી રીતે આપશે તે અંગે કોઈ સત્તાવાર માહિતી નથી. પરંતુ બધા ખેલાડીઓને સમાન પૈસા આપી શકાય છે.

ભારતે ત્રીજી વખત ટાઇટલ જીત્યુંભારતે કુલ ત્રીજી વખત ચેમ્પિયન્સ ટ્રોફીનો ખિતાબ જીત્યો છે. આ પહેલા ભારતે સૌરવ ગાંગુલીની કેપ્ટનશીપમાં 2002માં ચેમ્પિયન્સ ટ્રોફીનો ખિતાબ જીત્યો હતો. ત્યારબાદ ભારતીય ટીમ શ્રીલંકા સાથે સંયુક્ત વિજેતા બની કારણ કે વરસાદને કારણે ફાઇનલ મેચ રમી શકી ન હતી. આ પછી, મહેન્દ્ર સિંહ ધોનીની કેપ્ટનશીપમાં, ભારતે ઇંગ્લેન્ડને હરાવીને ચેમ્પિયન્સ ટ્રોફી 2013નો ખિતાબ જીત્યો.

ફાઇનલમાં ભારતનું પ્રદર્શન

ટીમ ઈન્ડિયાએ ચેમ્પિયન્સ ટ્રોફી 2025 ની સેમિફાઇનલમાં ઓસ્ટ્રેલિયાને હરાવ્યું હતું. આ પછી, તેણે ફાઇનલમાં પણ શાનદાર પ્રદર્શન કર્યું અને ન્યુઝીલેન્ડ સામે જીત મેળવી. પ્રથમ બેટિંગ કરતા ન્યુઝીલેન્ડે 251 રન બનાવ્યા. આ દરમિયાન ડેરિલ મિશેલે 63 રનની ઇનિંગ રમી. જવાબમાં, ભારતે 49 ઓવરમાં લક્ષ્ય હાંસલ કરી લીધું. રોહિતે ફાઇનલમાં 76 રનની શાનદાર ઇનિંગ રમી. શ્રેયસ ઐયરે 48 રનનું યોગદાન આપ્યું.

ભારત-ન્યૂઝીલેન્ડ પર પૈસાનો વરસાદ

આ અગાઉ, ચેમ્પિયન્સ ટ્રોફી 2025 જીત્યા બાદ, ભારતીય ટીમ પર પૈસાનો વરસાદ થયો હતો. ચેમ્પિયન્સ ટ્રોફી જીતનાર ભારતીય ટીમને આશરે 19.48 કરોડ રૂપિયા (2.24 મિલિયન ડોલર) મળ્યા હતા. ફાઇનલમાં હારી ગયેલી ટીમ એટલે કે ન્યુઝીલેન્ડને આશરે 9.74 કરોડ રૂપિયા (1.12 મિલિયન ડોલર) મળ્યા. ICC એ પહેલાથી જ ઈનામની રકમની જાહેરાત કરી દીધી હતી.",https://gujarati.abplive.com/sports/cricket/bcci-announce-team-india-prize-money-rs-58-crore-cash-prize-champions-trophy-2025-winning-933382,7,2025-04-01 18:37:18
,,,https://gujarati.abplive.com/photo-gallery/sports/ipl-ipl-news-hitman-rohit-sharma-can-break-chris-gayle-most-sixes-record-mumbai-indians-in-the-ipl-2025-history-933370,7,2025-04-01 18:37:21
,,"KL Rahul, Delhi Capitals:  તાજેતરમાં, આઈપીએલ મેગા ઓક્શનમાં, દિલ્હી કેપિટલ્સે કેએલ રાહુલને તેમની ટીમમાં સામેલ કર્યો. ખરેખર, કેએલ રાહુલને આઈપીએલમાં મોટાભાગે ઓપનર તરીકે જોવામાં આવે છે. તેથી, એવું માનવામાં આવતું હતું કે કેએલ રાહુલ દિલ્હી કેપિટલ્સ માટે ઓપનિંગ કરતો જોવા મળશે. પરંતુ હવે કેએલ રાહુલના બેટિંગ ઓર્ડર સાથે જોડાયેલી મોટી માહિતી બહાર આવી રહી છે. ખરેખર, આ સિઝનમાં દિલ્હી કેપિટલ્સ માટે કેએલ રાહુલ મિડલ ઓર્ડરમાં જોવા મળી શકે છે. હવે પ્રશ્ન એ છે કે આ નિર્ણય કોણે લીધો? શું કેએલ રાહુલે પોતે મિડલ ઓર્ડરમાં રમવાનું નક્કી કર્યું હતું?

શું દિલ્હી કેપિટલ્સે કેએલ રાહુલને દબાણ કર્યું?

મીડિયા રિપોર્ટ્સ અનુસાર, કેએલ રાહુલ ઓપનર તરીકે રમવા માંગતો હતો, પરંતુ દિલ્હી કેપિટલ્સ મેનેજમેન્ટ ઇચ્છે છે કે આ વિકેટકીપર બેટ્સમેન ઓપનિંગ કરવાને બદલે મિડલ ઓર્ડરમાં રમે. તો શું કેએલ રાહુલને મિડલ ઓર્ડરમાં રમવાની ફરજ પડી હતી? મીડિયા રિપોર્ટ્સમાં દાવો કરવામાં આવી રહ્યો છે કે જેક ફ્રેઝર મેકગર્ક અને ફાફ ડુ પ્લેસિસ આ સિઝનમાં દિલ્હી કેપિટલ્સ માટે ઓપનિંગ કરશે. આ પછી, અભિષેક પોરેલ નંબર 4 પર બેટિંગ કરવા આવશે. તેથી, કેએલ રાહુલે મધ્યમ ક્રમમાં બેટિંગ કરવી પડશે. દિલ્હી કેપિટલ્સ મેનેજમેન્ટનું માનવું છે કે જો કેએલ રાહુલ મિડલ ઓર્ડરમાં બેટિંગ કરશે તો બેટિંગ ઓર્ડર મજબૂત બનશે.

ઓપનર તરીકે કેએલ રાહુલના આંકડા કેવા રહ્યા છે?

તમને જણાવી દઈએ કે IPLના ઇતિહાસમાં અત્યાર સુધી ફક્ત 6 બેટ્સમેનોએ ઓપનર તરીકે 4000 થી વધુ રન બનાવ્યા છે. આ બેટ્સમેનોની યાદીમાં કેએલ રાહુલનું નામ પણ સામેલ છે. કેએલ રાહુલે ઓપનર તરીકે 99 ઇનિંગ્સમાં 48.64 ની સરેરાશ અને 136.92 ના સ્ટ્રાઇક રેટથી 4183 રન બનાવ્યા છે. કેએલ રાહુલે ઓપનર તરીકે 4 સદી ફટકારી છે અને 35 વખત 50 રનનો આંકડો પાર કર્યો છે. આ ઉપરાંત, તેણે નંબર-3 પર 16.00 ની સરેરાશ અને 95.73 ના સ્ટ્રાઇક રેટથી 112 રન બનાવ્યા છે.

IPL સીઝનની શરૂઆત પહેલા દિલ્હી કેપિટલ્સે તેમના કેપ્ટનની જાહેરાત કરી છે. આ સીઝનમાં ઓલરાઉન્ડર અક્ષર પટેલ દિલ્હી કેપિટલ્સનું નેતૃત્વ કરશે. અગાઉ વિકેટકીપર બેટ્સમેન ઋષભ પંતે લાંબા સમય સુધી દિલ્હી કેપિટલ્સની કેપ્ટનશીપ કરી હતી પરંતુ IPL મેગા ઓક્શન પહેલા દિલ્હી કેપિટલ્સે તેમના કેપ્ટનને રીલિઝ કરી દીધો. આ પછી ઋષભ પંત મેગા ઓક્શનનો ભાગ બન્યો હતો. IPL મેગા ઓક્શનમાં લખનઉ સુપર જાયન્ટ્સ દ્વારા પંતનો સમાવેશ કરવામાં આવ્યો હતો.

Pehli mulaqat 🫂 pic.twitter.com/GGsaQyegMJ",https://gujarati.abplive.com/sports/cricket/kl-rahul-forced-out-of-opening-spot-at-delhi-capitals-report-ipl-2025-933346,7,2025-04-01 18:37:25
,,"IPL 2025: ગુજરાત ટાઇટન્સના કેપ્ટન શુભમન ગિલનું માનવું છે કે IPL દરમિયાન એક ઇનિંગમાં 300 રનનો સ્કોર જોઈ શકાય છે. ગિલે કહ્યું કે IPL ટુર્નામેન્ટ જે રીતે વિકસ્યું છે તે જોતાં, એક ઇનિંગમાં 300 રન બનતા જોઈ શકાય છે.ગિલે કહ્યું કે, 'રમતની ગતિ એ બિંદુએ પહોંચી ગઈ છે જ્યાં એવું લાગે છે કે આપણે મેચમાં 300 રન બનતા જોઈ શકીશું.' ગયા વર્ષે આપણે ઘણી વાર આની નજીક પહોંચ્યા હતા. ઇમ્પેક્ટ પ્લેયર નિયમે ઉત્સાહ વધાર્યો છે અને IPL ને વધુ મનોરંજક બનાવી છે. IPLના શ્રેષ્ઠ પાસાઓમાંનો એક એ છે કે નવા ખેલાડીઓ સ્ટાર તરીકે ઉભરી આવે છે.

🗣️: We have the biggest stadium in the world, we are lucky to play here! Captain Shubman Gill speaks about his captaincy, home conditions, and #TitansFAM support in our pre-season press conference. pic.twitter.com/C5WKPmq37R

સનરાઇઝર્સે રેકોર્ડ બનાવ્યોતમને યાદ અપાવીએ કે 2024 ની IPL માં બેટ દ્વારા ઘણી મહાન સિદ્ધિઓ જોવા મળી હતી. પંજાબ કિંગ્સે કોલકાતા નાઈટ રાઈડર્સ સામે 262 રનનો લક્ષ્યાંક હાંસલ કર્યો હતો. સનરાઇઝર્સ હૈદરાબાદે રોયલ ચેલેન્જર્સ બેંગ્લોર સામે IPLના ઇતિહાસમાં સૌથી વધુ સ્કોર, 287/3 બનાવ્યો. ઓરેન્જ આર્મીએ દિલ્હી કેપિટલ્સ સામે 125/0નો પાવર પ્લેનો સર્વોચ્ચ સ્કોર બનાવ્યો હતો.

ગુજરાત ટાઇટન્સના કેપ્ટને કહ્યું, “તમે સતત છુપાયેલી પ્રતિભાઓને અનુકરણીય પ્રદર્શન કરતા જોશો. ટુર્નામેન્ટનું માળખું, ઝડપી મેચો અને મુસાફરી ખેલાડીઓને વ્યસ્ત રાખે છે. જો તમે જીતો છો તો તમે લયને આગળ ધપાવો છો અને સતત ત્રણ, ચાર કે પાંચ મેચ જીતી શકો છો. જોકે, ઇજાઓ બાબતોને મુશ્કેલ બનાવે છે.

ગુજરાત ટાઇટન્સ IPL 2025 માં પંજાબ કિંગ્સ સામે પોતાના અભિયાનની શરૂઆત કરશે. આ મેચ અમદાવાદના નરેન્દ્ર મોદી સ્ટેડિયમમાં રમાશે. ગિલે તેની ટીમની ક્ષમતાઓ વિશે વાત કરી, જેણે 2022 માં તેના પ્રથમ દેખાવમાં IPL ટાઇટલ જીત્યું હતું.

ગિલે કહ્યું, 'જો તમે યોગ્ય રીતે રમી રહ્યા છો અને સ્માર્ટ નિર્ણયો લઈ રહ્યા છો તો બે કે ત્રણ મેચ હારવી ચિંતાનો વિષય નથી.' ટીમ પસંદગી અને વ્યૂહરચનામાં સુસંગતતા મહત્વપૂર્ણ છે. સંભાવના અને તર્કના આધારે, તમે જેટલું વધુ રમશો, પ્લેઓફ માટે ક્વોલિફાય થવાની તમારી તકો એટલી જ સારી રહેશે.",https://gujarati.abplive.com/sports/cricket/gujarat-titans-captain-shubman-gill-press-conference-933321,7,2025-04-01 18:37:29
,,"વિરાટ કોહલી જેનું બેટ તાજેતરમાં સમાપ્ત થયેલી ICC ચેમ્પિયન્સ ટ્રોફી 2025માં જોરદાર ફોર્મમાં જોવા મળ્યું હતું, તે હવે ઈન્ડિયન પ્રીમિયર લીગની 18મી સિઝનમાં પોતાનું ફોર્મ ચાલુ રાખવાનો શ્રેષ્ઠ પ્રયાસ કરશે. વર્ષ 2024માં ટી20 વર્લ્ડ કપમાં ટીમ ઈન્ડિયા વિજેતા બન્યા બાદ કોહલીએ આ ફોર્મેટને આંતરરાષ્ટ્રીય ક્રિકેટમાંથી અલવિદા કહી દીધું હતું. આ પછી, તે હવે IPLમાં આ ફોર્મેટમાં રમતા જોવા મળશે, જેમાં અત્યાર સુધી તે આ T20 લીગમાં બેટથી સંપૂર્ણ પ્રભુત્વ ધરાવે છે. રોયલ ચેલેન્જર્સ બેંગ્લોર ટીમનો ભાગ વિરાટ કોહલી 22 માર્ચે કોલકાતાના ઈડન ગાર્ડન્સ સ્ટેડિયમમાં રમશે, જ્યાં આઈપીએલમાં તેનો રેકોર્ડ ઘણો સારો છે.

ઈડન ગાર્ડન્સ સ્ટેડિયમમાં કોહલીની અત્યાર સુધીની એવરેજ શાનદાર રહી છે

જો આઈપીએલમાં ઈડન ગાર્ડન્સ સ્ટેડિયમમાં બેટ સાથે વિરાટ કોહલીના રેકોર્ડ પર નજર કરીએ તો તે અત્યાર સુધી ઘણો પ્રભાવશાળી રહ્યો છે. કિંગ કોહલીએ આ મેદાન પર અત્યાર સુધીમાં 13 આઈપીએલ મેચ રમી છે, જેમાં તેણે 12 મેચમાં બેટિંગ કરતા 37.10ની એવરેજથી કુલ 371 રન બનાવ્યા છે. તેનો સ્ટ્રાઈક રેટ 130.18 જોવા મળ્યો હતો. ઈડન ગાર્ડન્સ સ્ટેડિયમમાં આઈપીએલમાં કોહલીના બેટમાંથી એક સદી અને એક અડધી સદીની ઈનિંગ્સ પણ જોવા મળી છે. કોહલી પણ આ મેદાન પર એક વખત શૂન્ય પર પેવેલિયન પરત ફર્યો છે.

KKR સામે વિરાટ કોહલીનો રેકોર્ડ આવો રહ્યો છે

જો કોલકાતાના ઈડન ગાર્ડન્સ સ્ટેડિયમમાં KKR સામે આઈપીએલમાં બેટથી કોહલીના રેકોર્ડની વાત કરીએ તો તેણે 12 મેચની 11 ઈનિંગમાં બેટિંગ કરતા 38.44ની એવરેજથી કુલ 346 રન બનાવ્યા છે. કોહલીના બેટમાં પણ આ મેદાન પર KKR સામે સદી અને અડધી સદીની ઇનિંગ્સ જોવા મળી છે. IPLમાં KKR સામે કોહલીના રેકોર્ડ પર નજર કરીએ તો તેણે 34 મેચમાં 38.48ની એવરેજથી 962 રન બનાવ્યા છે, જેમાં એક સદીની સાથે 6 અડધી સદી પણ સામેલ છે.

IPL 2025 શરૂ થવામાં હવે થોડા જ દિવસો બાકી છે. 18મી સિઝનની પ્રથમ મેચમાં ડિફેન્ડિંગ ચેમ્પિયન કોલકાતા નાઈટ રાઈડર્સનો સામનો રોયલ ચેલેન્જર્સ બેંગ્લોર સામે થશે, જેમાં બંને ટીમો વચ્ચે કોલકાતાના ઈડન ગાર્ડન્સ સ્ટેડિયમમાં મેચ રમાશે. 2 મહિના સુધી ચાલનારી આ T20 લીગની તમામ ચાહકો આતુરતાથી રાહ જુએ છે.",https://gujarati.abplive.com/sports/ipl/ipl-2025-virat-kohli-record-at-eden-gardens-and-also-against-kolkata-knight-riders-indian-premier-league-2025-933319,7,2025-04-01 18:37:32
,,"IPL 2025: IPL 2025 શરૂ થવામાં હવે થોડા જ દિવસો બાકી છે. 18મી સિઝનની પ્રથમ મેચમાં ડિફેન્ડિંગ ચેમ્પિયન કોલકાતા નાઈટ રાઈડર્સનો સામનો રોયલ ચેલેન્જર્સ બેંગ્લોર સામે થશે, જેમાં બંને ટીમો વચ્ચે કોલકાતાના ઈડન ગાર્ડન્સ સ્ટેડિયમમાં મેચ રમાશે. 2 મહિના સુધી ચાલનારી આ T20 લીગની તમામ ચાહકો આતુરતાથી રાહ જુએ છે, જેમાં ચાહકો સ્ટેડિયમમાં જઈને પણ મેચનો આનંદ માણવા માંગે છે, આવી સ્થિતિમાં IPL 2025ની શરૂઆતની મેચોની ટિકિટનું વેચાણ પણ શરૂ થઈ ગયું છે, જેમાં અમે તમને મેચોની ટિકિટ ઓનલાઈન કેવી રીતે મેળવી શકશો તેની માહિતી આપવા જઈ રહ્યા છીએ.

IPL 2025ની મેચો દેશના 13 શહેરોમાં રમાશે

ઈન્ડિયન પ્રીમિયર લીગ 2025માં કુલ 74 મેચો રમાવાની છે, જેમાં ફાઈનલ મેચ 25 મેના રોજ રમાશે. આ વખતે આ મેચો કુલ 13 શહેરોમાં યોજાશે જેના માટે ટિકિટનું વેચાણ શરૂ કરી દેવામાં આવ્યું છે. સ્ટેડિયમમાં મેચનો આનંદ માણવા ચાહકો રૂ. 800 થી રૂ. 30000 સુધીની ટિકિટો ખરીદી શકે છે, જેમાં વિવિધ સ્ટેન્ડ માટે ટિકિટના ભાવ અલગ-અલગ હોય છે અને તેને બુક કરવા માટે ચાહકો તેને ઓનલાઈન વેબસાઈટ દ્વારા ખરીદી શકે છે. સત્તાવાર વેબસાઈટ પર જઈને પણ તમે ટિકિટ ખરીદી શકો છો.

ક્રિકેટ ચાહકો આ રીતે ઓનલાઈન ટિકિટ ખરીદી શકે છે

IPL 2025 મેચોની ઓનલાઈન ટિકિટ ખરીદવા માટે, ચાહકોએ IPLની સત્તાવાર વેબસાઈટ IPLT20.com પર જવું પડશે અને તેઓ સ્ટેડિયમમાં જે મેચ જોવા માગે છે તેના પર ક્લિક કરો, પછી તેઓ બીજી વેબસાઈટ પર જશે જ્યાંથી તેઓ ટિકિટ ખરીદી શકશે. ચાહકોએ તેમનું મનપસંદ સ્ટેન્ડ પસંદ કરવાનું રહેશે અને પછી ફોન નંબર, આઈડી કાર્ડ અને અન્ય માહિતી સહિત તેમની તમામ વિગતો આપવી પડશે. આ પ્રક્રિયા થઈ ગયા પછી, તેમને ઓનલાઈન પેમેન્ટ કરવાનો વિકલ્પ મળશે અને તમામ બાબતો પૂર્ણ થઈ ગયા પછી, ચાહકોને મેસેજ અને ઈમેલ દ્વારા તેમની ટિકિટ વિશે કન્ફર્મ કરવામાં આવશે. અલગ-અલગ IPL ટીમો પણ તેમની ઘરઆંગણાની મેચો માટે સીધા જ અલગ-અલગ પ્લેટફોર્મ દ્વારા ટિકિટ વેચી રહી છે, જેમાં BookMyShow, Paytm Insider અને TicketGenieનો સમાવેશ થાય છે. આ સિવાય IPL મેચોની ટિકિટ પણ District.in વેબસાઇટ પરથી ખરીદી શકાશે.",https://gujarati.abplive.com/sports/ipl/ipl-2025-how-to-by-match-tickets-online-process-and-price-full-details-933315,7,2025-04-01 18:37:35
,,"New Zealand Prime Minister Plays Street Cricket in Delhi:  ન્યૂઝીલેન્ડના વડા પ્રધાન ક્રિસ્ટોફર લક્સન હાલમાં ભારતની મુલાકાતે છે. ગુરુવાર, ૧૯ માર્ચના રોજ, તેમણે દિલ્હીમાં બાળકો સાથે શેરી ક્રિકેટ રમ્યા. ઇંટોથી સ્ટમ્પ બનાવીને અને રસ્તા પર સીમા રેખાઓ દોરીને, તેઓએ સામાન્ય લોકોની જેમ રમતનો આનંદ માણ્યો. તેમના વિરોધીઓમાં ન્યુઝીલેન્ડના અનુભવી રોસ ટેલર અને સ્પિનર ​​એજાઝ પટેલનો સમાવેશ થતો હતો જ્યારે તેમને ભારતીય વર્લ્ડ કપ વિજેતા કેપ્ટન કપિલ દેવે ટેકો આપ્યો હતો, જે તેમની ટીમમાં રમી રહ્યા હતા.

New Zealand PM Christopher Luxon Plays Gully Cricket’ with Kids and Kapil Dev. #WATCH #kapildev #NewZealand #ChristopherLuxon #tatasteel pic.twitter.com/HkhhnUQ7fA

ન્યુઝીલેન્ડના વડા પ્રધાન ક્રિસ્ટોફર લક્સન અગાઉ દિલ્હીમાં વડા પ્રધાન નરેન્દ્ર મોદી અને રાષ્ટ્રપતિ દ્રૌપદી મુર્મુને પણ મળ્યા હતા. તેઓ પીએમ મોદી સાથે રકાબગંજ સાહિબ ગયા, જ્યાં તેમનું સન્માન કરવામાં આવ્યું. રોસ ટેલરે પણ વડા પ્રધાન નરેન્દ્ર મોદી સાથે મુલાકાત કરી, જેનો ફોટો તેમણે પોતાના સોશિયલ મીડિયા એકાઉન્ટ પર શેર કર્યો. ગુરુવારે, દિલ્હીના રસ્તાઓ પર બધા લોકો સ્ટ્રીટ ક્રિકેટ રમતા જોવા મળ્યા; ન્યુઝીલેન્ડના વડા પ્રધાને આનો ફોટો તેમના સોશિયલ મીડિયા પર શેર કર્યો. આ દરમિયાન જ્યારે ન્યુઝીલેન્ડના વડાપ્રધાને એજાઝ પટેલનો કેચ પકડ્યો ત્યારે વિકેટ પાછળ ઉભેલા કપિલ દેવ પણ ખૂબ ખુશ અને આશ્ચર્યચકિત થઈ ગયા. એજાઝ અને રોસ ટેલરે પણ તેના કેચની પ્રશંસા કરી.

Nothing unites New Zealand and India more than our shared love of cricket. pic.twitter.com/osnqmdgIu7

પીએમ ક્રિસ્ટોફર લક્સને તેમના સોશિયલ મીડિયા પર ફોટો શેર કર્યો અને લખ્યું, ""ન્યુઝીલેન્ડ અને ભારતને ક્રિકેટ પ્રત્યેના અમારા સહિયારા પ્રેમથી વધુ કોઈ વસ્તુ એક નથી કરી શકતી.""

કપિલ દેવ અને ન્યુઝીલેન્ડના વડા પ્રધાન એક જ ટીમમાં રમ્યા હતા

૧૯૮૩માં ભારતને વર્લ્ડ કપ જીત અપાવનાર કપિલ દેવ પણ તેમની ટીમમાં ન્યુઝીલેન્ડના વડા પ્રધાન ક્રિસ્ટોફર લક્સન સાથે રમી રહ્યા હતા ત્યારે હાજર હતા. જ્યારે તેમની સામે રોસ ટેલર અને ઇજાઝ પટેલ હતા. આ દરમિયાન તેમની સાથે ટીમમાં ઘણા નાના બાળકો પણ સામેલ હતા.",https://gujarati.abplive.com/sports/cricket/new-zealand-pm-christopher-luxon-plays-gully-cricket-in-delhi-india-world-cup-winning-captain-kapil-dev-surprised-to-see-pm-fielding-933312,7,2025-04-01 18:37:38
,,"Yuzvendra-Dhanashree Divorce: ક્રિકેટર યુઝવેન્દ્ર ચહલ અને ધનશ્રી વર્મા લાંબા સમયથી હેડલાઇન્સમાં છે. ચહલ અને ધનશ્રીના છૂટાછેડાના અહેવાલો ઘણા સમયથી ચાલી રહ્યા હતા પરંતુ આ દંપતીએ મૌન જાળવી રાખ્યું છે. ધનશ્રી અને ચહલ અલગ થઈ ગયા છે અને પોતાના જીવનમાં આગળ વધી ગયા છે. આ દરમિયાન, યુઝવેન્દ્ર ધનશ્રીને કેટલું ભરણપોષણ આપવાના છે તે અંગે સમાચાર આવ્યા છે.

The court, however, on February 20 refused to waive of the 6 months statutory cooling period citing partial compliance of a consent term between Chahal and Verma

બાર અને બેન્ચના રિપોર્ટ મુજબ, ચહલ ધનશ્રીને 4 કરોડ 75 લાખ રૂપિયા આપશે. જેમાંથી તેમણે 2 કરોડ 37 લાખ રૂપિયા ચૂકવી દીધા છે. રિપોર્ટ અનુસાર, સમાધાનની શરતો મુજબ, ચહલે ધનશ્રીને 4 કરોડ 75 લાખ રૂપિયાનું કાયમી ભરણપોષણ આપવા સંમતિ આપી હતી, જેમાંથી 2 કરોડ 37 લાખ 55 હજાર રૂપિયા પહેલાથી જ આપવામાં આવી ચૂક્યા છે. ફેમિલી કોર્ટે બાકીની રકમ ન ચૂકવવાને બિન-પાલન ગણ્યું.

શું ધનશ્રીએ 60 કરોડ રૂપિયા માંગ્યા હતા?

ઘણા અહેવાલો બહાર આવ્યા હતા જેમાં એવું કહેવામાં આવ્યું હતું કે ધનશ્રીએ ભરણપોષણ તરીકે 60 કરોડ રૂપિયા માંગ્યા હતા. જોકે, ધનશ્રીના પરિવારે આ દાવાને નકારી કાઢ્યો હતો. ધનશ્રીના પરિવારના એક સભ્યએ એક નિવેદન બહાર પાડીને ભરણપોષણના અહેવાલોને પાયાવિહોણા ગણાવ્યા. પરિવારના સભ્યએ વાયરલ દાવાઓ પર નિરાશા વ્યક્ત કરી અને બધાને પાયાવિહોણી માહિતી ન ફેલાવવા વિનંતી કરી. સભ્યએ સ્પષ્ટતા કરી કે ધનશ્રી વર્માએ ક્યારેય ચહલ પાસેથી કોઈ ભરણપોષણ માંગ્યું નથી.

તમને જણાવી દઈએ કે ધનશ્રી અને યુઝવેન્દ્ર ચહલના લગ્ન 2020 માં થયા હતા. બંને લગભગ એક વર્ષથી અલગ રહેતા હતા. આ મહિને તેમના છૂટાછેડાને અંતિમ સ્વરૂપ આપવામાં આવ્યું. જોકે, બંનેએ હજુ સુધી આ અંગે કોઈ પ્રતિક્રિયા આપી નથી.

ટીમ ઈન્ડિયામાં વાપસી કરવા મહેનત કરી રહ્યો છે ચહલ

યુઝવેન્દ્ર ચહલ હાલમાં ટીમ ઈન્ડિયાની બહાર છે. તે 2024માં T20 વર્લ્ડ કપ જીતનાર ટીમનો ભાગ હતો, પરંતુ તેને એક પણ મેચ રમવાની તક મળી ન હતી. તેણે ભારત માટે છેલ્લી વનડે જાન્યુઆરી 2023માં રમી હતી, જ્યારે તેની છેલ્લી T20 ઓગસ્ટ 2023માં રમી હતી. આ પછી પણ IPL 2025ના ઓક્શનમાં પંજાબ કિંગ્સે તેને 18 કરોડ રૂપિયામાં ખરીદ્યો.",https://gujarati.abplive.com/sports/cricket/cricketer-yuzvendra-chahal-agreed-to-pay-rs-4-crore-75-lakh-to-dhanashree-verma-after-divorce-933301,7,2025-04-01 18:37:42
,,"IPL 2025 Suryakumar Yadav: IPL 2025 માં મુંબઈ ઈન્ડિયન્સનો પહેલો મુકાબલો ચેન્નાઈ સુપર કિંગ્સ સામે છે. આ મેચ 23 માર્ચે રમાશે. બુધવારે આ પહેલા મુંબઈના નિયમિત કેપ્ટન હાર્દિક પંડ્યાએ એક પ્રેસ કૉન્ફરન્સ યોજી હતી. પંડ્યાએ પ્રેસ કૉન્ફરન્સમાં એક ચોંકાવનારો ખુલાસો કર્યો. તેમણે જણાવ્યું કે સિઝનની પહેલી મેચમાં સૂર્યકુમાર યાદવ ટીમનું નેતૃત્વ કરશે. પંડ્યા પહેલી મેચ રમશે નહીં.

વાસ્તવમાં હાર્દિક પંડ્યા સિઝનની પહેલી મેચ રમી શકશે નહીં. તેના પર એક મેચનો પ્રતિબંધ મૂકવામાં આવ્યો છે. પંડ્યાની ગેરહાજરીમાં, સૂર્યકુમાર યાદવ મુંબઈ ઈન્ડિયન્સનું નેતૃત્વ કરશે. પંડ્યાએ પ્રેસ કૉન્ફરન્સમાં કહ્યું, ""સૂર્યકુમાર યાદવ ટીમ ઈન્ડિયાનો કેપ્ટન છે. તે IPL 2025 ની પહેલી મેચમાં મુંબઈ ઈન્ડિયન્સનું નેતૃત્વ પણ કરશે. મુંબઈએ ગયા સિઝનમાં આશ્ચર્યજનક ફેરફાર કર્યો હતો. ટીમે રોહિત શર્માને હટાવીને પંડ્યાને કેપ્ટન બનાવ્યો હતો.

Hardik Pandya on our captain for #CSKvMI:""Suryakumar Yadav leads India as well. He will lead Mumbai Indians in the first match of TATA IPL 2025""

ચેન્નાઇ વિરૂદ્ધ મેદાનમાં ઉતરી શકે છે આ ખેલાડી - જો આપણે મુંબઈની સંભવિત પ્લેઇંગ ઇલેવન વિશે વાત કરીએ, તો રોહિત શર્મા અને રાયન રિકેલ્ટનને ઓપનિંગ કરવાની તક મળી શકે છે. તિલક વર્મા વિસ્ફોટક બેટિંગમાં નિષ્ણાત છે. તેને ત્રીજા નંબર પર રમવાની તક મળી શકે છે. સૂર્યકુમાર યાદવ ચોથા નંબરે બેટિંગ કરવા આવી શકે છે. નમન ધીર અને મિશેલ સેન્ટનરને પણ પ્રથમ મેચની પ્લેઇંગ ઇલેવનમાં સ્થાન મળી શકે છે. કર્ણ શર્મા અને ટ્રેન્ટ બોલ્ટના સ્થાનો પણ લગભગ નિશ્ચિત છે. ટીમનો પહેલો મુકાબલો ચેન્નઈ સામે છે.

કંઇક આવું છે મુંબઇનું શિડ્યૂલ - મુંબઈનો પહેલો મુકાબલો ચેન્નઈ સાથે છે. ત્યારબાદ ટીમ ગુજરાત ટાઇટન્સ સામે મેદાનમાં ઉતરશે. આ મેચ 29 માર્ચે રમાશે. તેનો ત્રીજો મુકાબલો કોલકાતા નાઈટ રાઈડર્સ સાથે છે. આ મેચ 31 માર્ચે રમાશે. મુંબઈની છેલ્લી લીગ મેચ દિલ્હી કેપિટલ્સ સામે છે, જે 15 મેના રોજ રમાશે.",https://gujarati.abplive.com/sports/ipl/ipl-2025-news-suryakumar-yadav-became-captain-of-mumbai-indians-in-first-match-instead-of-hardik-pandya-vs-csk-933295,7,2025-04-01 18:37:48
,,"Josh Cobb Retirement: IPL 2025 શરૂ થવાના ત્રણ દિવસ પહેલા ઈંગ્લેન્ડના આ ઓલરાઉન્ડરે નિવૃત્તિની જાહેરાત કરી. આ ખેલાડીનું નામ જૉશ કૉબ છે. બે T20 બ્લાસ્ટ ફાઇનલમાં પ્લેયર ઓફ ધ મેચ તરીકે જાહેર થનારા એકમાત્ર ખેલાડી જૉશ કૉબે પ્રૉફેશનલ ક્રિકેટમાંથી નિવૃત્તિ લઈ લીધી છે. હવે તે વોરવિકશાયર માટે કામ કરશે.

નિવૃત્તિ પછી, જૉશ કૉબ હવે વોરવિકશાયરમાં બોય્ઝ એકેડેમીના વડા તરીકે નવી ભૂમિકા સંભાળશે. કોબે પોતાના ૧૮ વર્ષના ક્રિકેટ કેરિયરમાં ૪૪૮ પ્રૉફેશનલ મેચોમાં કુલ ૧૩૧૫૨ રન બનાવ્યા છે. જૉશ કૉબે 2007 માં માત્ર 17 વર્ષની ઉંમરે લેસ્ટરશાયર માટે ડેબ્યૂ કર્યું હતું અને 448 પ્રૉફેશનલ મેચ રમ્યા હતા.

લૉર્ડ્સમાં ફટકારી હતી પ્રથમ સદી જૉશ કૉબે કહ્યું કે 18 વર્ષ પહેલાં ડેબ્યૂ કર્યા પછીની આ એક મનોરંજક સફર રહી છે, જેમાં ઘણા ઉતાર-ચઢાવ આવ્યા છે. હું જે લોકોને મળ્યો છું તેમનો હું ખૂબ આભારી છું, ક્રિકેટે મને ઘણું બધું આપ્યું છે. લોર્ડ્સમાં મારી પહેલી સદી ફટકારવી અને બે વાર T20 બ્લાસ્ટ ફાઇનલ જીતવી એ કેટલીક યાદો છે જે હું હંમેશા માટે યાદ રાખીશ.

133 વિકેટો પણ પોતાના નામે કરી ૩૪ વર્ષીય જૉશ કૉબે ઓફ-સ્પિન બોલર તરીકે ૧૩૩ વિકેટ લીધી છે. તે પહેલી વાર 2008 માં ચર્ચામાં આવ્યો હતો જ્યારે તેણે લોર્ડ્સમાં મિડલસેક્સ સામે અણનમ 148 રન બનાવ્યા હતા અને તેની ટીમ માટે સદી ફટકારનાર સૌથી યુવા ખેલાડી બન્યો હતો. તેમણે નોર્થમ્પ્ટનશાયર અને વોર્સેસ્ટરશાયરમાં મિડલેન્ડ્સ કાઉન્ટીનું પણ પ્રતિનિધિત્વ કર્યું છે.

ઓસ્ટ્રેલિયન ખેલાડીઓની સાથે કર્યુ કામ જૉશ કૉબ 2013 માં ઢાકા ગ્લેડીયેટર્સ સાથે બાંગ્લાદેશ પ્રીમિયર લીગના વિજેતા પણ હતા અને હન્ડ્રેડમાં વેલ્શ ફાયરનું નેતૃત્વ કર્યું હતું. ગયા વર્ષે સપ્ટેમ્બરમાં ઈંગ્લેન્ડમાં રમાયેલી ODI સીરીઝ દરમિયાન તેમણે બે અઠવાડિયા માટે ઓસ્ટ્રેલિયન ખેલાડીઓ સાથે સલાહકાર કોચ તરીકે કામ કર્યું હતું. ટોચના ક્રમના બેટ્સમેન કોબે તેની બોલિંગ માટે T20 બ્લાસ્ટ ફાઇનલમાં તેનો પહેલો પ્લેયર ઓફ ધ મેચ એવોર્ડ જીત્યો.

પાંચ વર્ષ પછી, તેણે નોર્થમ્પ્ટનશાયરને તેમનો બીજો T20 ખિતાબ અપાવવા માટે 48 બોલમાં 80 રન બનાવ્યા. તેણે એજબેસ્ટનમાં ડરહામને હરાવ્યું અને તેનો બીજો પ્લેયર ઓફ ધ મેચ એવોર્ડ જીત્યો.",https://gujarati.abplive.com/sports/cricket/34-year-old-england-all-rounder-cricketer-josh-cobb-retires-from-professional-cricket-before-ipl-season-933261,7,2025-04-01 18:37:55
,,"Mustakim Howlader 404 Runs: કેમ્બ્રિયન સ્કૂલ એન્ડ કૉલેજ તરફથી રમતા મુસ્તાકીમ હૌલાદરે ઇતિહાસ રચ્યો છે. તેણે એક ODI મેચમાં 404 રનની ઇનિંગ રમીને ઘણા મોટા રેકોર્ડ તોડ્યા છે. તેણે અણનમ ૪૦૪ રનમાં ૫૦ ચોગ્ગા અને ૨૨ છગ્ગા ફટકાર્યા. મુસ્તાકીમે ફક્ત ચોગ્ગા અને છગ્ગાની મદદથી 332 રન બનાવ્યા તે પણ એક અદભૂત રેકોર્ડ છે. તે બાંગ્લાદેશમાં માન્યતા પ્રાપ્ત ક્રિકેટમાં 400 થી વધુ રન બનાવનારો પ્રથમ ક્રિકેટર બન્યો છે.

9માં ધોરણમાં ભણે છે મુસ્તકિમ હૌલાદાર આ શાળા ક્રિકેટમાં જિલ્લા સ્તરની મેચ હતી, જેને સત્તાવાર ક્રિકેટ ગણવામાં આવતી નથી. મુસ્તાકીમ 9મા ધોરણનો વિદ્યાર્થી છે, ઢાકા યુનિવર્સિટી ક્રિકેટ ગ્રાઉન્ડ પર રમેલી આ ઇનિંગથી તેણે માત્ર બાંગ્લાદેશ ક્રિકેટ જ નહીં પરંતુ વિશ્વ ક્રિકેટને પણ હચમચાવી નાખ્યું છે. તમને જણાવી દઈએ કે ૫૦ ઓવરની આ મેચમાં મુસ્તકીમ ઇનિંગ્સની શરૂઆતથી અંત સુધી ક્રીઝ પર રહ્યો.

699 રનોની રેકોર્ડ પાર્ટનરશીપ મુસ્તકીમ હૌલાદરે 4 કલાક અને 20 મિનિટ સુધી બેટિંગ કરી. તેણે ૧૭૦ બોલમાં ૪૦૪ રનની આ ઇનિંગ રમી, જેમાં તેનો સ્ટ્રાઇક રેટ ૨૩૭ થી વધુ હતો. જ્યાં ODI મેચોમાં 350 રન બનાવ્યા પછી ટીમો ખુશ થાય છે, ત્યાં મુસ્તકીમે આ ઐતિહાસિક ઇનિંગ રમીને ક્રિકેટ જગત માટે નવા માપદંડો સ્થાપિત કર્યા છે.

તેણે કેપ્ટન સોદ પરવેઝ સાથે 699 રનની ભાગીદારી કરી. તમને જણાવી દઈએ કે કેપ્ટન પરવેઝ પોતે ૧૨૪ બોલમાં ૨૫૬ રન બનાવીને અણનમ પાછો ફર્યો હતો. તેઓએ ૨૦૬ ના ધમાકેદાર સ્ટ્રાઇક રેટથી બેટિંગ કરતા ૩૨ ચોગ્ગા અને ૧૩ છગ્ગા ફટકાર્યા, જે તેમના બંને કારકિર્દીનો શ્રેષ્ઠ સ્કોર છે. આ બે બેટ્સમેનોની મદદથી કેમ્બ્રિયન સ્કૂલ એન્ડ કોલેજે 770 રનનો વિશાળ સ્કોર બનાવ્યો.

738 રનોથી જીતી મેચ એકતરફ, કેમ્બ્રિયન સ્કૂલ અને કોલેજે શાનદાર બેટિંગનું પ્રદર્શન કર્યું અને બીજી તરફ, ટીમે બોલિંગમાં પણ તબાહી મચાવી. સામે સેન્ટ ગ્રેગરીની ટીમ હતી, જે ૧૧.૨ ઓવરમાં માત્ર ૩૨ રનમાં ઓલઆઉટ થઈ ગઈ હતી. આ રીતે કેમ્બ્રિયન સ્કૂલ અને કોલેજે 738 રનથી રેકોર્ડ વિજય મેળવ્યો.",https://gujarati.abplive.com/sports/cricket/cricket-record-news-updates-bangladesh-young-batsman-mustakim-howlader-scored-404-runs-50-fours-22-sixes-record-partnership-699-runs-933258,8,2025-04-01 18:38:17
,,"IPL Umpire Salary Per Match: ઇન્ડિયન પ્રીમિયર લીગની 18મી સીઝન ખૂબ જ ટૂંક સમયમાં શરૂ થવા જઈ રહી છે. આ સિઝનમાં, 6 ખેલાડીઓ એવા હશે જેમને 20 કરોડ રૂપિયા કે તેથી વધુ પગાર મળશે. લખનૌ સુપર જાયન્ટ્સે આ વખતે ઋષભ પંતને 27 કરોડ રૂપિયામાં ખરીદીને બધા રેકોર્ડ તોડી નાખ્યા, જેનાથી તે IPL ઇતિહાસનો સૌથી મોંઘો ખેલાડી બન્યો. પરંતુ મેચ દરમિયાન અમ્પાયર પણ ખૂબ જ મહત્વપૂર્ણ ભૂમિકા ભજવે છે, તેમને અમ્પાયરિંગ માટે કેટલા પૈસા મળે છે? અહીં તમને આ પ્રશ્નનો જવાબ મળશે.

IPL અમ્પાયરોને કેટલો પગાર મળે છે?IPLમાં બધા અમ્પાયરોનો પગાર સરખો નથી હોતો. તેમનો પગાર અમ્પાયર પાસે કેટલો અનુભવ છે, તે કેવા પ્રકારની મેચ છે (નોકઆઉટ કે લીગ સ્ટેજ) તેના પર આધાર રાખે છે, નવા અને જૂના અમ્પાયરોના પગારમાં પણ મોટો તફાવત છે. અનિલ ચૌધરી સૌથી પ્રખ્યાત IPL અમ્પાયરોમાંના એક છે, તેમને 100 થી વધુ મેચોમાં અમ્પાયરિંગનો અનુભવ છે. કેટલાક મીડિયા રિપોર્ટ્સ અનુસાર, તેને દરેક મેચ માટે 1,98,000 રૂપિયાનો પગાર મળે છે. નીતિન મેનન, બ્રુસ ઓક્સનફોર્ડ સહિત ઘણા પ્રખ્યાત અમ્પાયરોને દરેક મેચ માટે 1.98 લાખ રૂપિયા મળે છે.

ઓછા અનુભવી અમ્પાયરોને દરેક મેચ માટે 59,000 રૂપિયા મળે છે, ભારતીય અમ્પાયર વીરેન્દ્ર શર્મા પણ આ યાદીમાં છે. એવું કહેવાય છે કે ઈન્ડિયન પ્રીમિયર લીગમાં એક સીઝન માટે અમ્પાયરિંગ માટે 7,33,000 રૂપિયા સુધી કમાઈ શકે છે. તમને જણાવી દઈએ કે પ્રખ્યાત અમ્પાયરો પણ સ્પોન્સરશિપ ડીલમાંથી ઘણી કમાણી કરે છે. જ્યારે પ્લેઓફ મેચો દરમિયાન, અમ્પાયરોને ફક્ત બોનસ મળે છે. IPL 2025 ની પહેલી મેચ 22 માર્ચે KKR અને RCB વચ્ચે રમાઈ હતી. પ્રથમ દિવસે ફક્ત એક જ મેચ રમાશે.

આઇપીએલ 2025ની પ્રથમ મેચ 22 માર્ચે કોલકત્તાના ઇડન ગાર્ડન્સમાં રમાશે. જેમાં ડિફેન્ડિંગ ચેમ્પિયન કોલકાતા નાઈટ રાઈડર્સનો સામનો રોયલ ચેલેન્જર્સ બેંગલુરુ (KKR vs RCB) સામે થશે. એક તરફ KKR પાસે કેપ્ટન અજિંક્ય રહાણે ઉપરાંત રિંકુ સિંહ અને આન્દ્રે રસેલ જેવા મજબૂત બેટ્સમેન છે. બીજી તરફ RCB આ વખતે રજત પાટીદારની કેપ્ટનશીપમાં રમશે, જેમાં વિરાટ કોહલી, ફિલ સોલ્ટ, ભુવનેશ્વર કુમાર અને જોશ હેઝલવુડ જેવા દિગ્ગજ ખેલાડીઓ રમશે. પરંતુ હવામાનની સ્થિતિ જોતાં IPL 2025 ની પહેલી મેચ પર વરસાદનો ખતરો મંડરાઇ રહ્યો છે.

IPL 2025ની પહેલી મેચ રદ થઇ શકે છે

IPL 2025ની પહેલી મેચ કોલકાતામાં રમાશે, જ્યાં આગામી દિવસોમાં સતત વરસાદ પડવાની શક્યતા છે. 22 માર્ચની વાત કરીએ તો AccuWeather મુજબ, દિવસ દરમિયાન વરસાદની શક્યતા 40 ટકા છે. દિવસભર આકાશમાં કાળા વાદળો છવાયેલા રહેવાની ધારણા છે. 22 માર્ચે વરસાદ, તોફાન અને સતત વીજળી પડવાની શક્યતા હોવાથી RCB અને KKR વચ્ચેની મેચ પણ રદ થવાનો ભય છે. KKR vs RCB મેચ ભારતીય સમય મુજબ સાંજે 7:30 વાગ્યે રમાશે. 22 માર્ચે સાંજે આકાશ વાદળછાયું રહેશે, જ્યારે ભારે પવન પણ રમતને અસર કરી શકે છે.",https://gujarati.abplive.com/sports/cricket/indian-premier-league-how-much-fee-is-paid-to-an-umpire-per-match-in-ipl-933196,8,2025-04-01 18:38:21
,,"Mustakim Howlader 404 Runs: કેમ્બ્રિયન સ્કૂલ એન્ડ કોલેજ તરફથી રમતા મુસ્તાકીમ હૌલાદારે ઇતિહાસ રચ્યો છે. તેણે એક ODI મેચમાં 404 રનની ઇનિંગ રમીને ઘણા મોટા રેકોર્ડ તોડ્યા છે. તેણે અણનમ 404 રનમાં 50 ચોગ્ગા અને 22 છગ્ગા ફટકાર્યા. મુસ્તાકીમે ફક્ત ચોગ્ગા અને છગ્ગાની મદદથી 332 રન બનાવ્યા તે પણ એક અદ્ભુત આંકડા છે. તે બાંગ્લાદેશમાં માન્યતા પ્રાપ્ત ક્રિકેટમાં 400 થી વધુ રન બનાવનાર પ્રથમ ક્રિકેટર બન્યો.

મુસ્તકીમ હૌલાદાર 9મા ધોરણમાં અભ્યાસ કરે છેઆ શાળા ક્રિકેટમાં જિલ્લા સ્તરની મેચ હતી, જેને સત્તાવાર ક્રિકેટ ગણવામાં આવતી નથી. મુસ્તાકીમ 9મા ધોરણનો વિદ્યાર્થી છે, ઢાકા યુનિવર્સિટી ક્રિકેટ ગ્રાઉન્ડ પર રમેલી આ ઇનિંગથી તેણે માત્ર બાંગ્લાદેશ ક્રિકેટ જ નહીં પરંતુ વિશ્વ ક્રિકેટને પણ હચમચાવી નાખ્યું છે. તમને જણાવી દઈએ કે 50 ઓવરની આ મેચમાં મુસ્તકીમ ઇનિંગ્સની શરૂઆતથી અંત સુધી ક્રીઝ પર રહ્યો.

મુસ્તાકીમ હૌલાદાર, ધોરણ 9નો વિદ્યાર્થી. તેણે સ્કૂલ ક્રિકેટમાં એવું કંઈક કર્યું છે જે પહેલાં ક્યારેય બન્યું નથી. આજકાલ વનડે ક્રિકેટમાં ટીમો 300 થી 350 રન બનાવે છે. જો સ્કોર 400 થી ઉપર જાય, તો તેને ખૂબ જ ઉચ્ચ સ્કોર ગણવામાં આવે છે. પણ જો કોઈ બેટ્સમેન એકલા હાથે આટલો મોટો સ્કોર કરે તો શું? વાત કદાચ અવિશ્વસનીય લાગે, પણ પ્રાઇમ બેંક સ્કૂલ ક્રિકેટમાં આવી અદ્ભુત સિદ્ધિ બની છે.

699 રનની રેકોર્ડ ભાગીદારીમુસ્તકીમ હૌલાદરે 4 કલાક અને 20 મિનિટ સુધી બેટિંગ કરી. તેણે 170 બોલમાં 404 રનની આ ઇનિંગ રમી, જેમાં તેનો સ્ટ્રાઇક રેટ 237 થી વધુ હતો. જ્યાં ODI મેચોમાં 350 રન બનાવ્યા પછી ટીમો ખુશ થાય છે, ત્યાં મુસ્તકીમે આ ઐતિહાસિક ઇનિંગ રમીને ક્રિકેટ જગત માટે નવા માપદંડો સ્થાપિત કર્યા છે.

તેણે કેપ્ટન સોદ પરવેઝ સાથે 699 રનની ભાગીદારી કરી. તમને જણાવી દઈએ કે કેપ્ટન પરવેઝ પોતે 124 બોલમાં 256 રન બનાવીને અણનમ પાછો ફર્યો હતો. તેઓએ 206 ના ધમાકેદાર સ્ટ્રાઇક રેટથી બેટિંગ કરતા 32 ચોગ્ગા અને 13 છગ્ગા ફટકાર્યા, જે તેમના બંને કારકિર્દીનો શ્રેષ્ઠ સ્કોર છે. આ બે બેટ્સમેનોની મદદથી કેમ્બ્રિયન સ્કૂલ એન્ડ કોલેજે 770 રનનો વિશાળ સ્કોર બનાવ્યો.

738 રનથી મેચ જીતીએક તરફ, કેમ્બ્રિયન સ્કૂલ અને કોલેજે શાનદાર બેટિંગનું પ્રદર્શન કર્યું અને બીજી તરફ, ટીમે બોલિંગમાં પણ તબાહી મચાવી. સામે સેન્ટ ગ્રેગરીની ટીમ હતી, જે 11.2 ઓવરમાં માત્ર 32 રનમાં ઓલઆઉટ થઈ ગઈ હતી. આ રીતે કેમ્બ્રિયન સ્કૂલ અને કોલેજે 738 રનથી રેકોર્ડ વિજય મેળવ્યો.",https://gujarati.abplive.com/sports/cricket/bangladesh-young-batsman-mustakim-howlader-scored-404-runs-50-fours-22-sixes-record-partnership-699-runs-cricket-records-933245,8,2025-04-01 18:38:25
,,"BCCI Family Rule: કપિલ દેવે BCCIના ફેમિલી રુલ સામે અવાજ ઉઠાવ્યો હતો. તે પછી, દિલ્હી કેપિટલ્સના બોલર મોહિત શર્માએ પણ કહ્યું હતું કે પરિવાર સાથે રહેવામાં શું સમસ્યા છે? હવે બીસીસીઆઈ પર દબાણ વધવા લાગ્યું છે કારણ કે દિગ્ગજ ક્રિકેટર કપિલ દેવ પણ આ મામલામાં સામેલ થયા છે. ફક્ત IPL 2025 માટે લાગુ પડતા નિયમ વિશે વાત કરીએ તો, પ્રેક્ટિસ સેશન અથવા મેચ દરમિયાન પરિવારના સભ્યોને ટીમના ડ્રેસિંગ રૂમમાં પ્રવેશવાની મંજૂરી આપવામાં આવશે નહીં. જો પરિવારના સભ્યો મેચ જોવા માંગતા હોય, તો તેઓ હોસ્પિટાલિટી બોક્સમાં બેસીને તેમ કરી શકે છે.

તાજેતરમાં, વિરાટે કહ્યું હતું કે જ્યારે કોઈ ખેલાડી ખરાબ સમયમાંથી પસાર થઈ રહ્યો હોય છે, ત્યારે પરિવારની હાજરી તેને ફરીથી સારું અનુભવવામાં મદદ કરે છે. તેમણે કહ્યું કે કોઈ પણ ખેલાડી ખરાબ સમયમાં એકલા રહેવા અને દુઃખ સહન કરવા માંગતો નથી. વિરાટે એમ પણ કહ્યું કે પરિવારની હાજરી જવાબદારીઓને વધુ સારી રીતે સમજવામાં મદદ કરે છે. હવે જાણો કપિલ દેવે આ મુદ્દે વિરાટના સમર્થનમાં શું કહ્યું?

કપિલ દેવનો ટેકો મળ્યોગોલ્ફ ટુર્નામેન્ટની ટ્રોફીનું અનાવરણ કરતી વખતે કપિલ દેવે કહ્યું કે ખેલાડીઓને તેમના પરિવારનો ટેકો મળવો જોઈએ. તેમણે કહ્યું, ""આ નિયમ બનાવવાનો નિર્ણય બોર્ડનો છે. જ્યાં સુધી મને લાગે છે, ખેલાડીઓને તેમના પરિવારનો સાથ જોઈએ છે, પરંતુ તમને ટીમનો ટેકો પણ જોઈએ છે. અમે અમારા સમયમાં કહેતા હતા કે મને પહેલા ભાગમાં ક્રિકેટ રમવા દો, પરંતુ બીજા ભાગમાં પરિવારોએ પણ અહીં આવીને આનંદ માણવો જોઈએ. અહીં મિશ્રણ જોવું જોઈએ.""

VIDEO | Legendary cricketer Kapil Dev advocates a balanced approach to cricketers' families on tours.""Well, I don’t know, that’s individual. I think it’s the cricket board’s call. My view is, yes, you need family. But, you also need a team, all the time. In our time, we used to… pic.twitter.com/JJPARNTpgJ

વિરાટ કોહલી વિશે વાત કરીએ તો, તાજેતરમાં RCB અનબોક્સિંગ ઇવેન્ટ દરમિયાન, તેમણે બેંગ્લોર ટીમના નવા કેપ્ટન રજત પાટીદારની પ્રશંસા કરી. તમને જણાવી દઈએ કે RCBનો પહેલો મુકાબલો 22 માર્ચે KKR સામે થશે, જે IPL 2025 સીઝનનો પહેલો મુકાબલો પણ હશે.",https://gujarati.abplive.com/sports/cricket/bcci-family-restriction-rule-kapil-dev-reaction-support-virat-kohli-after-he-opposed-family-rule-ipl-2025-933224,8,2025-04-01 18:38:28
,,"થોડા દિવસોમાં IPLની બીજી સિઝન શરૂ થવા જઈ રહી છે. તમામ ટીમો આગામી સિઝન માટે જોરશોરથી તૈયારી કરી રહી છે. દરેક સિઝનની જેમ આ સિઝનમાં પણ ટૂર્નામેન્ટ દરમિયાન કેટલાક રેકોર્ડ તોડવામાં આવશે અને કેટલાક રેકોર્ડ બનશે. આ વખતે પણ ચાહકોને વિરાટ કોહલી, રોહિત શર્મા, કેએલ રાહુલ, જોસ બટલર, ઋષભ પંત જેવા ખેલાડીઓ પાસેથી ઘણી અપેક્ષાઓ હશે. ગત સિઝનમાં વિરાટ કોહલીએ સૌથી વધુ રન બનાવીને ઓરેન્જ કેપ જીતી હતી. આવી સ્થિતિમાં, જ્યારે તે IPL 2025માં બેટિંગ કરવા ઉતરશે, ત્યારે ચાહકો ફરીથી તેની પાસેથી દરેક મેચમાં મોટી ઇનિંગ્સની આશા રાખશે.

IPLમાં વિરાટ કોહલી આ મોટો રેકોર્ડ પોતાના નામે કરી શકે છે

IPL 2025માં વિરાટ કોહલી પાસે બેટિંગમાં કેટલાક મોટા રેકોર્ડ બનાવવાની તક હશે. વિરાટ IPLની આ સિઝનમાં 1000 બાઉન્ડ્રી ફટકારનાર પ્રથમ ખેલાડી બની શકે છે. કોહલીએ IPLમાં અત્યાર સુધી 977 બાઉન્ડ્રી ફટકારી છે. તેને 1000ના આંકડા સુધી પહોંચવા માટે માત્ર 23 બાઉન્ડ્રીની જરૂર છે. વિરાટ અત્યારે જે પ્રકારના ફોર્મમાં છે તેને જોતા લાગે છે કે તે આવનારી સિઝનમાં આ રેકોર્ડ સરળતાથી પોતાના નામે કરી લેશે. આ યાદીમાં શિખર ધવનનું નામ બીજા નંબર પર છે. તેણે આ ટૂર્નામેન્ટમાં 920 બાઉન્ડ્રી ફટકારી હતી.

ડેવિડ વોર્નરનું નામ ત્રીજા નંબર પર છે. તેણે IPLમાં 899 બાઉન્ડ્રી ફટકારી છે. આ યાદીમાં મુંબઈ ઈન્ડિયન્સના પૂર્વ કેપ્ટન રોહિત શર્મા ચોથા સ્થાને છે. તેણે આઈપીએલમાં અત્યાર સુધીમાં 879 બાઉન્ડ્રી ફટકારી છે. ધવને આઈપીએલમાંથી નિવૃત્તિ લઈ લીધી છે, તેથી તે વિરાટનો આ રેકોર્ડ તોડી શકશે નહીં. સિઝન પહેલા યોજાયેલી મેગા ઓક્શનમાં ધવનને કોઈએ ખરીદ્યો ન હતો, તેથી તે આ વર્ષે રમતા જોવા નહીં મળે. આ સિઝનમાં એક્ટિવ ખેલાડીઓની વાત કરીએ તો વિરાટ પછી રોહિતનું નામ છે, જેમના માટે આ રેકોર્ડ તોડવો અત્યારે ખૂબ મુશ્કેલ લાગે છે.

IPLના ઈતિહાસમાં સૌથી વધુ બાઉન્ડ્રી ફટકારનાર બેટ્સમેન

વિરાટ કોહલી: 973 (ફોર- 705 સિક્સ- 272)

શિખર ધવન: 920 (ફોર- 768 સિક્સ- 152)

ડેવિડ વોર્નર: 899 (ફોર- 663, સિક્સ- 236)

રોહિત શર્મા: 879 (ફોર- 599 સિક્સ- 280)

ક્રિસ ગેલ: 761: (ફોર- 404 સિક્સ- 357)

22 માર્ચથી IPL 2025ની શાનદાર શરુઆત થશે. તમામ ક્રિકેટપ્રેમીઓ આ સિઝનનથી ખૂબ જ આતુરતાથી રાહ જોઈ રહ્યા છે.",https://gujarati.abplive.com/sports/ipl/ipl-2025-virat-kohli-can-become-the-first-player-in-ipl-to-hit-1000-boundaries-933212,8,2025-04-01 18:38:31
,,"SRH Playing 11 IPL 2025: IPL 2025 શરૂ થવામાં હવે માત્ર ચાર દિવસ બાકી છે. ટૂર્નામેન્ટની પહેલી મેચ કોલકાતા નાઈટ રાઈડર્સ અને રોયલ ચેલેન્જર્સ બેંગ્લોર વચ્ચે રમાશે. જ્યારે સનરાઇઝર્સ હૈદરાબાદની ટીમ 23 માર્ચે પોતાની પહેલી મેચ રમશે. SRH તેના હોમ ગ્રાઉન્ડ પર રાજસ્થાન રોયલ્સ સામે ટકરાશે.

IPL 2025 માં પણ સનરાઇઝર્સ ટીમ ખૂબ જ મજબૂત દેખાઈ રહી છે. ચાહકો આ ટીમને આપત્તિજનક ગણાવી રહ્યા છે. ગયા સિઝનમાં આ ટીમ ફાઇનલમાં KKR સામે હારી ગઈ હતી, પરંતુ આ વખતે ટીમ ગયા વર્ષ કરતાં વધુ ખતરનાક દેખાઈ રહી છે. હૈદરાબાદ ટીમમાં ઘણા મેચ વિનર અને ટી20 સ્પેશિયાલિસ્ટ ખેલાડીઓ છે.

પ્લેઇંગ ઇલેવન વિશે વાત કરીએ તો, બે ભાઈઓ અને બંને તબાહી, એટલે કે અભિષેક શર્મા અને ટ્રેવિસ હેડ ઇનિંગની શરૂઆત કરશે. ઈશાન કિશન ત્રીજા નંબરે રમશે તે નિશ્ચિત છે. આ રીતે ટોપ ઓર્ડરના ત્રણેય ખેલાડીઓ નિષ્ણાત T20 ખેલાડીઓ છે. આ પછી યુવા નીતિશ કુમાર રેડ્ડી ચોથા નંબરે રમશે અને વિકેટકીપર હેનરિક ક્લાસેન પાંચમા નંબરે રમશે. આ બંને કોઈપણ બોલિંગ આક્રમણનો નાશ કરી શકે છે.

આ પછી, અભિનવ મનોહર છઠ્ઠા નંબર પર રમી શકે છે. અભિનવ ભારતીય ઘરેલુ ક્રિકેટનો તોફાની બેટ્સમેન છે. વિયમ મુલ્ડરને સાતમા નંબરે તક મળી શકે છે. મુલ્ડર બોલિંગ અને બેટિંગ બંનેમાં ટીમ માટે મેચ વિનર સાબિત થઈ શકે છે.

બોલિંગની વાત કરીએ તો, પેસ આક્રમણ ખૂબ જ ઘાતક છે. કેપ્ટન પેટ કમિન્સ સાથે મોહમ્મદ શમી અને હર્ષલ પટેલ છે. આ ત્રણેય કોઈપણ બેટિંગ ઓર્ડરની કરોડરજ્જુ તોડી શકે છે. સ્પિનર ​​રાહુલ ચહર છે. એડમ ઝામ્પાનો વિકલ્પ પણ છે.

સનરાઇઝર્સ હૈદરાબાદની સંભવિત પ્લેઇંગ ઇલેવન - ટ્રેવિસ હેડ, અભિષેક શર્મા, ઇશાન કિશન, નીતિશ કુમાર રેડ્ડી, હેનરિક ક્લાસેન (વિકેટકીપર), અભિનવ મનોહર, વિઆન મુલ્ડર, પેટ કમિન્સ (કેપ્ટન), હર્ષલ પટેલ, મોહમ્મદ શમી અને રાહુલ ચહર.

ઇમ્પેક્ટ પ્લેયર - જયદેવ ઉનડકટ",https://gujarati.abplive.com/sports/ipl/cricket-srh-news-travis-head-abhishek-sharma-open-ishan-kishan-number-3-srh-playing-11-sunrisers-hyderabad-playing-xi-ipl-2025-933211,8,2025-04-01 18:38:37
,,"22 માર્ચથી IPL 2025  શરૂ થવા જઈ રહી છે. ટૂર્નામેન્ટ માટે તમામ 10 ટીમો જોરશોરથી તૈયારી કરી રહી છે. આ સિરીઝમાં મુંબઈ ઈન્ડિયન્સની ટીમ પણ આગામી સિઝનની તૈયારીમાં વ્યસ્ત છે. MI ટીમ 23 માર્ચે ચેન્નાઈ સુપર કિંગ્સ સામે સિઝનની પ્રથમ મેચ રમશે. આ એક બ્લોકબસ્ટર મેચ હોવાની અપેક્ષા છે કારણ કે બંને ટીમો પાસે ઘણા મજબૂત ખેલાડીઓ છે. જોકે, મુંબઈને પ્રથમ મેચમાં જસપ્રિત બુમરાહ અને હાર્દિક પંડ્યા જેવા ખેલાડીઓની કમી મહેસૂસ થશે.  પ્રતિબંધને કારણે હાર્દિક પંડ્યા પ્રથમ મેચ રમી શકશે નહીં, જ્યારે બુમરાહ ઈજાના કારણે પ્રથમ કેટલીક મેચો રમી શકશે નહીં. આવી સ્થિતિમાં આ બે ખેલાડીઓની ગેરહાજરીમાં મુંબઈ ઈન્ડિયન્સની પ્લેઈંગ ઈલેવન કેવી હશે તે એક મોટો પ્રશ્ન છે.

શું હશે મુંબઈ ઈન્ડિયન્સની પ્લેઈંગ ઈલેવન ?

મુંબઈ ઈન્ડિયન્સની ટીમ જ્યારે ચેન્નાઈ સુપર કિંગ્સ સામે સિઝનની પ્રથમ મેચ રમશે ત્યારે ઓપનિંગની જવાબદારી રોહિત શર્મા અને રેયાન રિકલટનના ખભા પર રહેશે. આ પછી મિડલ ઓર્ડરમાં તિલક વર્મા, સૂર્યકુમાર યાદવ આવશે. કારણ કે હાર્દિક પંડ્યા પર એક મેચનો પ્રતિબંધ છે. તેથી તે ચેન્નાઈ સુપર કિંગ્સ સામે નહીં રમે. આવી સ્થિતિમાં ટીમ પાંચમા નંબર પર  બેટ્સમેન વિલ જેક્સને તક આપી શકે છે. જેક્સ આ ટીમ માટે ટ્રમ્પ કાર્ડ સાબિત થઈ શકે છે. તે એવો ખેલાડી છે જે કોઈપણ સમયે પોતાના બેટથી મેચને પલટી શકે છે. હાર્દિકની ગેરહાજરીમાં સૂર્યકુમાર યાદવ કેપ્ટનશિપની જવાબદારી સંભાળી શકે છે.

બોલ્ટ અને ચહર ફાસ્ટ બોલિંગની જવાબદારી સંભાળશે

નમન ધીર ફિનિશરની ભૂમિકા ભજવી શકે છે. તે છઠ્ઠા નંબર પર ઝડપથી રન બનાવવાની ક્ષમતા ધરાવે છે. બોલિંગની વાત કરીએ તો મજીબ ઉર રહેમાન અને કર્ણ શર્માની જોડી સ્પિન ટ્રેક પર એક્શનમાં જોવા મળી શકે છે. તેમની સાથે દીપક ચહર અને ટ્રેન્ટ બોલ્ટ ફાસ્ટ બોલિંગની જવાબદારી સંભાળશે. દક્ષિણ આફ્રિકાના બોલિંગ ઓલરાઉન્ડર કોર્બિન બોશને પણ અંતિમ ઈલેવનમાં સ્થાન મળી શકે છે.

પ્રથમ મેચ માટે મુંબઈ ઈન્ડિયન્સની સંભવિત પ્લેઈંગ ઈલેવન: રોહિત શર્મા, રેયાન રિકેલ્ટન, તિલક વર્મા, સૂર્યકુમાર યાદવ, વિલ જેક્સ/રોબિન મિન્ઝ, નમન ધીર, કોર્બિન બોશ/મિશેલ સેન્ટનર, દીપક ચહર, મુજીબ ઉર રહેમાન, કર્ણ શર્મા, ટ્રેન્ટ બોલ્ટ.

IPL 2025 માટે મુંબઈ ઈન્ડિયન્સની ટીમ

રોહિત શર્મા, સૂર્યકુમાર યાદવ, રોબિન મિન્ઝ, રેયાન રિકેલ્ટન, શ્રીજીત ક્રિશ્નન, બેવોન જેકબ્સ, તિલક વર્મા, હાર્દિક પંડ્યા (કેપ્ટન), નમન ધીર, વિલ જેક્સ, મિશેલ સેન્ટનર, રાજ અંગદ બાવા, વિગ્નેશ પુથુર, ટ્રેન્ટ બોલ્ટ, કર્ણ શર્મા, દીપક ચહર, અશ્વિની કુમાર, રીસ ટોપ્લે, વેંકટા સત્યનારાયણ, અર્જુન તેંડુલકર,  મુજીબ ઉર રહેમાન, જસપ્રીત બુમરાહ, કોર્બીન બોશ",https://gujarati.abplive.com/sports/ipl/ipl-2025-mumbai-indians-mi-predicted-playing-11-for-upcoming-season-2025-933210,8,2025-04-01 18:38:41
,,"IPL 2025: ઈન્ડિયન પ્રીમિયર લીગની 18મી સિઝન શરૂ થવામાં હવે 4 દિવસ બાકી છે. ટુર્નામેન્ટની પહેલી મેચ 22 માર્ચે ડિફેન્ડિંગ ચેમ્પિયન કોલકાતા નાઈટ રાઈડર્સ અને રોયલ ચેલેન્જર્સ બેંગ્લોર વચ્ચે રમાશે. હજુ પણ ઘણા ખેલાડીઓ છે જેમનું રમવું શંકાસ્પદ છે. મયંક યાદવ સહિત 3 બોલર LSGમાં ઇજાઓથી પીડાઈ રહ્યા છે, તેથી ટીમે શાર્દુલ ઠાકુરને વિકલ્પ તરીકે રાખીને પ્રેક્ટિસ શરૂ કરી દીધી છે. અત્યાર સુધીમાં કુલ 5 ખેલાડીઓને IPLમાંથી સત્તાવાર રીતે બહાર કરવામાં આવ્યા છે, જેમાંથી ટીમોએ 4 ખેલાડીઓના સ્થાને ખેલાડીઓની જાહેરાત કરી છે. ચાલો તમને જણાવીએ કે IPL 2025 માં રિપ્લેસમેન્ટ નિયમ શું છે? ટીમો ક્યારે અને કઈ પરિસ્થિતિઓમાં આનો અમલ કરી શકે છે?

એક ખેલાડીની બદલી બાદ પાકિસ્તાનમાં અરાજકતાનો માહોલ છે. હકીકતમાં, મુંબઈ ઇન્ડિયન્સે લિઝાડ વિલિયમ્સ બહાર થયા બાદ તેના સ્થાને કોર્બિન બોશના નામની જાહેરાત કરી હતી. બોશનો પીએસએલ ટીમમાં સમાવેશ કરવામાં આવ્યો હતો પરંતુ આઈપીએલમાં જોડાવાના કારણે તેણે પીએસએલમાંથી પોતાનું નામ પાછું ખેંચવું પડ્યું. આ પછી PCB એ તેમને કાનૂની નોટિસ મોકલી. તમને જણાવી દઈએ કે આ વખતે પીએસએલ આઈપીએલ વિન્ડોમાં જ રમાઈ રહી છે.

આઇપીએલ 2025 માં ખેલાડીના રિપ્લેસમેન્ટનો નિયમ શું છે ? IPL 2025 માં, ટીમોને ખેલાડીઓ બદલવાની થોડી છૂટ મળી છે. હવે ટીમો 12મી લીગ મેચ સુધી ઇજાગ્રસ્ત ખેલાડીઓને બદલી શકે છે. જ્યારે પહેલાની ટીમો ફક્ત 7 મેચ માટે જ પોતાના ખેલાડીઓ બદલી શકતી હતી. આ વખતે તેમાં વધારો કરવામાં આવ્યો છે.

ફક્ત તે જ ખેલાડી રિપ્લેસમેન્ટ બની શકે છે જેનો સિઝન માટે રજિસ્ટર્ડ ઉપલબ્ધ પ્લેયર પૂલમાં સમાવેશ થાય છે. અહીં બીજી વાત એ છે કે રિપ્લેસમેન્ટ ખેલાડીનો પગાર તે ખેલાડી કરતાં વધુ ન હોઈ શકે જેની જગ્યાએ તે ટીમમાં જોડાયો છે. રિપ્લેસમેન્ટ ખેલાડીઓ માટેની લીગ ફી વર્તમાન સિઝન માટે ટીમની પગાર મર્યાદામાં ગણવામાં આવતી નથી. જો બદલાયેલા ખેલાડીનો કરાર આગામી સીઝન સુધી લંબાવવામાં આવે છે, તો તેની ફી પગાર મર્યાદામાં ગણાશે.

આઇપીએલમાંથી બહાર થનારો શું વાપસી કરી શકે છે ?  બીસીસીઆઈ દ્વારા નિયુક્ત કરાયેલા ડૉક્ટરની પુષ્ટિ પછી જ ટીમો ખેલાડીના રિપ્લેસમેન્ટની જાહેરાત કરી શકે છે. ડૉક્ટરે ખાતરી કરવી પડશે કે ખેલાડી સીઝનના અંત સુધી ઈજામાંથી સ્વસ્થ થઈ શકશે નહીં. ઈજાને કારણે બહાર રહેલો ખેલાડી સિઝનમાં આગળ કોઈ મેચ રમી શકશે નહીં.

શું આઇપીએલમાં ટીમ એક મેચ માટે કોઇને સાઇન કરી શકે છે ? બીસીસીઆઈએ ટીમોમાં આંશિક ફેરફારોને મંજૂરી આપી છે. આ ફક્ત અમુક કિસ્સાઓમાં અને વિકેટ કીપર સાથે જ થઈ શકે છે. જોકે, આ માટે કેટલીક શરતો રાખવામાં આવી છે, જેમ કે, જ્યારે કોઈ ટીમના બધા રજિસ્ટર્ડ વિકેટકીપર મેચ માટે ઉપલબ્ધ ન હોય, ત્યારે આવી ટીમ BCCI પાસેથી ખાસ છૂટ માંગી શકે છે. આ સ્થિતિમાં, BCCI ટૂંકા ગાળાના રિપ્લેસમેન્ટ વિકેટ-કીપરને લાવવાનું વિચારી શકે છે.

આ સ્થિતિમાં, એવો પણ નિયમ છે કે જો ઉપલબ્ધ ન હોય તેવા વિકેટકીપરોમાં એક વિદેશી ખેલાડી હોય અને તે ટીમ પાસે 8 વિદેશી ખેલાડીઓનો સંપૂર્ણ ક્વોટા હોય, તો આ સ્થિતિમાં તે તેના સ્થાને કોઈ વિદેશી ખેલાડીની પસંદગી કરી શકતી નથી.",https://gujarati.abplive.com/sports/ipl/player-replacement-news-ipl-what-is-ipl-injured-player-replacement-rules-2025-all-you-want-to-know-933206,8,2025-04-01 18:38:46
,,"Virat Kohli can break Shikhar Dhawan Record: IPLની 18મી આવૃત્તિ 22 માર્ચથી શરૂ થઈ રહી છે. ઈડન ગાર્ડનમાં યોજાનારી IPLની પ્રથમ મેચમાં KKRનો મુકાબલો RCB સામે થશે, જે હજુ પોતાના પ્રથમ ખિતાબની શોધમાં છે. વિરાટ કોહલી પણ પ્રથમ સિઝનથી જ આ ટીમની સાથે છે, જે આ વખતે ટીમને ચેમ્પિયન બનાવવાનો પૂરો પ્રયાસ કરશે. આ સમય દરમિયાન તેની પાસે શિખર ધવનનો મોટો રેકોર્ડ તોડવાની તક હશે.

શિખર ધવનની વાત કરીએ તો તે ગયા વર્ષ સુધી આઈપીએલનો એક ખેલાડી તરીકે ભાગ હતો પરંતુ થોડા સમય પહેલા તેણે ક્રિકેટના તમામ ફોર્મેટમાંથી સંન્યાસ લઈ લીધો છે. હાલમાં, શિખર ધવન એવો બેટ્સમેન છે જેણે IPLમાં સૌથી વધુ ફોર ફટકારી છે, પરંતુ તેનો મોટો રેકોર્ડ વિરાટ કોહલી આ સિઝનમાં જ તોડી શકે છે.

IPLમાં સૌથી વધુ ફોર ફટકારનાર બેટ્સમેન

શિખર ધવન આઈપીએલના ઈતિહાસમાં સૌથી વધુ  ફોર ફટકારનાર બેટ્સમેન છે. તેણે IPLમાં રમાયેલી 222 મેચોમાં રમાયેલી 221 ઇનિંગ્સમાં 768 ફોર ફટકારી  છે.  IPLમાં તેના 6769 રન છે. આ લિસ્ટમાં વિરાટ કોહલી તેની પાછળ બીજા ક્રમે છે, જે IPL 2025માં રમી રહ્યો છે.

વિરાટ કોહલી શિખર ધવનનો રેકોર્ડ તોડી શકે છે

શિખર ધવનનો આ રેકોર્ડ તોડીને RCBનો ખેલાડી વિરાટ કોહલી IPLમાં સૌથી વધુ ફોર મારનાર ખેલાડી બની શકે છે. વિરાટ કોહલી અત્યારે આ યાદીમાં 705 ફોર સાથે બીજા સ્થાને છે. જો તેની પાસે શાનદાર સિઝન હોય તો જ તે ધવનનો રેકોર્ડ તોડી શકે છે. કોહલી ધવનથી 64 ફોર દૂર છે, પરંતુ છેલ્લી સિઝન પર નજર કરીએ તો કોહલી માટે તે મુશ્કેલ નથી.

વિરાટ કોહલીએ IPL 2024માં કુલ 62 ફોર  ફટકારી હતી, તેણે તે સિઝનમાં 741 રન બનાવ્યા હતા. છેલ્લી સિઝન (2023)માં વિરાટ કોહલીએ આખી સિઝનમાં 65 ફોર ફટકારી હતી. એક સિઝનમાં સૌથી વધુ ફોર ફટકારવાની વાત કરીએ તો વિરાટ કોહલીએ 2016માં 83 ફોર ફટકારી હતી.

વિરાટ કોહલીના IPL કરિયરની વાત કરીએ તો તેણે 252 મેચમાં 8004 રન બનાવ્યા છે. તે IPLમાં સૌથી વધુ રન બનાવનાર બેટ્સમેન છે. આઈપીએલની દરેક સિઝનમાં વિરાટ કોહલી ખૂબ જ શાનદાર બેટિંગ કરે છે. ક્રિકેટપ્રેમીઓ તેની બેટિંગને પસંદ કરે છે.",https://gujarati.abplive.com/sports/ipl/ipl-2025-rcb-player-virat-kohli-can-break-shikhar-dhawan-record-of-most-fours-in-ipl-history-by-player-933205,8,2025-04-01 18:38:51
,,"Mahendra Singh Dhoni New Look with E Motorad: સંદીપ રેડ્ડી વાંગા દ્વારા દિગ્દર્શિત ફિલ્મ એનિમલ ખૂબ જ હિટ સાબિત થઈ હતી. આ ફિલ્મમાં જોવા મળેલો રણબીર કપૂરનો લુક ખૂબ વાયરલ થયો હતો. ભારતીય ક્રિકેટ ટીમનો ભૂતપૂર્વ કેપ્ટન મહેન્દ્ર સિંહ ધોની રણબીર કપૂરના જ લુકમાં જોવા મળી રહ્યો છે. સોશિયલ મીડિયા પર એમએસ ધોનીનો એક વીડિયો સામે આવ્યો છે, જેમાં તે ફિલ્મ એનિમલના સંવાદો બોલતો જોવા મળી રહ્યો છે.

My favourite animal is when DHONI remembers who he is 🔥 pic.twitter.com/Jgr3MDO28f

એમએસ ધોની સાયકલ ચલાવતો જોવા મળ્યોએમએસ ધોની ઇ-મોટોરાડ માટે એક જાહેરાત કરતો જોવા મળે છે. આ જાહેરાતમાં ધોની સાથે એનિમલ ફિલ્મ ડિરેક્ટર સંદીપ રેડ્ડી વાંગા પણ જોવા મળે છે. આ જાહેરાતમાં જ ધોની સંદીપ રેડ્ડી વાંગાને કહે છે કે 'હું સાંભળી શકું છું, હું બહેરો નથી'. આ જાહેરાતમાં ધોનીના સંવાદની સાથે તેની સ્ટાઈલ પણ એનિમલના રણવિજય જેવી છે.

E-Motoradની પ્રોડક્ટ્સઇ-મોટોરાડ એક એવી કંપની છે જે ઇલેક્ટ્રિક સાયકલ બનાવે છે, જેમાં રિમૂવેબલ બેટરી હોય છે. આ બ્રાન્ડની ઈ-સાયકલ એક જ ચાર્જિંગમાં 80 કિલોમીટરથી વધુની રેન્જ આપવાનો દાવો કરે છે. આ કંપની પ્રીમિયમ સાયકલ બનાવે છે. આ કંપનીની સાયકલનું નામ ટી-રેક્સ એર (T-Rex Air) છે, જે પાંચ કલર વેરિએન્ટમાં આવે છે. આ ઇલેક્ટ્રિક સાયકલની કિંમત 34,999 રૂપિયા છે. આ બ્રાન્ડનું બીજું મોડેલ T-Rex+ V3 છે, જેની કિંમત 44,999 રૂપિયા છે.

ઇલેક્ટ્રિક સાયકલ એસેસરીઝઇલેક્ટ્રિક સાયકલ બનાવવા ઉપરાંત, ઇ-મોટોરાડ તેનાથી સંબંધિત એસેસરીઝનું પણ ઉત્પાદન કરે છે. તેમાં હેલ્મેટ, પંપ, લોક, લાઇટ, ફેંડર્સ, બેગ, મોબાઇલ હોલ્ડર, સેડલ કવર, કેરિયર અને બોટલ કેજ જેવી એક્સેસરીઝનો સમાવેશ થાય છે. આ બધી વસ્તુઓ પ્રોફેશનલ રાઇડર્સ માટે જરૂરી છે.

ધોની-રૈનાએ ‘દમા દમ મસ્ત કલંદર’ પર લગાવ્યા ઠુમકાં થોડા દિવસ પહેલા ધોની વિકેટ કિપર પંતની બહેનના લગન્માં હાજરી આપવા પહોંચ્યો હતો. લગ્ન સમારોહને લગતા ઘણા વીડિયો સોશિયલ મીડિયા પર વાયરલ થયા હતા, જેમાં મોટા ક્રિકેટ સ્ટાર્સ મસ્તી કરતા જોવા મળ્યા હતા. એક વીડિયોમાં મહેન્દ્ર સિંહ ધોની, સુરેશ રૈના અને ઋષભ પંત પૉપ્યૂલર સૉન્ગ 'દમા દમ મસ્ત કલંદર' પર ડાન્સ કરતા જોવા મળે છે. ચાહકોને આ વીડિયો ખૂબ જ પસંદ આવ્યો હતો.

Rishabh Pant , MS Dhoni & Suresh Raina dancing together 🕺🕺😂😂 pic.twitter.com/b03FSVUvGv",https://gujarati.abplive.com/sports/cricket/mahendra-singh-dhoni-new-look-viral-copied-ranbir-kapoor-animal-look-with-e-motorad-cycle-with-sandeep-reddy-vanga-933199,8,2025-04-01 18:38:55
,,"IPL Umpire Salary Per Match: ઇન્ડિયન પ્રીમિયર લીગની 18મી સિઝન ખૂબ જ ટૂંક સમયમાં શરૂ થવા જઈ રહી છે. આ સિઝનમાં 6 ખેલાડીઓ એવા હશે જેમને 20 કરોડ રૂપિયા કે તેથી વધુ પગાર મળશે. લખનઉ સુપર જાયન્ટ્સે આ વખતે ઋષભ પંતને 27 કરોડ રૂપિયામાં ખરીદીને બધા રેકોર્ડ તોડી નાખ્યા, જેનાથી તે IPL ઇતિહાસનો સૌથી મોંઘો ખેલાડી બન્યો. પરંતુ મેચ દરમિયાન એમ્પાયર પણ ખૂબ જ મહત્વપૂર્ણ ભૂમિકા ભજવે છે, તેમને એમ્પાયરિંગ માટે કેટલા પૈસા મળે છે? અહીં તમને આ પ્રશ્નનો જવાબ મળશે.

IPL એમ્પાયરોને કેટલી સેલેરી મળે છે ? IPLમાં બધા એમ્પાયરોનો પગાર સરખો નથી હોતો. તેમનો પગાર એમ્પાયર પાસે કેટલો અનુભવ છે, તે કેવા પ્રકારની મેચ છે (નૉકઆઉટ કે લીગ સ્ટેજ) તેના પર આધાર રાખે છે, નવા અને જૂના એમ્પાયરોના પગારમાં પણ મોટો તફાવત છે. અનિલ ચૌધરી સૌથી પ્રખ્યાત IPL એમ્પાયરોમાંના એક છે, તેમને 100 થી વધુ મેચોમાં એમ્પાયરિંગનો અનુભવ છે. કેટલાક મીડિયા રિપોર્ટ્સ અનુસાર, તેને દરેક મેચ માટે 1,98,000 રૂપિયાનો પગાર મળે છે. નીતિન મેનન, બ્રૂસ ઓક્સનફોર્ડ સહિત ઘણા પ્રખ્યાત એમ્પાયરોને દરેક મેચ માટે 1.98 લાખ રૂપિયા મળે છે.

ઓછા અનુભવી એમ્પાયરોને દરેક મેચ માટે 59,000 રૂપિયા મળે છે, ભારતીય એમ્પાયર વીરેન્દ્ર શર્મા પણ આ યાદીમાં છે. એવું કહેવાય છે કે ઈન્ડિયન પ્રીમિયર લીગમાં એક સિઝન માટે અમ્પાયરિંગ માટે 7,33,000 રૂપિયા સુધી કમાઈ શકે છે. તમને જણાવી દઈએ કે પ્રખ્યાત એમ્પાયરો પણ સ્પોન્સરશિપ ડીલમાંથી ઘણી કમાણી કરે છે. જ્યારે પ્લેઓફ મેચો દરમિયાન એમ્પાયરોને ફક્ત બૉનસ મળે છે. IPL 2025 ની પહેલી મેચ 22 માર્ચે KKR અને RCB વચ્ચે રમાઈ હતી. પ્રથમ દિવસે ફક્ત એક જ મેચ રમાશે.",https://gujarati.abplive.com/sports/ipl/how-much-umpires-earn-in-one-season-indian-premier-league-ipl-umpire-salary-per-match-933191,8,2025-04-01 18:38:58
,,"Zakir Naik-Nawaz Sharif Meeting: ભાગેડુ ઇસ્લામિક ઉપદેશક ઝાકિર નાઈકની પાકિસ્તાનના ભૂતપૂર્વ વડાપ્રધાન નવાઝ શરીફ અને ક્રિકેટર મોહમ્મદ હાફીઝ સાથેની મુલાકાતે વિવાદ ઉભો કર્યો છે. એક્સપ્રેસ ટ્રિબ્યુનના અહેવાલ મુજબ, નાઈકે શરીફ પરિવારને રાયવિંડ સ્થિત તેમના નિવાસસ્થાને મળ્યા હતા પરંતુ વાતચીત અંગે કોઈ સત્તાવાર નિવેદન જાહેર કરવામાં આવ્યું નથી. બીજીતરફ, ઝાકિર નાઈક સાથેની મુલાકાતની તસવીરો સોશિયલ મીડિયા પર શેર કર્યા બાદ મોહમ્મદ હાફીઝને ભારે ટીકાનો સામનો કરવો પડ્યો છે.

એક્સપ્રેસ ટ્રિબ્યુન અનુસાર, નવાઝ શરીફ અને ઝાકિર નાઈક વચ્ચેની મુલાકાતમાં અનેક મુદ્દાઓ પર ચર્ચા થઈ હોવાના અહેવાલ છે. જોકે, કોઈ સત્તાવાર માહિતી આપવામાં આવી નથી. ઝાકિર નાઈક ભારતમાં મની લોન્ડરિંગ અને ઉગ્રવાદને ભડકાવવાના આરોપસર વોન્ટેડ છે. તેમની તાજેતરની મુલાકાત પાકિસ્તાનના રાજકારણ અને આંતરરાષ્ટ્રીય સંબંધોમાં એક સંવેદનશીલ મુદ્દો બની ગઈ છે.

મોહમ્મદ હાફિઝ અને ઝાકિર નાઇકઃ સોશ્યલ મીડિયા પર નિંદાઝાકિર નાઈક સાથેની મુલાકાતની તસવીરો શેર કરતા મોહમ્મદ હાફીઝે કહ્યું, ""ઝાકિર નાઈકને મળીને આનંદ થયો."" આ પોસ્ટ પછી, સોશિયલ મીડિયા પર ખાસ કરીને ભારતીય નાગરિકો તરફથી, તીવ્ર પ્રતિક્રિયાઓ આવી. ઘણા લોકોએ આ બેઠકની નિંદા કરી અને તેને ભારત-પાકિસ્તાન ક્રિકેટ સંબંધો સાથે જોડીને કહ્યું કે આવા વાતાવરણમાં ભારત પાકિસ્તાનમાં રમવા માટે તૈયાર ન હોઈ શકે.

Nawaz sharif meets doctor Zakir naik. pic.twitter.com/MDbYbL8GQ9

ભારત-પાકિસ્તાન ક્રિકેટ પર અસર આ વિવાદે ફરી એકવાર ભારત દ્વારા ICC ચેમ્પિયન્સ ટ્રૉફી 2025 માટે પાકિસ્તાનમાં રમવાનો ઇનકાર કરવાની ચર્ચાઓને વેગ આપ્યો છે. એક સોશિયલ મીડિયા યુઝરે લખ્યું, ""જ્યારે તમે એક નિયુક્ત આતંકવાદીનું સ્વાગત કરશો ત્યારે ભારત પાકિસ્તાનમાં કેવી રીતે રમશે?"" આ મુદ્દો ભારત અને પાકિસ્તાન વચ્ચે પહેલાથી જ તણાવગ્રસ્ત ક્રિકેટ સંબંધોને વધુ ખરાબ કરી શકે છે.

ઝાકિર નાઇક પર લાગ્યો આરોપ ઝાકિર નાઈક પર ભારતમાં મની લોન્ડરિંગ અને ઉગ્રવાદને પ્રોત્સાહન આપવાનો આરોપ છે. ભારતીય અધિકારીઓ તેને શોધી રહ્યા છે. અને આ કારણે, પાકિસ્તાનમાં તેમનું રોકાણ ભારત-પાકિસ્તાન સંબંધોને વધુ તણાવપૂર્ણ બનાવી રહ્યું છે. આ વિવાદ માત્ર રાજકારણમાં જ નહીં પણ રમતગમતની દુનિયામાં પણ એક મહત્વપૂર્ણ મુદ્દો બની ગયો છે.

ICC ચેમ્પિયન્સ ટ્રૉફી 2025 ને લઇને વિવાદ ઝાકિર નાઈકની નવાઝ શરીફ અને મોહમ્મદ હાફીઝ સાથેની મુલાકાતે વિવાદોને જન્મ આપ્યો છે, જે ભારત-પાકિસ્તાન ક્રિકેટના ભવિષ્યને અસર કરી શકે છે. આ મુદ્દો હવે ICC ચેમ્પિયન્સ ટ્રોફી 2025 અંગે પહેલાથી ચાલી રહેલા વિવાદને વધુ ઘેરો બનાવી શકે છે, અને આ અંગે બંને દેશો વચ્ચે વાતચીતની શક્યતાઓને પણ અસર કરી શકે છે.",https://gujarati.abplive.com/sports/cricket/mohammad-hafeez-news-zakir-naik-meeting-with-pakistan-former-pm-nawaz-sharif-and-cricketer-mohammad-hafiz-know-why-933177,8,2025-04-01 18:39:03
,,"Rishabh Pant Imitate Sunil Gavaskar: ક્રિકેટની સૌથી મોટી T20 લીગ, ઇન્ડિયન પ્રીમિયર લીગની 18મી આવૃત્તિ શરૂ થવામાં હવે માત્ર 4 દિવસ બાકી છે. આઈપીએલની પહેલી મેચ 22 માર્ચે રમાશે. IPL શરૂ થાય તે પહેલાં તમામ 10 ટીમોના કેપ્ટન BCCI મુખ્યાલયમાં મળશે. આ પહેલા લખનૌ સુપર જાયન્ટ્સના કેપ્ટન ઋષભ પંતનો એક વીડિયો સોશિયલ મીડિયા પર વાયરલ થઈ રહ્યો છે. વીડિયોમાં, પંત ગુસ્સાથી કોઈને સ્ટુપિડ, સ્ટુપિડ, સ્ટુપિડ કહીને ઠપકો આપતો જોવા મળે છે.

ઋષભ પંતે ઉતારી સુનિલ ગાવસ્કરની નકલ ઋષભ પંતનો 'સ્ટુપિડ, સ્ટુપિડ, સ્ટુપિડ' કહેતો વીડિયો IPL પહેલાના એક જાહેરાતના શૂટિંગનો છે. તે કોઈ પર ગુસ્સે નથી થતો. તે દિગ્ગજ સુનીલ ગાવસ્કરનું અનુકરણ કરી રહ્યો છે. તમને યાદ અપાવીએ કે ઓસ્ટ્રેલિયા પ્રવાસ પર ચોથી ટેસ્ટના ત્રીજા દિવસે, તે એક બેજવાબદાર શોટ રમીને આઉટ થયો હતો. આ પછી, કોમેન્ટ્રી કરી રહેલા સુનીલ ગાવસ્કરે સ્ટુપિડ, સ્ટુપિડ, સ્ટુપિડ કહીને પોતાનો ગુસ્સો વ્યક્ત કર્યો.

🤣🤣 pic.twitter.com/BwzIMv1gQJ

લખનઉ સુપર જાયન્ટ્સે હરાજીમાં ઋષભ પંતને 27 કરોડ રૂપિયાની મોટી રકમમાં ખરીદ્યો હતો. તેમણે ટીમની કમાન પંતને સોંપી છે, જે અગાઉ દિલ્હી કેપિટલ્સનું નેતૃત્વ કરી ચૂક્યા છે.

લખનઉ સુપર જાયન્ટ્સ સ્ક્વૉડ 2025 ઋષભ પંત (કેપ્ટન), નિકોલસ પૂરન, રવિ બિશ્નોઈ, મયંક યાદવ, આયુષ બદોની, ડેવિડ મિલર, એડન માર્કરમ, મિશેલ માર્શ, અવેશ ખાન, અબ્દુલ સમદ, આર્યન જુયાલ, આકાશ દીપ, હિંમત સિંહ, મણિમારન ​​સિદ્ધાર્થ, દિગ્વેશ સિંહ, શાહબાઝ અહેમદ, આકાશ સિંહ, શમર જોસેફ, પ્રિન્સ યાદવ, યુવરાજ ચૌધરી, આરએસ હંગરગેકર, અર્શીન કુલકર્ણી, મેથ્યુ બ્રીટ્ઝકે, મોહસીન ખાન.

લખનઉ સુપર જાયન્ટ્સ ટીમ શિડ્યૂલ - ૨૪ માર્ચ - વિરૂદ્ધ દિલ્હી કેપિટલ્સ (૭:૩૦) - વિશાખાપટ્ટનમ૨૭ માર્ચ - વિરૂદ્ધ સનરાઇઝર્સ હૈદરાબાદ (૭:૩૦) - હૈદરાબાદ૧ એપ્રિલ - વિરૂદ્ધ પંજાબ કિંગ્સ (૭:૩૦)- લખનઉ૪ એપ્રિલ - વિરૂદ્ધ મુંબઈ ઈન્ડિયન્સ (૭:૩૦)- લખનઉ૬ એપ્રિલ - વિરૂદ્ધ કોલકાતા નાઈટ રાઈડર્સ (૩:૩૦) - ઈડન ગાર્ડન્સ૧૨ એપ્રિલ - વિરૂદ્ધ ગુજરાત ટાઇટન્સ (૩:૩૦)- લખનઉ૧૪ એપ્રિલ - વિરૂદ્ધ ચેન્નઈ સુપર કિંગ્સ (૭:૩૦)- લખનઉ૧૯ એપ્રિલ - વિરૂદ્ધ રાજસ્થાન રોયલ્સ (૭:૩૦)- જયપુર૨૨ એપ્રિલ - વિરૂદ્ધ દિલ્હી કેપિટલ્સ (૭:૩૦)- લખનઉ૨૭ એપ્રિલ - વિરૂદ્ધ મુંબઈ ઈન્ડિયન્સ (૩:૩૦)- મુંબઈ૪ મે - વિરૂદ્ધ પંજાબ કિંગ્સ (૭:૩૦)- ધર્મશાલા૯ મે - વિરૂદ્ધ રોયલ ચેલેન્જર્સ બેંગ્લોર (૭:૩૦) - લખનઉ૧૪ મે - વિરૂદ્ધ ગુજરાત ટાઇટન્સ (૭:૩૦)- અમદાવાદ૧૮ મે - વિરૂદ્ધ સનરાઇઝર્સ હૈદરાબાદ (૭:૩૦)- લખનઉ",https://gujarati.abplive.com/sports/ipl/video-viral-news-lsg-captain-rishabh-pant-omitted-to-sunil-gavaskar-stupid-video-before-ipl-2025-933162,8,2025-04-01 18:39:14
,,"BCCI meeting March 20: ઈન્ડિયન પ્રીમિયર લીગ (IPL)ની 2025મી સીઝનની શરૂઆતને હવે ગણતરીના દિવસો જ બાકી છે, ત્યારે ભારતીય ક્રિકેટ કંટ્રોલ બોર્ડ (BCCI)એ આગામી ટૂર્નામેન્ટને લઈને તૈયારીઓ તેજ કરી દીધી છે. આ ક્રમમાં, BCCI દ્વારા એક મહત્વપૂર્ણ નિર્ણય લેવામાં આવ્યો છે. આગામી સિઝનની શરૂઆત પહેલાં BCCIએ આગામી 20 માર્ચે મુંબઈમાં એક મોટી બેઠકનું આયોજન કર્યું છે, જેમાં તમામ ફ્રેન્ચાઇઝી ટીમના કેપ્ટનોની હાજરી ફરજિયાત રહેશે. આ ઉપરાંત, IPL ટ્રોફી સાથે તમામ કેપ્ટનોનું પરંપરાગત ફોટોશૂટ પણ આ વખતે મુંબઈમાં જ યોજાશે, જે સામાન્ય રીતે પ્રથમ મેચના સ્થળે થાય છે.

BCCI દ્વારા IPLની નવી સીઝનને વધુ રોમાંચક અને સફળ બનાવવા માટે તૈયારીઓ પૂરજોશમાં ચાલી રહી છે. તમામ દસ ટીમોના ખેલાડીઓ માટે પ્રી-સિઝન કેમ્પ શરૂ થઈ ગયા છે અને મોટાભાગના ખેલાડીઓ પોતાની ટીમ સાથે જોડાઈ રહ્યા છે. આ દરમિયાન, BCCIએ IPL 2025ની પ્રથમ મેચના બે દિવસ પહેલાં એટલે કે 20 માર્ચે મુંબઈમાં એક મહત્વપૂર્ણ બેઠક બોલાવી છે. ક્રિકબઝના અહેવાલ અનુસાર, મુંબઈના ક્રિકેટ સેન્ટરમાં યોજાનારી આ બેઠકમાં તમામ 10 ટીમના કેપ્ટનો હાજર રહેશે. આ બેઠક લગભગ એક કલાક સુધી ચાલશે, જેમાં BCCIના અધિકારીઓ દ્વારા ટીમોના કેપ્ટનોને આગામી સિઝનના કેટલાક નવા નિયમો, માર્ગદર્શિકા અને સંભવિત ફેરફારો વિશે માહિતી આપવામાં આવી શકે છે. આ બેઠક IPL 2025ની રૂપરેખા અને વ્યૂહરચના નક્કી કરવામાં મહત્વની ભૂમિકા ભજવશે.

સામાન્ય રીતે IPLની પ્રથમ મેચ જ્યાં રમાતી હોય છે, ત્યાં જ ટ્રોફી સાથે તમામ કેપ્ટનોનું ભવ્ય ફોટોશૂટ યોજાય છે. આ ફોટોશૂટ IPLની શરૂઆત પહેલાં એક પરંપરા બની ગઈ છે, જે ટૂર્નામેન્ટની ઉત્સુકતામાં વધારો કરે છે. પરંતુ આ વખતે BCCIએ આ પરંપરામાં ફેરફાર કર્યો છે. IPL 2025ની પ્રથમ મેચ 22 માર્ચે કોલકાતાના ઈડન ગાર્ડન્સમાં રમાશે, તેમ છતાં ટ્રોફી સાથેનું ફોટોશૂટ 20 માર્ચે મુંબઈમાં જ યોજાશે. માનવામાં આવે છે કે BCCIએ લોજિસ્ટિક કારણો અથવા મુંબઈને પ્રી-ટૂર્નામેન્ટ પ્રવૃત્તિઓનું કેન્દ્ર બનાવવાના હેતુથી આ નિર્ણય લીધો હોઈ શકે છે. આ કાર્યક્રમમાં હાજરી આપ્યા બાદ તમામ કેપ્ટન 21મી માર્ચે પોતાની ટીમ સાથે જોડાવા માટે જે તે સ્થળે રવાના થશે, જેથી તેઓ પ્રથમ મેચ માટે તૈયારી કરી શકે.

આ વખતે IPLમાં તમામ ટીમોએ પોતાના કેપ્ટનની જાહેરાત કરી દીધી છે. રસપ્રદ વાત એ છે કે સનરાઇઝર્સ હૈદરાબાદ સિવાય બાકીની તમામ આઠ ટીમોના કેપ્ટન ભારતીય ખેલાડીઓ છે, જે ભારતીય ક્રિકેટ માટે એક સારો સંકેત છે. હૈદરાબાદે અનુભવી ઓસ્ટ્રેલિયન ફાસ્ટ બોલર પેટ કમિન્સને ટીમની કમાન સોંપી છે અને તે આ સિઝનમાં એકમાત્ર વિદેશી કેપ્ટન હશે. પેટ કમિન્સ પણ રવિવારે જ પોતાની ટીમ સાથે જોડાયો હતો અને તે પણ 20 માર્ચની મુંબઈમાં યોજાનારી કેપ્ટનોની મહત્વપૂર્ણ બેઠકમાં હાજર રહેશે. હવે ક્રિકેટ ચાહકો એ જોવા માટે ઉત્સુક છે કે તમામ ટીમોના કેપ્ટન મેદાનમાં પોતાની ટીમને કેવી રીતે લીડ કરે છે અને કોણ IPL 2025ની પ્રતિષ્ઠિત ટ્રોફી પોતાના નામે કરે છે. આ બેઠક IPL 2025 માટેનો માહોલ બનાવવામાં અને ટૂર્નામેન્ટની શરૂઆતને વધુ યાદગાર બનાવવામાં મદદરૂપ થશે.",https://gujarati.abplive.com/sports/cricket/bcci-calls-crucial-meeting-with-all-captains-on-march-20-in-mumbai-933145,8,2025-04-01 18:39:22
,,"ઇન્ડિયન પ્રીમિયર લીગ (IPL) 2025ની શરૂઆત થવામાં હવે ગણતરીના દિવસો જ બાકી છે, ત્યારે એક મોટા સમાચાર સામે આવ્યા છે. ટૂર્નામેન્ટની 18મી સીઝન શરૂ થવાના માત્ર પાંચ દિવસ પહેલાં ભૂતપૂર્વ ચેમ્પિયન ગુજરાત ટાઇટન્સ વેચાઈ ગઈ છે. ગુજરાતના જાણીતા ટોરેન્ટ ગ્રુપે સોમવારે, 17 માર્ચે ગુજરાત ટાઇટન્સનું અધિગ્રહણ પૂર્ણ કર્યું છે.

ગુજરાત ટાઇટન્સ 2021માં IPLમાં સામેલ થઈ હતી અને ત્યારબાદ CVC કેપિટલ્સે તેને રૂ. 5600 કરોડમાં ખરીદી હતી. ટીમે 2022માં પોતાની પ્રથમ સિઝનમાં જ હાર્દિક પંડ્યાની કપ્તાની હેઠળ ખિતાબ જીતીને સૌને ચોંકાવી દીધા હતા. ત્યારબાદ ગત સિઝનમાં પણ ટીમ ફાઇનલમાં પહોંચી હતી.

ન્યૂઝ એજન્સી પીટીઆઈના અહેવાલ અનુસાર, અમદાવાદ સ્થિત ટોરેન્ટ ગ્રુપ, જે પાવર અને ફાર્મા ક્ષેત્રે ભારતની અગ્રણી કંપનીઓમાંની એક છે, તેણે સોમવારે ફ્રેન્ચાઇઝીનું સંપાદન પૂર્ણ કરવાની જાહેરાત કરી હતી. જો કે, ટોરેન્ટ ગ્રુપે ફ્રેન્ચાઇઝીમાં સંપૂર્ણ 100 ટકા હિસ્સો ખરીદ્યો નથી. રિપોર્ટ મુજબ, CVC કેપિટલ્સની પેટાકંપની ઇરેલિયા સ્પોર્ટ્સ ઇન્ડિયા પ્રાઇવેટ લિમિટેડ આ ફ્રેન્ચાઇઝીનું સંચાલન કરી રહી હતી. હવે ટોરેન્ટ ગ્રુપે તેના 67 ટકા હિસ્સાની ખરીદી કરીને ફ્રેન્ચાઇઝી પર નિયંત્રણ મેળવ્યું છે.

આ ડીલની રકમનો સત્તાવાર ખુલાસો કરવામાં આવ્યો નથી. જો કે, મનીકંટ્રોલના એક રિપોર્ટ અનુસાર ગુજરાત ટાઇટન્સનું વર્તમાન મૂલ્ય આશરે રૂ. 7500 કરોડ હોવાનો અંદાજ છે. આ સ્થિતિમાં ટોરેન્ટ ગ્રુપે લગભગ રૂ. 5025 કરોડ ચૂકવીને આ હિસ્સો ખરીદ્યો હોઈ શકે છે. CVC કેપિટલ હજુ પણ ફર્મમાં 33 ટકા હિસ્સો ધરાવશે.

ઉલ્લેખનીય છે કે 2021માં BCCI દ્વારા આયોજિત ઈ-ઓક્શનમાં CVC કેપિટલ્સે અમદાવાદ ફ્રેન્ચાઈઝી માટે સૌથી વધુ બોલી લગાવી હતી. કંપનીએ રૂ. 5625 કરોડની બોલી લગાવીને આ ફ્રેન્ચાઈઝી હસ્તગત કરી હતી અને તે IPLના ઈતિહાસમાં બીજી સૌથી મોંઘી ફ્રેન્ચાઈઝી બની હતી. લખનૌની ફ્રેન્ચાઈઝીને ગોએન્કા ગ્રુપે 7 હજાર કરોડ રૂપિયાથી વધુની બોલી સાથે ખરીદી હતી, જે સૌથી મોંઘી ફ્રેન્ચાઈઝી સાબિત થઈ હતી.

ટોરેન્ટ ગ્રુપે આ ડીલ અંગેના કરારની જાહેરાત 12 ફેબ્રુઆરીના રોજ કરી હતી. જ્યાં સુધી ટીમની વાત છે, માલિકીમાં ફેરફારની આ સિઝનમાં ટીમના મેનેજમેન્ટ પર કોઈ અસર થશે નહીં. ટીમની કમાન હજુ પણ શુભમન ગિલના હાથમાં છે, જે ગત સિઝનમાં ટીમનો કેપ્ટન બન્યો હતો. મુખ્ય કોચ તરીકે આશિષ નેહરા અને ક્રિકેટ ડિરેક્ટર તરીકે વિક્રમ સોલંકી પણ યથાવત રહેશે. આમ, ગુજરાત ટાઇટન્સ નવી માલિકી હેઠળ પણ પોતાના જૂના જોશ અને જુસ્સા સાથે IPL 2025માં ઉતરશે.",https://gujarati.abplive.com/sports/cricket/ipl-2025-torrent-group-acquires-gujarat-titans-from-cvc-capitals-shubman-gill-s-team-933125,8,2025-04-01 18:39:27
,,"Cricketer died while playing: દક્ષિણ ઓસ્ટ્રેલિયામાં રમાઈ રહેલી ક્લબ ક્રિકેટ મેચ દરમિયાન ભારે ગરમીને કારણે પાકિસ્તાની મૂળના ખેલાડી જૂનૈદ ઝફર જમીન ઢળી પડ્યો હતો. તેમને તાત્કાલિક હૉસ્પિટલ લઈ જવામાં આવ્યા પરંતુ તેમને બચાવી શકાયા નહીં. આ દુ:ખદ ઘટના એડિલેડના કોનકોર્ડિયા કૉલેજ ઓવલમાં રમાયેલી મેચ દરમિયાન બની હતી.

ઓસ્ટ્રેલિયન મીડિયા રિપોર્ટ્સમાં જણાવાયું છે કે કોનકોર્ડિયા કોલેજમાં ભારે ગરમીમાં મેચ રમાઈ રહી હતી. જૂનૈદ ઝફર ઓલ્ડ કોનકોર્ડિયન્સ તરફથી રમી રહ્યો હતો. હવામાન અહેવાલ મુજબ, પ્રિન્સ આલ્ફ્રેડ ઓલ્ડ કોલેજિયન્સ સામેની આ મેચ દરમિયાન તાપમાન 40 ડિગ્રી સેલ્સિયસથી વધુ હતું. ૪૦ વર્ષીય જુનૈદ ઝફર સાંજે ૪ વાગ્યે બેટિંગ કરતી વખતે અચાનક પીચ પર પડી ગયા.

તે મેદાન પર બેભાન થઈ ગયા પછી, અન્ય ખેલાડીઓ અને સ્ટાફ તેને એમ્બ્યૂલન્સ દ્વારા હૉસ્પિટલ લઈ ગયા. મેડિકલ ટીમે તેમને CPR આપ્યા પણ તેમને બચાવી શકાયા નહીં. આ સમયે જુનૈદ ૩૭ બોલમાં ૧૬ રન બનાવીને રમી રહ્યો હતો.

Deeply saddened by the tragic passing of young Pakistani-Australian Junaid Zafar Khan while playing cricket. May Allah SWT rest him in eternal peace and give strength to his family in this difficult time. Indeed, to Allah SWT we belong, and to Him we all shall return. pic.twitter.com/84o0zxXU30

અસહ્ય ગરમી બની જૂનૈદના મોતનું કારણ ઓસ્ટ્રેલિયન મીડિયા રિપોર્ટ્સમાં કહેવામાં આવ્યું છે કે આ મેચ દરમિયાન તાપમાન 40 ડિગ્રી સેલ્સિયસથી વધુ હતું. જૂનૈદે પહેલી 40 ઓવર ફિલ્ડિંગ કરી અને પછી બેટિંગ કરવા આવ્યો. જુનૈદ પાકિસ્તાનનો છે પણ રોજગારની શોધમાં 2013 માં ઓસ્ટ્રેલિયાના એડિલેડ આવ્યો હતો.

ક્લબે વ્યક્ત કર્યો શોક ક્રિકેટ ક્લબે ક્રિકેટરના મૃત્યુ પર શોક વ્યક્ત કર્યો. તેમણે પોતાના નિવેદનમાં કહ્યું કે જુનૈદ ઝફરના મૃત્યુથી તેઓ ખૂબ જ દુઃખી છે. તબીબી ટીમે તેમને બચાવવા માટે શ્રેષ્ઠ પ્રયાસો કર્યા પરંતુ કમનસીબે તેમને બચાવી શકાયા નહીં. તેમના પરિવાર અને મિત્રો પ્રત્યે સંવેદના.",https://gujarati.abplive.com/sports/cricket/cricketer-death-news-heartbreak-as-pakistani-origin-cricketer-collapses-and-dies-while-playing-in-scorching-adelaide-heat-933100,8,2025-04-01 18:39:33
,,,https://gujarati.abplive.com/photo-gallery/sports/ipl-ipl-wicketkeeper-news-kl-rahul-to-rishabh-pant-five-dangerous-wicketkeeper-batsman-in-ipl-2025-sanju-samson-heinrich-klaasen-933105,8,2025-04-01 18:39:36
,,"પાકિસ્તાન ક્રિકેટ બોર્ડ (PCB) માટે ચેમ્પિયન્સ ટ્રોફી 2025ની યજમાની અત્યંત ખર્ચાળ સાબિત થઈ છે. 29 વર્ષની લાંબી રાહ બાદ આઈસીસી ટૂર્નામેન્ટના હોસ્ટિંગ અધિકારો મેળવ્યા પછી પણ પાકિસ્તાનને આ ટૂર્નામેન્ટના કારણે 739 કરોડ રૂપિયાનું જંગી નુકસાન થયું છે. આ નુકસાનમાં ભારતીય ક્રિકેટ ટીમનું પાકિસ્તાન ન આવવાનું અને વરસાદને કારણે મેચો રદ થવાનું મુખ્ય કારણ છે.

પાકિસ્તાન ક્રિકેટ બોર્ડે ચેમ્પિયન્સ ટ્રોફીની તૈયારીઓ માટે આશરે 869 કરોડ રૂપિયાનો ખર્ચ કર્યો હતો. પીસીબીને આશા હતી કે આ ટૂર્નામેન્ટથી તેમને મોટો ફાયદો થશે, પરંતુ ભારતીય ક્રિકેટ કંટ્રોલ બોર્ડ (BCCI) દ્વારા સુરક્ષા કારણોસર તેની ટીમને પાકિસ્તાન મોકલવાનો ઇનકાર કર્યા બાદ પરિસ્થિતિ બદલાઈ ગઈ. જેના પરિણામે, આઈસીસી દ્વારા હાઇબ્રિડ મોડેલ અપનાવવામાં આવ્યું અને ભારતની પાંચ મહત્વની મેચો પાકિસ્તાનને બદલે દુબઈમાં યોજવામાં આવી.

ટીમ ઈન્ડિયાની મેચો પાકિસ્તાનમાં રમાઈ હોત તો પીસીબીને ટિકિટ વેચાણ અને હોસ્ટિંગ ફી દ્વારા મોટી આવક થવાની સંભાવના હતી, પરંતુ ભારતના દુબઈમાં રમવાના નિર્ણયથી આ શક્યતા પૂરી થઈ ગઈ. આ ઉપરાંત, પાકિસ્તાનમાં રમાયેલી 10 મેચોમાંથી ત્રણ મેચો વરસાદના કારણે ધોવાઈ ગઈ હતી, જેના કારણે પીસીબીએ ટિકિટના પૈસા પણ દર્શકોને પરત કરવા પડ્યા હતા.

'ધ ટેલિગ્રાફ'માં પ્રકાશિત થયેલા એક અહેવાલ અનુસાર, પાકિસ્તાન ક્રિકેટ બોર્ડે રાવલપિંડી, કરાચી અને લાહોરના ક્રિકેટ મેદાનને આધુનિક બનાવવા માટે 560 કરોડ રૂપિયાનો ખર્ચ કર્યો હતો, જે તેમના મૂળ બજેટ કરતાં 50 ટકા વધારે હતો. આ સિવાય ટૂર્નામેન્ટની અન્ય તૈયારીઓ પાછળ પણ 347 કરોડ રૂપિયા ખર્ચવામાં આવ્યા હતા. આટલો મોટો ખર્ચ કર્યા પછી પીસીબીને ટિકિટ વેચાણ અને હોસ્ટિંગ ફી દ્વારા માત્ર 52 કરોડ રૂપિયાની જ આવક થઈ શકી. આમ, પાકિસ્તાન ક્રિકેટ બોર્ડને કુલ 739 કરોડ રૂપિયાનું ભારે નુકસાન થયું છે.

હવે પાકિસ્તાન ક્રિકેટ બોર્ડ આંગી રહેલા આર્થિક સંકટમાંથી બહાર નીકળવા માટે ખેલાડીઓના ખિસ્સામાંથી પૈસા કાઢવાની ફરજ પડી છે. બોર્ડે તાજેતરમાં જ સ્થાનિક ખેલાડીઓની મેચ ફીમાં 90 ટકાનો જંગી ઘટાડો કર્યો છે. એટલું જ નહીં, રિઝર્વ ખેલાડીઓને પણ હવે તેમની જૂની રકમના માત્ર 12.50 ટકા જ ચૂકવવામાં આવશે. પીસીબીના આ નિર્ણયથી પાકિસ્તાનના સ્થાનિક ક્રિકેટરોમાં ભારે નારાજગી જોવા મળી રહી છે. ચેમ્પિયન્સ ટ્રોફીની યજમાની પાકિસ્તાન માટે નાણાકીય રીતે ખૂબ જ નિરાશાજનક સાબિત થઈ છે.",https://gujarati.abplive.com/sports/cricket/pcb-suffers-huge-739-crore-loss-in-champions-trophy-2025-933095,8,2025-04-01 18:39:40
,,"Adam Gilchrist All Time IPL XI: IPL સિઝન શરૂ થવામાં હવે બહુ સમય બાકી નથી. આ પહેલા ઓસ્ટ્રેલિયાના દિગ્ગજ વિકેટકીપર બેટ્સમેન એડમ ગિલક્રિસ્ટે પોતાની સર્વકાલીન શ્રેષ્ઠ IPL XI પસંદ કરી હતી. એડમ ગિલક્રિસ્ટે પોતાની પ્લેઇંગ ઇલેવનમાં 7 ભારતીય ખેલાડીઓનો સમાવેશ કર્યો છે. અફઘાનિસ્તાનના સ્પિનર ​​રાશિદ ખાનને 12મા ખેલાડી તરીકે પસંદ કરવામાં આવ્યો છે, પરંતુ તેણે કોઈ ઓસ્ટ્રેલિયન ખેલાડીની પસંદગી કરી નથી. એડમ ગિલક્રિસ્ટે ઓપનિંગ માટે ક્રિસ ગેલ અને રોહિત શર્માની પસંદગી કરી છે. આ ઉપરાંત વિરાટ કોહલીને ત્રીજા નંબર પર રાખવામાં આવ્યો છે.

એડમ ગિલક્રિસ્ટે આ ખેલાડીઓને આપી જગ્યા આ ખેલાડીઓ પછી, એડમ ગિલક્રિસ્ટે ચોથા સ્થાન માટે સુરેશ રૈનાની પસંદગી કરી છે. જ્યારે દક્ષિણ આફ્રિકાના દિગ્ગજ એબી ડી વિલિયર્સને પાંચમા ક્રમે રાખવામાં આવ્યા છે. આ ઉપરાંત, મહેન્દ્ર સિંહ ધોનીને વિકેટકીપર તરીકે પસંદ કરવામાં આવ્યા છે. ઉપરાંત, ઓલરાઉન્ડર તરીકે, રવિન્દ્ર જાડેજા અને ડ્વેન બ્રાવોને તેના ઓલ-ટાઇમ ઇલેવનમાં સામેલ કરવામાં આવ્યા છે. તેમણે સ્પિન બોલર તરીકે યુઝવેન્દ્ર ચહલને સ્થાન આપ્યું છે. જ્યારે જસપ્રીત બુમરાહ અને લસિથ મલિંગાને ઝડપી બોલર તરીકે પસંદ કરવામાં આવ્યા છે. અફઘાનિસ્તાનના રાશિદ ખાનનો ૧૨મા ખેલાડી તરીકે સમાવેશ કરવામાં આવ્યો છે.

એડમ ગિલક્રિસ્ટની ઓલટાઇમ આઇપીએલ XI 1. ક્રિસ ગેલ2. રોહિત શર્મા3. વિરાટ કોહલી4. સુરેશ રૈના5. એબી ડી વિલિયર્સ6. મહેન્દ્ર સિંહ ધોની (વિકેટકીપર)7. રવિન્દ્ર જાડેજા8. ડ્વેન બ્રાવો9. યુઝવેન્દ્ર ચહલ10. લસિથ મલિંગા11. જસપ્રીત બુમરાહ12. મો ખેલાડી - રાશિદ ખાન

IPLમાં, એડમ ગિલક્રિસ્ટે ડેક્કન ચાર્જર્સ હૈદરાબાદ માટે 3 સિઝન રમી હતી. આ પછી, આ વિકેટકીપર બેટ્સમેને 3 સિઝન સુધી પંજાબ કિંગ્સનું પ્રતિનિધિત્વ કર્યું.",https://gujarati.abplive.com/sports/ipl/all-time-ipl-xi-news-australia-legends-adam-gilchrist-picks-all-time-best-ipl-playing-11-933087,8,2025-04-01 18:39:45
,,"Mumbai Indians Player Corbin Bosch served legal notice by PCB: ૩૦ વર્ષીય દક્ષિણ આફ્રિકાના ઓલરાઉન્ડર કૉર્બિન બૉશને IPL 2025 માટે મુંબઈ ઈન્ડિયન્સ ટીમમાં રિપ્લેસમેન્ટ તરીકે સામેલ કરવામાં આવ્યો છે. આ માટે તેણે પાકિસ્તાન સુપર લીગ છોડી દીધી હતી, હવે પાકિસ્તાન ક્રિકેટ બોર્ડ આનાથી નારાજ છે અને તેણે બોશને કાનૂની નોટિસ મોકલી છે.

પાકિસ્તાન ક્રિકેટ બોર્ડ દ્વારા કરારના ભંગ બદલ PCB એ કૉર્બિન બૉશને કાનૂની નોટિસ મોકલી છે. તે પાકિસ્તાન સુપર લીગમાં પેશાવર ઝાલ્મી ટીમનો ભાગ હતો પરંતુ આઈપીએલમાં પસંદગી પામ્યા બાદ તેણે પીએસએલમાંથી પોતાનું નામ પાછું ખેંચી લીધું.

મુંબઇ ઇન્ડિયન્સે Corbin Bosch ને રિપ્લેસમેન્ટ તરીકે ટીમમાં કર્યો સામેલ  મુંબઈ ઈન્ડિયન્સની ખેલાડી લિઝાડ વિલિયમ્સ ઈજાને કારણે આઈપીએલ 2025માંથી બહાર થઈ ગઈ હતી, જેના માટે મુંબઈ ઈન્ડિયન્સે તેના સ્થાને કૉર્બિન બૉશના નામની જાહેરાત કરી હતી. આ પછી, બોશે પીએસએલમાંથી પોતાનું નામ પાછું ખેંચી લીધું, જ્યાં તે પેશાવર ઝાલ્મી તરફથી રમવાનો હતો.

રવિવારે એક રિલીઝમાં પાકિસ્તાન ક્રિકેટ બોર્ડે જણાવ્યું હતું કે, ""કાનૂની નોટિસ તેમના એજન્ટ દ્વારા મોકલવામાં આવી હતી, અને ખેલાડીને તેમની વ્યાવસાયિક અને કરારની પ્રતિબદ્ધતાઓમાંથી ખસી જવાના તેમના પગલાને યોગ્ય ઠેરવવા માટે કહેવામાં આવ્યું છે. PCB મેનેજમેન્ટે લીગમાંથી તેમના પ્રસ્થાનના પરિણામોની પણ રૂપરેખા આપી છે અને નિર્ધારિત સમયમર્યાદામાં તેમનો જવાબ અપેક્ષિત છે. PCB આ બાબતે વધુ કોઈ ટિપ્પણી કરશે નહીં.""

પાકિસ્તાન સુપર લીગની આગામી સિઝન ૧૧ એપ્રિલથી ૨૫ મે દરમિયાન રમાશે. ઇન્ડિયન પ્રીમિયર લીગની ૧૮મી આવૃત્તિ ૨૨ માર્ચથી શરૂ થવા જઈ રહી છે, જેમાં કુલ ૧૦ ટીમો રમશે.

કૉર્બિન બૉશની ટી20 કેરિયર કૉર્બિન બૉશે ૮૬ ટી-૨૦ મેચ રમી છે, જેમાં તેણે ૬૬૩ રન બનાવ્યા છે અને ૫૯ વિકેટ લીધી છે. આ ફોર્મેટમાં તેનો શ્રેષ્ઠ સ્કોર ૮૧ રન છે.",https://gujarati.abplive.com/sports/ipl/ipl-craze-news-mi-player-corbin-bosch-served-legal-notice-by-pcb-all-rounder-was-picked-as-a-replacement-mumbai-indians-933074,8,2025-04-01 18:39:49
,,"MS Dhoni on toughest bowler: મહેન્દ્ર સિંહ ધોનીએ પોતાની કારકિર્દીમાં ઘણા મોટા બોલરોનો સામનો કર્યો હતો. માહીની ગણતરી ક્રિકેટ ઇતિહાસના શ્રેષ્ઠ ફિનિશરોમાં થાય છે, પરંતુ કયા બોલરે ભૂતપૂર્વ ભારતીય કેપ્ટનને સૌથી વધુ મુશ્કેલીમાં મૂક્યો છે? માહી કયા બોલરને સૌથી ખતરનાક માને છે? માહીએ માસ્ટરકાર્ડ ઇન્ડિયાના કાર્યક્રમમાં ભાગ લીધો હતો. આ દરમિયાન તેમણે બધા પ્રશ્નોના જવાબ આપ્યા. તેમણે એ પણ જણાવ્યું કે તેમને કયા બોલર સામે બેટિંગ કરવી સૌથી મુશ્કેલ લાગી? આ પ્રશ્નના જવાબમાં માહીએ બે બોલરોના નામ આપ્યા હતા.

માહીએ વરુણ ચક્રવર્તી અને સુનીલ નારાયણના નામ લીધા

માહીએ વરુણ ચક્રવર્તી અને સુનીલ નારાયણને સૌથી ખતરનાક બોલર ગણાવ્યા હતા. માહીના મતે, વરુણ ચક્રવર્તી અને સુનીલ નારાયણ સામે બેટિંગ કરવી ખૂબ જ મુશ્કેલ છે. વરુણ ચક્રવર્તી અને સુનીલ નારાયણ IPLમાં કોલકાતા નાઈટ રાઈડર્સનો ભાગ છે. અત્યાર સુધીમાં સુનીલ નારાયણે પોતાના IPL કરિયરની 176 મેચોમાં 180 વિકેટ લીધી છે. સુનીલ નારાયણને સર્વકાલીન મહાન સ્પિનરની શ્રેણીમાં મૂકવામાં આવ્યો છે. વરુણ ચક્રવર્તીએ 71 IPL મેચોમાં 83 બેટ્સમેનોને આઉટ કર્યા છે.

વરુણ ચક્રવર્તીની કારકિર્દી આવી રહી છે

તાજેતરમાં વરુણ ચક્રવર્તીએ ચેમ્પિયન્સ ટ્રોફીમાં શાનદાર બોલિંગ પ્રદર્શન કર્યું હતું. આ ટુર્નામેન્ટમાં ભારત તરફથી વરુણ ચક્રવર્તીએ સૌથી વધુ વિકેટ લીધી હતી. અત્યાર સુધીમાં વરુણ ચક્રવર્તીએ 4 વનડે ઉપરાંત 18 T20 મેચોમાં ભારતીય ટીમનું પ્રતિનિધિત્વ કર્યું છે. ભારત માટે ODI મેચોમાં વરુણ ચક્રવર્તીએ 4.75 ની ઇકોનોમી અને 19.00ની સરેરાશથી 10 વિકેટ લીધી છે. ભારત માટે આંતરરાષ્ટ્રીય T20 મેચોમાં વરુણ ચક્રવર્તીએ 7.02 ની ઇકોનોમી અને 14.6 ની સરેરાશથી 33 બેટ્સમેનોને આઉટ કર્યા છે. આ ઉપરાંત તેણે 71 IPL મેચોમાં 83 વિકેટ લીધી છે.",https://gujarati.abplive.com/sports/cricket/ms-dhoni-said-he-ever-faced-in-career-varun-chakravarthy-and-sunil-narine-933066,8,2025-04-01 18:39:53
,,"IPL 2025: આઇપીએલ 2025ની પ્રથમ મેચ 22 માર્ચે કોલકત્તાના ઇડન ગાર્ડન્સમાં રમાશે. જેમાં ડિફેન્ડિંગ ચેમ્પિયન કોલકાતા નાઈટ રાઈડર્સનો સામનો રોયલ ચેલેન્જર્સ બેંગલુરુ (KKR vs RCB) સામે થશે. એક તરફ KKR પાસે કેપ્ટન અજિંક્ય રહાણે ઉપરાંત રિંકુ સિંહ અને આન્દ્રે રસેલ જેવા મજબૂત બેટ્સમેન છે. બીજી તરફ RCB આ વખતે રજત પાટીદારની કેપ્ટનશીપમાં રમશે, જેમાં વિરાટ કોહલી, ફિલ સોલ્ટ, ભુવનેશ્વર કુમાર અને જોશ હેઝલવુડ જેવા દિગ્ગજ ખેલાડીઓ રમશે. પરંતુ હવામાનની સ્થિતિ જોતાં IPL 2025 ની પહેલી મેચ પર વરસાદનો ખતરો મંડરાઇ રહ્યો છે.

IPL 2025ની પહેલી મેચ રદ થઇ શકે છે

IPL 2025ની પહેલી મેચ કોલકાતામાં રમાશે, જ્યાં આગામી દિવસોમાં સતત વરસાદ પડવાની શક્યતા છે. 22 માર્ચની વાત કરીએ તો AccuWeather મુજબ, દિવસ દરમિયાન વરસાદની શક્યતા 40 ટકા છે. દિવસભર આકાશમાં કાળા વાદળો છવાયેલા રહેવાની ધારણા છે. 22 માર્ચે વરસાદ, તોફાન અને સતત વીજળી પડવાની શક્યતા હોવાથી RCB અને KKR વચ્ચેની મેચ પણ રદ થવાનો ભય છે. KKR vs RCB મેચ ભારતીય સમય મુજબ સાંજે 7:30 વાગ્યે રમાશે. 22 માર્ચે સાંજે આકાશ વાદળછાયું રહેશે, જ્યારે ભારે પવન પણ રમતને અસર કરી શકે છે.

IPL 2024માં KKR અને RCB નું પ્રદર્શન

કોલકાતા નાઈટ રાઈડર્સે IPL 2024ની ફાઇનલમાં સનરાઇઝર્સ હૈદરાબાદને 8 વિકેટે હરાવીને કુલ ત્રીજી વખત ઈન્ડિયન પ્રીમિયર લીગનું ટાઇટલ જીત્યું હતું. બીજી તરફ, બેંગલુરુએ સીઝનના પહેલા ભાગમાં ખૂબ જ ખરાબ પ્રદર્શન કર્યું હતું, પરંતુ છેલ્લી મેચોમાં જોરદાર વાપસી કરી અને પ્લેઓફમાં જગ્યા બનાવી હતી. પરંતુ એલિમિનેટર મેચમાં રાજસ્થાન રોયલ્સ સામે હાર્યા બાદ બેંગલુરુ બહાર થઈ ગયું હતું.

KKR ટીમ

અજિંક્ય રહાણે (કેપ્ટન), રિંકુ સિંહ, ક્વિન્ટન ડી કોક, રહમાનુલ્લાહ ગુરબાઝ, અંગકૃષ રઘુવંશી, વેંકટેશ ઐયર, રમણદીપ સિંહ, આન્દ્રે રસેલ, એનરિચ નોર્ટજે, હર્ષિત રાણા, સુનીલ નારાયણ, વરુણ ચક્રવર્તી, વૈભવ અરોરા, મયંક માર્કંડે, રોવમેન પોવેલ, મનીષ પાંડે, સ્પેન્સર જોહ્ન્સન, લવનીથ સિસોદિયા, અનુકુલ રોય, મોઈન અલી, ઉમરાન મલિક.

આરસીબી ટીમ

રજત પાટીદાર (કેપ્ટન), વિરાટ કોહલી, યશ દયાલ, જોશ હેઝલવુડ, ફિલ સોલ્ટ, જિતેશ શર્મા, લિયામ લિવિંગસ્ટોન, રસિક ડાર, સુયશ શર્મા, કૃણાલ પંડ્યા, ભુવનેશ્વર કુમાર, સ્વપ્નિલ સિંહ, ટિમ ડેવિડ, રોમારિયો શેફર્ડ, નુવાન તુષારા, મનોજ ભંડાગે, જેકબ બેથેલ, દેવદત્ત પડિક્કલ, સ્વસ્તિક છિકારા, લુંગી એનગિડી, અભિનંદન સિંહ, મોહિત રાઠી.",https://gujarati.abplive.com/sports/ipl/ipl-2025-first-match-weather-kolkata-22-march-933040,9,2025-04-01 18:39:58
,,"કોલકાતા નાઈટ રાઈડર્સ (KKR) એ ટાટા ઈન્ડિયન પ્રીમિયર લીગ (IPL) 2025 માટે ઉમરાન મલિકના સ્થાન પર ચેતન સાકરિયાને ટીમમાં સામેલ કર્યો છે. ઉમરાન મલિક ઈજાને કારણે આ સીઝનમાંથી બહાર થઇ ગયો છે. સાકરિયાએ એક વન-ડે અને બે ટી-20 મેચમાં ભારતનું પ્રતિનિધિત્વ કર્યું છે અને 19 IPL મેચ રમી છે, જેમાં 20 વિકેટ લીધી છે. ડાબોડી મધ્યમ ઝડપી બોલર સાકરિયા 75 લાખ રૂપિયામાં KKR સાથે જોડાયો છે.

🚨𝗖𝗵𝗲𝘁𝗮𝗻 𝗦𝗮𝗸𝗮𝗿𝗶𝘆𝗮 𝗷𝗼𝗶𝗻𝘀 𝗼𝘂𝗿 𝘀𝗾𝘂𝗮𝗱 𝗳𝗼𝗿 𝗧𝗔𝗧𝗔 𝗜𝗣𝗟 𝟮𝟬𝟮𝟱The left-arm fast bowler is all set to don Purple & Gold for another year 💜💛 pic.twitter.com/Zxcl0rlxat

સાકરિયા ગયા વર્ષે પણ KKR ટીમમાં હતો પરંતુ તેને એક પણ મેચમાં રમવાની તક મળી ન હતી અને હરાજી પહેલા ફ્રેન્ચાઇઝી દ્વારા તેને રિલીઝ કરવામાં આવ્યો હતો. અગાઉ પણ રાજસ્થાન રોયલ્સ ઉપરાંત ચેતન IPLમાં દિલ્હી કેપિટલ્સ અને કોલકાતા નાઈટ રાઈડર્સનો ભાગ રહી ચૂક્યો છે. હવે જોવાનું એ રહે છે કે ખરાબ ફોર્મ સાથે સંઘર્ષ કરી રહેલા ચેતન આ તકનો કેવી રીતે લાભ ઉઠાવે છે.

HE. IS. BACK! 🔥💜 pic.twitter.com/fdfnhQvVJF

અગાઉ ઉમરાન મલિકે મેગા-ઓક્શનમાં KKR સાથે જોડાયા બાદ ખુશી વ્યક્ત કરી હતી. તે છેલ્લા બે સીઝનમાં સનરાઇઝર્સ હૈદરાબાદ માટે રમ્યો હતો પરંતુ તેનું પ્રદર્શન નિરાશાજનક રહ્યું હતું. KKR માં જોડાયા પછી ઉમરાને ચાહકોને વચન આપ્યું હતું કે આ વખતે તેઓને તેનું એક નવું પાસું જોવા મળશે. ઉમરાને ભારપૂર્વક કહ્યું હતું કે તે 200 ટકા ફિટ છે.

IPL 2025 માટે KKR ટીમ

રિંકુ સિંહ, વરુણ ચક્રવર્તી, સુનીલ નારાયણ, આન્દ્રે રસેલ, હર્ષિત રાણા, રમણદીપ સિંહ, વેંકટેશ ઐયર, ક્વિન્ટન ડી કોક, રહમાનુલ્લાહ ગુરબાઝ, એનરિચ નોર્ટજે, અંગક્રિશ રઘુવંશી, વૈભવ અરોરા, મયંક માર્કંડે, રોવમેન પોવેલ, મનીષ પાંડે, સ્પેન્સર જોહ્ન્સન, લવનીથ સિસોદિયા, અજિંક્ય રહાણે, અનુકુલ રોય, મોઈન અલી, ચેતન સાકરિયા.",https://gujarati.abplive.com/sports/ipl/umran-malik-ruled-out-of-ipl-2025-due-to-injury-933034,9,2025-04-01 18:40:01
,,"India wins International Masters League 2025: ઈન્ડિયા માસ્ટર્સ ટીમે વેસ્ટ ઈન્ડિઝ માસ્ટર્સને 6 વિકેટે હરાવીને ટ્રોફી જીતી હતી.  આ ફાઇનલ મેચમાં વેસ્ટ ઇન્ડીઝે પ્રથમ બેટિંગ કરીને 148 રન બનાવ્યા હતા જેના જવાબમાં ભારતે 17 બોલ બાકી રહેતા આ લક્ષ્ય સરળતાથી પ્રાપ્ત કરી લીધું હતું. ભારતની જીતનો સૌથી મોટો હીરો અંબાતી રાયડુ હતો, જેણે 50 બોલમાં 74 રનની મેચ વિજેતા ઇનિંગ રમી હતી.

𝐂 𝐇 𝐀 𝐌 𝐏 𝐈 𝐎 𝐍 𝐒 💙#IMLT20 #TheBaapsOfCricket #IMLonJioHotstar #IMLonCineplex pic.twitter.com/XBJefWTFqX

આ છે ભારતના વિજયના હીરો

વેસ્ટ ઈન્ડિઝ પ્રથમ બેટિંગ કરવા મેદાનમાં ઉતરી હતી. જેના માટે ઓપનર ડ્વેન સ્મિથે 45 રન ફટકાર્યા હતા પરંતુ બ્રાયન લારા અને વિલિયમ્સ પર્કિન્સ 6-6 રન બનાવીને આઉટ થઈ ગયા. શાહબાઝ નદીમે ઘાતક બોલિંગ કરી 4 ઓવરમાં ફક્ત 12 રન આપીને 2 વિકેટ લીધી હતી. લેન્ડલ સિમન્સે ચોક્કસપણે 57 રનની મહત્વપૂર્ણ ઇનિંગ રમી હતી પરંતુ નદીમ ઉપરાંત વિનય કુમારે પણ ભારત માટે સારી બોલિંગ કરી હતી. કુમારે મેચમાં કુલ ૩ વિકેટ લીધી હતી.

𝐌𝐚𝐣𝐞𝐬𝐭𝐢𝐜 𝐚𝐬 𝐞𝐯𝐞𝐫! 👑#IMLT20 #TheBaapsOfCricket #IMLonJioHotstar #IMLonCineplex pic.twitter.com/jMajqOx0kM

અંબાતી રાયડુ એક અલગ જ લયમાં જોવા મળ્યો હતો. રાયડુએ સચિન તેંડુલકર સાથે 67 રનની ઓપનિંગ ભાગીદારી કરી હતી. તે પહેલાં સચિન 25 રન બનાવીને આઉટ થયો હતો.  ગુરકીરત સિંહ માન 14 રન બનાવીને આઉટ થયો હતો. રાયડુ એક છેડો સાચવીને બેટિંગ કરી રહ્યો હતો. 50 બોલમાં 74 રન ફટકાર્યા હતા. દરમિયાન તેણે 9 ચોગ્ગા અને 3 છગ્ગા ફટકાર્યા હતા.  છેલ્લી ઓવરોમાં સ્ટુઅર્ટ બિન્નીએ 9 બોલમાં 16 રનની ઇનિંગ રમી અને ભારતની જીતમાં મોટો ફાળો આપ્યો હતો.

માત્ર 7 દિવસ પહેલા ચેમ્પિયન્સ ટ્રોફી જીતી

ટીમ ઈન્ડિયાને ચેમ્પિયન્સ ટ્રોફી જીત્યાને માત્ર એક અઠવાડિયું જ થયું છે. 7 દિવસમાં સચિન તેંડુલકરની કેપ્ટનશીપ હેઠળ ઇન્ડિયા માસ્ટર્સે ઇન્ટરનેશનલ માસ્ટર્સ લીગનું ટાઇટલ જીત્યું હતું. નોંધનીય છે કે સમગ્ર ટુર્નામેન્ટ દરમિયાન ભારતે 7 મેચ રમી હતી, જેમાંથી તેને ફક્ત એકમાં જ હારનો સામનો કરવો પડ્યો હતો.",https://gujarati.abplive.com/sports/cricket/india-masters-vs-west-indies-masters-iml-2025-final-india-masters-beat-wi-masters-to-clinch-title-933033,9,2025-04-01 18:40:04
,,"એશિયન લિજેન્ડ્સ લીગ 2025ની એલિમિનેટર મેચમાં શ્રીલંકા લાયન્સના બેટ્સમેન થિસારા પરેરાએ અફઘાનિસ્તાન પઠાણ ટીમ સામે બેટિંગમાં તોફાન મચાવી દીધું હતું. પરેરાએ માત્ર 36 બોલમાં અણનમ 108 રનની વિસ્ફોટક ઇનિંગ રમી હતી, જેમાં તેમણે એક ઓવરમાં 6 સિક્સર ફટકારીને ક્રિકેટ જગતમાં ખળભળાટ મચાવી દીધો હતો.

શ્રીલંકા લાયન્સે પ્રથમ બેટિંગ કરતા 20 ઓવરમાં 3 વિકેટે 230 રનનો જંગી સ્કોર બનાવ્યો હતો. તેમની શરૂઆત થોડી ધીમી રહી હતી, પરંતુ ત્યારબાદ પરેરા અને માવેન ફર્નાન્ડોએ મળીને 155 રનની રેકોર્ડ ભાગીદારી નોંધાવી હતી. કેપ્ટન થિસારા પરેરાએ અફઘાનિસ્તાનના બોલરોની ધુલાઈ કરી હતી અને માત્ર 36 બોલમાં 108 રન ફટકાર્યા હતા. તેમની આ ઇનિંગમાં 13 છગ્ગા અને 2 ચોગ્ગાનો સમાવેશ થતો હતો.

પરેરાએ (Thisara Perera) અફઘાનિસ્તાનના બોલર અયાન ખાનની 20મી ઓવરમાં 6 સિક્સર ફટકારી હતી. આ ઓવરનો પહેલો બોલ વાઈડ હતો, ત્યારબાદ પરેરાએ સતત ત્રણ બોલમાં છગ્ગા ફટકાર્યા હતા. દબાણમાં આવેલા ખાને ફરી એક વાઈડ બોલ નાખ્યો અને ત્યારબાદ પરેરાએ ફરીથી સિક્સર ફટકારી. અંતિમ બે બોલ પર પણ પરેરાએ બે છગ્ગા ફટકારીને એક ઓવરમાં 6 સિક્સરનો અદ્ભુત રેકોર્ડ પોતાના નામે કર્યો હતો.

Skipper on duty 🤩Thisara Perera's blistering 108* off 36 balls helped Sri Lankan Lions to put 230 on board 🔥#MPMSCAsianLegendsLeague pic.twitter.com/cE3Zw9rQJq

માવેન ફર્નાન્ડોએ પણ પરેરાને સારો સાથ આપ્યો હતો અને 56 બોલમાં અણનમ 81 રનની ઇનિંગ રમી હતી, જેમાં 7 ચોગ્ગા અને 3 છગ્ગાનો સમાવેશ થતો હતો.

જવાબમાં અફઘાનિસ્તાનની ટીમ 20 ઓવરમાં 7 વિકેટે 204 રન જ બનાવી શકી હતી અને શ્રીલંકા લાયન્સે આ મેચ 26 રનથી જીતી લીધી હતી. અફઘાનિસ્તાનના કેપ્ટન અસગર અફઘાને 31 બોલમાં 70 રનની તોફાની ઇનિંગ રમી હતી, જેમાં 8 છગ્ગાનો સમાવેશ થતો હતો, પરંતુ તે પોતાની ટીમને જીત અપાવી શક્યા નહોતા.

આ જીત સાથે શ્રીલંકા લાયન્સ એશિયન લિજેન્ડ્સ લીગના ક્વોલિફાયર 2માં પહોંચી ગઈ છે. આ પહેલા આજે ક્વોલિફાયર 1 મેચ ભારતીય રોયલ્સ અને એશિયન સ્ટાર્સ વચ્ચે ઉદયપુરના મિરાજ ઇન્ટરનેશનલ ક્રિકેટ સ્ટેડિયમમાં રમાશે. ક્રિકેટ ચાહકો આ મેચની પણ આતુરતાથી રાહ જોઈ રહ્યા છે. થિસારા પરેરાની આ ધમાકેદાર ઇનિંગનો વીડિયો સોશિયલ મીડિયા પર ખૂબ જ વાયરલ થઈ રહ્યો છે અને ક્રિકેટપ્રેમીઓ તેના જોરદાર વખાણ કરી રહ્યા છે.",https://gujarati.abplive.com/sports/cricket/asian-legends-league-2025-thisara-perera-smashes-6-sixes-in-one-over-933012,9,2025-04-01 18:40:10
,,"Rishabh Pant Singing Video Afsanay Song: ભારતીય વિકેટકીપર બેટ્સમેન તેની અનોખી બેટિંગ શૈલી માટે જાણીતો છે. હવે, તેણીએ તેણીની ગાયકીથી દિગ્ગજ ક્રિકેટર ઝહીર ખાન તેમજ તેના ચાહકોને પ્રભાવિત કર્યા છે. ઋષભ પંતનો એક વીડિયો વાયરલ થઈ રહ્યો છે જેમાં તે 'અફસાને' નામનું એક લોકપ્રિય પાકિસ્તાની ગીત ગાતો જોવા મળી રહ્યો છે. આ ગીત તલ્હા અંજુમ અને તહલા યુનુસે ગાયું છે. તમને જણાવી દઈએ કે LSG એ ગયા વર્ષે જાહેરાત કરી હતી કે ઝહીર ખાન IPL 2025 માં LSG ના માર્ગદર્શકની ભૂમિકા ભજવશે.

આ વીડિયો લખનઉ સુપર જાયન્ટ્સના સોશિયલ મીડિયા એકાઉન્ટ પરથી શેર કરવામાં આવ્યો છે. LSG એ કેપ્શનમાં લખ્યું, ""ઋષભ પંત એક પાર્ટ-ટાઇમ વિકેટકીપર છે પણ ફુલ-ટાઇમ કરાઓકે ગાયક છે."" આ પહેલા તે તેની બહેન સાક્ષી પંતના લગ્નમાં 'તુ જાને ના' ગીત ગાતો જોવા મળ્યો હતો. જોકે તેમણે આ ગીત કોઈ સ્ટેજ પર ગાયું ન હતું, પરંતુ તેમણે ચોક્કસ તેના પર નાચ્યું હતું.

Part-time wicketkeeper-batter. Full-time karaoke singer 🎤 pic.twitter.com/mFf2BC77e3

LSG નો કેપ્ટન બનવા પર શું બોલ્યો ઋષભ પંત  - જ્યારે IPL મેગા ઓક્શનનો વારો આવ્યો, તે પહેલાં દિલ્હી કેપિટલ્સે ઋષભ પંતને રિલીઝ કરી દીધો. દિલ્હીએ પંતને ફરીથી 20 કરોડ રૂપિયામાં ખરીદવાનો પ્રયાસ કર્યો, પરંતુ LSGનો મૂડ અલગ હતો. LSG એ પંતને 27 કરોડ રૂપિયામાં ખરીદ્યો, જેનાથી તે ઇન્ડિયન પ્રીમિયર લીગના ઇતિહાસનો સૌથી મોંઘો ખેલાડી બન્યો.

લખનઉ સુપર જાયન્ટ્સના કેપ્ટન તરીકે નિયુક્ત થયા બાદ ઋષભ પંતે કહ્યું, ""મારું વચન છે કે હું ટીમ માટે મારું 200 ટકા આપીશ. મારા હાથમાં જે કંઈ છે, હું ટીમ મેનેજમેન્ટના વિશ્વાસ પર ખરા ઉતરવાનો પ્રયાસ કરીશ. હું આ નવી શરૂઆત માટે ખૂબ જ ઉત્સાહિત છું. જો આપણે પંતની અત્યાર સુધીની IPL કારકિર્દી પર નજર કરીએ તો, તેણે 111 મેચોમાં 3,284 રન બનાવ્યા છે. આ અદ્ભુત સફરમાં તેણે એક સદી અને 18 અડધી સદી પણ ફટકારી છે.""",https://gujarati.abplive.com/sports/ipl/ipl-2025-lsg-mentor-zaheer-khan-impressed-rishabh-pant-over-the-singing-best-pakistani-song-afsanay-video-viral-932970,9,2025-04-01 18:40:14
,,"Shardul Thakur LSG: ઈન્ડિયન પ્રીમિયર લીગ (IPL)ની 2025મી સીઝન શરૂ થવામાં હવે ગણતરીના દિવસો બાકી છે, ત્યારે એક અણધાર્યા સમાચાર સામે આવ્યા છે. ટીમ ઈન્ડિયાનો અનુભવી ઓલરાઉન્ડર શાર્દુલ ઠાકુર, જે તાજેતરમાં યોજાયેલા IPL 2025ના મેગા ઓક્શનમાં કોઈ પણ ફ્રેન્ચાઇઝી દ્વારા ખરીદવામાં આવ્યો ન હતો, તે લખનૌ સુપર જાયન્ટ્સ (LSG)ની ટીમના પ્રી-સિઝન ટ્રેનિંગ કેમ્પમાં જોવા મળ્યો છે. આ ઘટનાએ ક્રિકેટ ચાહકો અને નિષ્ણાતો વચ્ચે ભારે ઉત્તેજના અને અટકળો જગાવી છે કે શું શાર્દુલ ઠાકુરને રિપ્લેસમેન્ટ ખેલાડી તરીકે IPLમાં રમવાની તક મળી શકે છે.

IPL 2025ની 18મી સીઝન આગામી 22 માર્ચથી શરૂ થવા માટે સજ્જ છે. આ ટુર્નામેન્ટ માટે તમામ દસ ટીમો હાલમાં જોરશોરથી તૈયારી કરી રહી છે. પરંતુ લખનૌ સુપર જાયન્ટ્સ માટે પરિસ્થિતિ થોડી ચિંતાજનક છે, કારણ કે ટીમના ત્રણ મુખ્ય ફાસ્ટ બોલર ઈજાના કારણે હજુ સુધી સંપૂર્ણ રીતે ફિટ નથી. આ ત્રણેય સ્ટાર બોલરો - મોહસીન ખાન, અવેશ ખાન અને યુવા પ્રતિભા મયંક યાદવ - હાલમાં નેશનલ ક્રિકેટ એકેડેમી (NCA)માં પોતાની ફિટનેસ પર કામ કરી રહ્યા છે અને તેમને IPLમાં રમવા માટે NCA તરફથી ક્લિયરન્સ મળવાનું બાકી છે. આ ત્રણેય બોલરો લખનૌની ટીમ માટે ખૂબ જ મહત્વપૂર્ણ છે અને તેમની ગેરહાજરી ટીમની બોલિંગ આક્રમણ પર અસર કરી શકે છે.

આવી નાજુક પરિસ્થિતિ વચ્ચે શાર્દુલ ઠાકુરનું લખનૌ સુપર જાયન્ટ્સના ટ્રેનિંગ સેન્ટરમાં જોવા મળવું અને ટીમના ખેલાડીઓ તથા કેપ્ટન ઋષભ પંત (જોકે ઋષભ પંત દિલ્હી કેપિટલ્સનો કેપ્ટન છે, કદાચ લેખમાં ભૂલ છે અથવા શાર્દુલે અન્ય ખેલાડીઓ સાથે હોળી ઉજવી હશે) સાથે હોળીની ઉજવણી કરવી એ માત્ર એક સંયોગ નથી લાગી રહ્યો. શાર્દુલ ઠાકુરનો LSGની ટ્રેનિંગ કિટ પહેરેલો ફોટો પણ સોશિયલ મીડિયા પર ખૂબ જ વાયરલ થઈ રહ્યો છે, જેના કારણે આ અટકળો વધુ મજબૂત બની છે.

ઈન્ડિયન પ્રીમિયર લીગના નિયમો સ્પષ્ટપણે જણાવે છે કે જો કોઈ ટીમનો નિયમિત ખેલાડી સમગ્ર સીઝન અથવા તેના અમુક ભાગ માટે ઈજાના કારણે બહાર થઈ જાય છે, તો ફ્રેન્ચાઈઝી તે ખેલાડીના સ્થાને હરાજીમાં ન વેચાયેલા ખેલાડીઓના પૂલમાંથી કોઈ યોગ્ય ખેલાડીને પોતાની ટીમમાં સામેલ કરી શકે છે. શાર્દુલ ઠાકુર એક અનુભવી ખેલાડી છે અને તેની પાસે ઓલરાઉન્ડર તરીકેની ક્ષમતા છે, જે લખનૌની ટીમને સંતુલન આપી શકે છે. તેણે અત્યાર સુધી IPLમાં 95 મેચોમાં 9.22ની ઈકોનોમીથી 94 વિકેટ ઝડપી છે અને બેટિંગમાં પણ 307 રન બનાવ્યા છે.

શાર્દુલ ઠાકુર IPLની છેલ્લી સિઝનમાં ચેન્નાઈ સુપર કિંગ્સ (CSK) ટીમનો ભાગ હતો. જો કે, તેને માત્ર 9 મેચોમાં રમવાની તક મળી હતી, જેમાં તેણે માત્ર 5 વિકેટ લીધી હતી અને તે ઘણી મોંઘી સાબિત થયો હતો. કદાચ આ જ કારણોસર IPL 2025ની હરાજીમાં કોઈ પણ ટીમે તેના પર વિશ્વાસ મૂક્યો ન હતો.

હવે જો લખનૌ સુપર જાયન્ટ્સના ઈજાગ્રસ્ત ફાસ્ટ બોલરો સમયસર ફિટનેસ હાંસલ કરવામાં નિષ્ફળ જાય છે, તો શાર્દુલ ઠાકુર એક મહત્વપૂર્ણ રિપ્લેસમેન્ટ વિકલ્પ બની શકે છે. તેની પાસે બોલિંગમાં અનુભવ છે અને તે મધ્યમ ક્રમમાં ઉપયોગી બેટિંગ પણ કરી શકે છે, જે ટીમના સંયોજનને વધુ મજબૂત બનાવી શકે છે. હાલમાં તો ક્રિકેટ ચાહકો અને લખનૌ સુપર જાયન્ટ્સના મેનેજમેન્ટની નજર NCAના ક્લિયરન્સ અને શાર્દુલ ઠાકુરની ફિટનેસ પર ટકેલી છે. આગામી દિવસોમાં આ અંગે વધુ સ્પષ્ટતા જોવા મળી શકે છે.",https://gujarati.abplive.com/sports/cricket/lucknow-super-giants-may-sign-shardul-thakur-for-ipl-2025-932992,9,2025-04-01 18:40:19
,,"Virat Kohli on BCCI Family Rule:  IPL 2025 માટે બનાવેલા નવા નિયમો અને BCCI દ્વારા લાદવામાં આવેલા નિયંત્રણો ખેલાડીઓને પસંદ નથી આવી રહ્યા. વિરાટ કોહલીએ આની વિરુદ્ધ અવાજ ઉઠાવ્યો છે અને કહ્યું છે કે લોકોને એ સમજાવવું ખૂબ મુશ્કેલ છે કે ટીમ માટે બહાર ખૂબ જ મુશ્કેલ પરિસ્થિતિઓમાંથી પસાર થયા પછી પરિવારને મળવાનું કેટલું સારું લાગે છે. નિયમો મુજબ, હવે કોઈપણ ખેલાડીના પરિવારના સભ્યો IPL 2025 દરમિયાન ડ્રેસિંગ રૂમમાં પ્રવેશ કરી શકશે નહીં. જો પરિવારના સભ્યો પ્રેક્ટિસ કે મેચ જોવા માંગતા હોય, તો તેઓ હોસ્પિટાલિટી બોક્સમાં બેસી શકે છે.

ESPN ક્રિકઇન્ફો અનુસાર, વિરાટ કોહલીએ કહ્યું, ""જ્યારે તમે કોઈ ગંભીર સમસ્યામાં હોવ ત્યારે તમારા પરિવાર પાસે જાઓ છો ત્યારે લોકોને એ સમજાવવું મુશ્કેલ છે કે તમને કેટલું સારું લાગે છે. મને નથી લાગતું કે લોકો સમજે છે કે આ ખરેખર મદદરૂપ છે. હું આ નિયમથી ખૂબ નિરાશ છું.""

એકલતાની સમસ્યાવિરાટે કહ્યું કે જો કોઈ ખેલાડી પ્રવાસ પર સારું પ્રદર્શન કરી શકતો નથી, તો તે ચોક્કસપણે ઈચ્છશે કે કોઈ એવી વ્યક્તિ હોય જેની સાથે તેના વિચારો શેર કરી શકાય. તેમણે કહ્યું કે દરેક વ્યક્તિ કોઈને કોઈ સમસ્યાનો સામનો કરી રહ્યો છે, પરંતુ પરિવારનો ટેકો તેને અન્ય તમામ તણાવોમાંથી મુક્તિ મેળવવામાં મદદ કરે છે. વિરાટ કહે છે કે બહાર ગમે તેટલી સમસ્યાઓનો સામનો કરવો પડ્યો હોય, ઘરે આવ્યા પછી બધું સામાન્ય લાગે છે. વિરાટે કહ્યું, ""હું એવી કોઈ તક ગુમાવીશ નહીં જ્યાં મને મારા પરિવાર સાથે સમય વિતાવવાની તક મળે.""

સરળ શબ્દોમાં કહીએ તો, વિરાટે પરિવારના સભ્યો અંગે BCCIના નિયમનો વિરોધ કર્યો છે. વેલ, તે હાલમાં RCB કેમ્પમાં તાલીમ લઈ રહ્યો છે. તમને જણાવી દઈએ કે RCBનો પહેલો મેચ 22 માર્ચે KKR સામે રમવાનો છે, જે IPL 2025નો પહેલો મેચ પણ હશે.

IPL 2025ની શરૂઆત પહેલા ભારતીય ક્રિકેટ ટીમના સ્ટાર બેટ્સમેન વિરાટ કોહલીએ પોતાના નિવેદનોથી ક્રિકેટ જગતમાં ખળભળાટ મચાવી દીધો છે. એક તરફ તેણે ટેસ્ટ ક્રિકેટમાંથી સંન્યાસ લેવાના સંકેત આપ્યા છે, તો બીજી તરફ T20 ક્રિકેટમાંથી નિવૃત્તિ પાછી ખેંચી લેવાની શક્યતા પણ વ્યક્ત કરી છે. ન્યૂઝ એજન્સી પીટીઆઈના અહેવાલ અનુસાર, વિરાટ કોહલીએ તાજેતરમાં પોતાની નિવૃત્તિ અંગે વાત કરતાં કહ્યું હતું કે તેણે ખરેખર એ વિશે વિચાર્યું નથી કે નિવૃત્તિ પછી તે શું કરવા માંગે છે. તેણે પોતાના એક સાથી ખેલાડી સાથે થયેલી વાતચીતનો ઉલ્લેખ કરતાં કહ્યું કે હા, નિવૃત્તિ પછી તે કદાચ ઘણો પ્રવાસ કરવાનું પસંદ કરશે.

ટેસ્ટ ક્રિકેટમાં પોતાના ભવિષ્ય વિશે વાત કરતાં વિરાટ કોહલીએ કહ્યું કે કદાચ હવે તે ઓસ્ટ્રેલિયાના પ્રવાસે નહીં જઈ શકે. તેણે સ્પષ્ટ શબ્દોમાં કહ્યું કે, ""હું કદાચ મારી કારકિર્દીમાં આગામી ઓસ્ટ્રેલિયન પ્રવાસ કરી શકીશ નહીં, તેથી અત્યાર સુધી જે થયું છે તેનાથી હું સંતુષ્ટ છું."" ઉલ્લેખનીય છે કે ભારતીય ટીમે છેલ્લે ઓસ્ટ્રેલિયાનો પ્રવાસ કર્યો ત્યારે કોહલીનું બેટ ધાર્યું પ્રદર્શન કરી શક્યું નહોતું, જોકે તેણે પર્થમાં રમાયેલી પ્રથમ ટેસ્ટમાં સદી જરૂર ફટકારી હતી. બોર્ડર-ગાવસ્કર ટ્રોફીની પાંચ ટેસ્ટ મેચોમાં તેણે માત્ર 190 રન બનાવ્યા હતા.",https://gujarati.abplive.com/sports/cricket/virat-kohli-oppose-bcci-family-rule-restriction-ipl-2025-expressed-disappointment-932962,9,2025-04-01 18:40:24
,,"GT vs PBKS IPL 2025: IPL 2025ની પ્રથમ મેચ 22 માર્ચે રમાશે. ટૂર્નામેન્ટની પ્રથમ મેચ કોલકાતા અને બેંગ્લોર વચ્ચે રમાશે. ગુજરાત ટાઇટન્સનો પ્રથમ મુકાબલો પંજાબ કિંગ્સ સામે છે. આ મેચ 25મી માર્ચે અમદાવાદમાં રમાશે. ગુજરાતની ટીમ એકદમ સંતુલિત છે. અનુભવી ખેલાડીઓની સાથે તેમાં યુવા વિસ્ફોટક બેટ્સમેન પણ છે.

જો ગુજરાતની સંભવિત પ્લેઈંગ ઈલેવનની વાત કરીએ તો જોસ બટલર સુકાની શુભમન ગિલ સાથે ઓપનિંગ કરી શકે છે. ટીમ સાઈ સુદર્શનને ત્રીજા નંબર પર બેટિંગ કરવાની તક આપી શકે છે. જ્યારે શાહરૂખ ખાન અને ગ્લેન ફિલિપ્સ મિડલ ઓર્ડરને મજબૂત બનાવી શકે છે. રાહુલ તેવટિયા વિસ્ફોટક બેટિંગમાં માહેર છે. તેઓ પંજાબ સામે પણ મેદાનમાં ઉતરી શકે છે.

ગુજરાત ટાઇટન્સની સંભવિત પ્લેઇંગ ઇલેવન - શુભમન ગિલ (કેપ્ટન), જોસ બટલર, સાઇ સુદર્શન, શાહરૂખ ખાન, ગ્લેન ફિલિપ્સ, રાહુલ તેવટિયા, વોશિંગ્ટન સુંદર, રાશિદ ખાન, કાગીસો રબાડા, મોહમ્મદ સિરાજ, પ્રસિદ ક્રિષ્ના.

સાઈ સુદર્શન (ઈમ્પેક્ટ પ્લેયર)

WPL 2025: મુંબઇ ઇન્ડિયન્સની નેટ સીવર બ્રન્ટે બનાવી દીધો મોટો રેકોર્ડ, જેનું તૂટવુ અસંભવ

મુંબઈ ઈન્ડિયન્સે દિલ્હી કેપિટલ્સને હરાવીને બીજી વખત મહિલા પ્રીમિયર લીગનો ખિતાબ જીત્યો. હરમનપ્રીત કૌરની આગેવાની હેઠળની મુંબઈ ઈન્ડિયન્સને ચેમ્પિયન બનાવવામાં ઓલરાઉન્ડર નેટ સીવર બ્રન્ટે મહત્વપૂર્ણ ભૂમિકા ભજવી હતી. પોતાની બેટિંગ ઉપરાંત, આ ઓલરાઉન્ડરે પોતાની બોલિંગથી મુંબઈ ઇન્ડિયન્સ માટે કામ સરળ બનાવ્યું. દિલ્હી કેપિટલ્સ સામેની ફાઇનલમાં નેટ સીવર બ્રન્ટે 28 બોલમાં 30 રન બનાવ્યા હતા. ઉપરાંત, તેણે આ સિઝનમાં 500 રનનો આંકડો પાર કર્યો. આ ટુર્નામેન્ટના ઇતિહાસમાં પહેલીવાર કોઈ બેટ્સમેને આ સિદ્ધિ મેળવી છે.

નેટ સીવર બ્રન્ટે બનાવી દીધો મોટો રેકોર્ડ હકીકતમાં, મહિલા પ્રીમિયર લીગના ઇતિહાસમાં નેટ સીવર બ્રન્ટ સિવાય અન્ય કોઈ બેટ્સમેન 500 રનનો આંકડો સ્પર્શી શક્યો નથી. આ ઉપરાંત, નેટ સીવર બ્રન્ટે ટુર્નામેન્ટમાં પોતાના 1000 રન પૂરા કર્યા. નેટ સીવર બ્રન્ટ આ કરનારી એકમાત્ર ક્રિકેટર છે. આ સિઝનમાં નેટ સીવર બ્રન્ટે ઘણા રન બનાવ્યા છે. સૌથી વધુ રન બનાવનાર બેટ્સમેનોની યાદીમાં નેટ સીવર બ્રન્ટ ટોચ પર છે. આ ઓલરાઉન્ડરે 10 મેચમાં 65.37 ની સરેરાશથી 523 રન બનાવ્યા. જેમાં નેટ સીવર બ્રન્ટનો શ્રેષ્ઠ સ્કોર 80 રન અણનમ રહ્યો હતો. ઉપરાંત, તેણે પચાસ રનનો આંકડો પાંચ વખત પાર કર્યો, જે રેકોર્ડ છે.",https://gujarati.abplive.com/sports/ipl/when-will-the-first-match-against-gujarat-titans-take-place-the-playing-eleven-is-almost-certain-932951,9,2025-04-01 18:40:27
,,"Nat Sciver Brunt Record: મુંબઈ ઈન્ડિયન્સે દિલ્હી કેપિટલ્સને હરાવીને બીજી વખત મહિલા પ્રીમિયર લીગનો ખિતાબ જીત્યો. હરમનપ્રીત કૌરની આગેવાની હેઠળની મુંબઈ ઈન્ડિયન્સને ચેમ્પિયન બનાવવામાં ઓલરાઉન્ડર નેટ સીવર બ્રન્ટે મહત્વપૂર્ણ ભૂમિકા ભજવી હતી. પોતાની બેટિંગ ઉપરાંત, આ ઓલરાઉન્ડરે પોતાની બોલિંગથી મુંબઈ ઇન્ડિયન્સ માટે કામ સરળ બનાવ્યું. દિલ્હી કેપિટલ્સ સામેની ફાઇનલમાં નેટ સીવર બ્રન્ટે 28 બોલમાં 30 રન બનાવ્યા હતા. ઉપરાંત, તેણે આ સિઝનમાં 500 રનનો આંકડો પાર કર્યો. આ ટુર્નામેન્ટના ઇતિહાસમાં પહેલીવાર કોઈ બેટ્સમેને આ સિદ્ધિ મેળવી છે.

નેટ સીવર બ્રન્ટે બનાવી દીધો મોટો રેકોર્ડ હકીકતમાં, મહિલા પ્રીમિયર લીગના ઇતિહાસમાં નેટ સીવર બ્રન્ટ સિવાય અન્ય કોઈ બેટ્સમેન 500 રનનો આંકડો સ્પર્શી શક્યો નથી. આ ઉપરાંત, નેટ સીવર બ્રન્ટે ટુર્નામેન્ટમાં પોતાના 1000 રન પૂરા કર્યા. નેટ સીવર બ્રન્ટ આ કરનારી એકમાત્ર ક્રિકેટર છે. આ સિઝનમાં નેટ સીવર બ્રન્ટે ઘણા રન બનાવ્યા છે. સૌથી વધુ રન બનાવનાર બેટ્સમેનોની યાદીમાં નેટ સીવર બ્રન્ટ ટોચ પર છે. આ ઓલરાઉન્ડરે 10 મેચમાં 65.37 ની સરેરાશથી 523 રન બનાવ્યા. જેમાં નેટ સીવર બ્રન્ટનો શ્રેષ્ઠ સ્કોર 80 રન અણનમ રહ્યો હતો. ઉપરાંત, તેણે પચાસ રનનો આંકડો પાંચ વખત પાર કર્યો, જે રેકોર્ડ છે.

નેટ સીવર બ્રન્ટે બેટિંગ બાદ બૉલિંગમાં બતાવ્યો દમ આ ઉપરાંત, આ સિઝનમાં સૌથી વધુ વિકેટ લેનારા બોલરોની યાદીમાં નેટ સીવર બ્રન્ટ પાંચમા ક્રમે હતી. નેટ સીવર બ્રન્ટે 10 મેચમાં 22.50 ની સરેરાશ અને 7.94 ની ઇકોનોમી સાથે 12 વિકેટ લીધી. હકીકતમાં, આ સિઝનમાં સૌથી વધુ વિકેટ લેનારા ટોચના 5 બોલરોમાં 3 મુંબઈ ઇન્ડિયન્સના હતા. મુંબઈ ઈન્ડિયન્સની અમેલિયા કેર અને હેલી મેથ્યૂઝે સૌથી વધુ ૧૮-૧૮ વિકેટ લીધી. આ બે પછી, દિલ્હી કેપિટલ્સના જોસ જોનાસને 8 મેચમાં 13 વિકેટ લીધી. જ્યારે રોયલ ચેલેન્જર્સ બેંગ્લોરની જ્યોર્જિયા વેરહેમે 8 મેચમાં 12 વિરોધી બેટ્સમેનોને આઉટ કર્યા.",https://gujarati.abplive.com/sports/ipl/mi-vs-dc-wpl-2025-final-match-news-women-cricketer-nat-sciver-brunt-first-to-reach-500-run-mark-in-single-season-932947,9,2025-04-01 18:40:32
,,"Virat Kohli Retirement Rumours: હવે કદાચ હું ક્યારેય ઓસ્ટ્રેલિયાનો પ્રવાસ નહીં કરું. મારામાં આટલું ક્રિકેટ બાકી નથી. ગયા ઓસ્ટ્રેલિયા પ્રવાસ દરમિયાન બોર્ડર-ગાવસ્કર ટ્રૉફીમાં જે બન્યું તેનાથી હું ખુશ છું. ખરેખર, ટીમ ઈન્ડિયાના સ્ટાર બેટ્સમેન વિરાટ કોહલીએ આ વાત કહી હતી... વિરાટ કોહલી શનિવારે આરસીબીની ઈનોવેશન લેબ ઈન્ડિયન સ્પોર્ટ્સ સમિટમાં બોલી રહ્યા હતા. આ દરમિયાન તેમણે કહ્યું કે હવે કદાચ હું ક્યારેય ઓસ્ટ્રેલિયા પ્રવાસ પર ભારતીય ક્રિકેટ ટીમનો ભાગ નહીં રહીશ. આ નિવેદન બાદ વિરાટ કોહલીના નિવૃત્તિ અંગે અટકળો શરૂ થઈ ગઈ છે. એવું માનવામાં આવે છે કે વિરાટ કોહલી ટૂંક સમયમાં ટેસ્ટ ફોર્મેટમાંથી નિવૃત્તિની જાહેરાત કરી શકે છે.

'મને ફરવાનું પસંદ છે, પરંતુ સાચુ કહું...' આરસીબીની ઇનોવેશન લેબ ઇન્ડિયન સ્પોર્ટ્સ સમિટમાં વિરાટ કોહલીએ નિવૃત્તિ પછીની પોતાની યોજનાઓ વિશે વાત કરી. વિરાટ કોહલીએ કહ્યું કે મને મુસાફરી કરવી ગમે છે, પણ સાચું કહું તો મને ખબર નથી કે ક્રિકેટને અલવિદા કહ્યા પછી હું શું કરીશ? તાજેતરમાં મારા સાથી ખેલાડીએ મને આ જ પ્રશ્ન પૂછ્યો અને મેં તેનો જવાબ અહીં આપ્યો. વિરાટ કોહલી કહે છે કે ઓસ્ટ્રેલિયા પ્રવાસ દરમિયાન બોર્ડર-ગાવસ્કર ટ્રૉફીમાં મળેલી સિદ્ધિઓથી તે ખુશ છે. જોકે, આ વખતે ટીમ ઈન્ડિયાને બોર્ડર-ગાવસ્કર ટ્રોફીમાં હારનો સામનો કરવો પડ્યો હતો. પેટ કમિન્સના નેતૃત્વમાં ઓસ્ટ્રેલિયાએ ભારતીય ટીમને 3-1થી હરાવી.

વનડે ફૉર્મેટમાં ક્યાં સુધી રમશે વિરાટ કોહલી ? ૨૦૨૪માં T20 વર્લ્ડકપ જીત્યા બાદ વિરાટ કોહલીએ આંતરરાષ્ટ્રીય T20 ફોર્મેટમાંથી નિવૃત્તિની જાહેરાત કરી. તાજેતરમાં, ટીમ ઈન્ડિયાએ રોહિત શર્માની કેપ્ટનશીપમાં ચેમ્પિયન્સ લીગનો ખિતાબ જીત્યો હતો. આ પછી વિરાટ કોહલીના નિવૃત્તિના સમાચાર સતત હેડલાઇન્સમાં રહ્યા, પરંતુ આ બેટ્સમેને ODI ફોર્મેટ રમવાનું ચાલુ રાખવાનો નિર્ણય કર્યો. એવું માનવામાં આવે છે કે વિરાટ કોહલી 2027 સુધી ODI વર્લ્ડકપ રમી શકે છે. જોકે, અત્યાર સુધી આ અંગે કોઈ સત્તાવાર માહિતી જાહેર કરવામાં આવી નથી, પરંતુ અટકળો ચાલુ છે.",https://gujarati.abplive.com/sports/cricket/cricket-news-updates-virat-kohli-retirement-rumours-australia-tour-ind-vs-aus-border-gavaskar-trophy-932936,9,2025-04-01 18:40:37
,,"Saudi Arabia T20 League: શું એ કહેવું યોગ્ય છે કે ઇન્ડિયન પ્રીમિયર લીગને કારણે વિશ્વભરમાં ક્રિકેટની લોકપ્રિયતા ઝડપથી વધી છે? કદાચ હા, IPL ની બ્રાન્ડ વેલ્યૂ લાખો કરોડો સુધી પહોંચી ગઈ છે અને હવે વિશ્વભરના દેશો ફ્રેન્ચાઇઝ ક્રિકેટને પ્રોત્સાહન આપવા માટે આ પગલાને અનુસરી રહ્યા છે. એક મીડિયા રિપોર્ટમાં ખુલાસો થયો છે કે સાઉદી અરેબિયા એક T20 લીગમાં 4,300 કરોડ રૂપિયાથી વધુનું રોકાણ કરવા જઈ રહ્યું છે. સમાચાર છે કે આ લીગનું ફોર્મેટ ટેનિસ ગ્રાન્ડ સ્લેમ જેવું રાખી શકાય છે. ઓસ્ટ્રેલિયન અખબાર 'ધ એજ' અનુસાર, આવી T20 લીગ પર છેલ્લા એક વર્ષથી ઇન્ટરનેશનલ ક્રિકેટ કાઉન્સિલ (ICC) અને SRJ સ્પોર્ટ્સ ઇન્વેસ્ટમેન્ટ્સ વચ્ચે ચર્ચા ચાલી રહી છે.

રિપોર્ટમાં કહેવામાં આવ્યું છે કે, ""આ કૉન્સેપ્ટ પર એક વર્ષથી વધુ સમયથી કામ ચાલી રહ્યું છે. આ વિચાર ઓલરાઉન્ડર નીલ મેક્સવેલ દ્વારા પ્રસ્તાવિત કરવામાં આવ્યો હતો, જે ઓસ્ટ્રેલિયામાં ન્યૂ સાઉથ વેલ્સ અને વિક્ટોરિયા માટે રમી ચૂક્યા છે. મેક્સવેલ હાલમાં ઓસ્ટ્રેલિયન કેપ્ટન પેટ કમિન્સનું સંચાલન કરે છે.""

અન્ય લોકો પર શું અસર પડશે આ રિપોર્ટમાં દાવો કરવામાં આવ્યો હતો કે આ લીગની વિશ્વભરમાં ચાલી રહેલી અન્ય લીગ પર કોઈ અસર પડશે નહીં. આ લીગનો ઉદ્દેશ્ય ક્રિકેટના ભવિષ્યને સુરક્ષિત કરવાનો અને આ રમતને પ્રોત્સાહન આપવાનો છે. જે પણ ભંડોળ એકત્ર કરવામાં આવશે તેનો ઉપયોગ નાના દેશોને ઓછા નફાકારક ક્રિકેટ રમવા માટે પ્રોત્સાહિત કરવા માટે કરવામાં આવશે.

ગમે તે ટીમો બનાવવામાં આવશે, તેમનો ગઢ ક્રિકેટ રમતા દેશો હશે. આમાંથી એક ઓસ્ટ્રેલિયામાં પણ હશે. આ લીગ મહિલા અને પુરુષ બંને ક્રિકેટરો માટે શરૂ કરવામાં આવશે. ફાઇનલ મેચ સાઉદી અરેબિયામાં રમાઈ શકે છે.",https://gujarati.abplive.com/sports/ipl/new-cricket-league-news-saudi-arabia-planning-t20-league-format-tennis-grand-slam-style-mai-invest-4300-crore-ipl-news-932937,9,2025-04-01 18:40:41
,,"Mumbai Indians vs Delhi Capitals WPL 2025 Final: મુંબઈ ઈન્ડિયન્સે મહિલા પ્રીમિયર લીગ (Mumbai Indians vs Delhi Capitals WPL Final)  ની રોમાંચક ફાઇનલ મેચમાં દિલ્હી કેપિટલ્સને હરાવીને ટાઇટલ જીત્યું. પ્રથમ બેટિંગ કરતા મુંબઈએ 149 રન બનાવ્યા, જેના જવાબમાં દિલ્હી 20 ઓવરમાં માત્ર 141 રન જ બનાવી શક્યું. હરમનપ્રીત કૌરની કેપ્ટનશીપ હેઠળ, મુંબઈ ઈન્ડિયન્સે દિલ્હીને 8 રનથી હરાવ્યું અને તેમની બીજી WPL ટ્રોફી જીતી. ચાલો તમને વિજેતા મુંબઈ અને રનર્સઅપ ટીમની ઈનામી રકમ વિશે જણાવીએ.

First-ever team to win the TATA WPL Trophy 🏆First-ever team to win the TATA WPL Trophy 𝙏𝙒𝙄𝘾𝙀 🏆🏆Mumbai Indians 👏 👏Scorecard ▶ https://t.co/2dFmlnwxVj #TATAWPL | #DCvMI | #Final | @mipaltan pic.twitter.com/4TSSX4WzI5

બ્રેબોર્ન સ્ટેડિયમ ખાતે રમાયેલી ફાઇનલ મેચમાં દિલ્હી કેપિટલ્સે ટોસ જીતીને પ્રથમ બોલિંગ કરવાનો નિર્ણય લીધો. દિલ્હીના બોલરોએ કડક બોલિંગ કરી પરંતુ મુંબઈ ઈન્ડિયન્સની કેપ્ટન હરમનપ્રીત કૌરે 66 રન બનાવીને ટીમને 149 ના સન્માનજનક સ્કોર સુધી પહોંચાડી દીધી. 44 બોલની આ ઇનિંગમાં કૌરે ચાર ચોગ્ગા અને બે છગ્ગા ફટકાર્યા.

𝘾𝙖𝙥𝙩𝙖𝙞𝙣'𝙨 𝙆𝙣𝙤𝙘𝙠 🫡Harmanpreet Kaur leading by example on the big stage 💪Updates ▶ https://t.co/2dFmlnwxVj #TATAWPL | #DCvMI | #Final | @ImHarmanpreet pic.twitter.com/OKAGIr37JE

છેલ્લી ઓવર સુધી રોમાંચક મેચ ચાલી, મુંબઈએ ફાઇનલ જીતી

મુંબઈ ઈન્ડિયન્સ આ મેચ એકતરફી જીતી શક્યું ન હતું, દિલ્હી કેપિટલ્સના બેટ્સમેનોએ છેલ્લી ઓવર સુધી લડત આપી હતી. મેરિઝેન કાપે 26 બોલમાં 40 રન અને નિક્કી પ્રસાદે 23 બોલમાં 25 રન બનાવીને દિલ્હીને મેચમાં રોમાંસ યથાવત રાખ્યો હતો પરંતુ અંતે મુંબઈ ઈન્ડિયન્સે મેચ જીતી લીધી. દિલ્હી લક્ષ્યથી 9 રન પાછળ રહી ગયું અને મુંબઈ ઇન્ડિયન્સે 8 રનથી મેચ જીતી લીધી. મુંબઈ માટે, નતાલી સ્કીવરે મેગ લેનિંગ સહિત 3 મહત્વપૂર્ણ વિકેટ લીધી, તેણીએ તેના 4 ઓવરના સ્પેલમાં 30 રન આપ્યા.

WPL 2025 Winner Prize Money: મુંબઈ ઈન્ડિયન્સને કેટલી ઈનામી રકમ મળી?

મહિલા પ્રીમિયર લીગની વિજેતા ટીમ, મુંબઈ ઇન્ડિયન્સને 6 કરોડ રૂપિયાની ઇનામી રકમ મળી છે.

WPL 2025 runner up prize money: દિલ્હી કેપિટલ્સને શું મળ્યું?

મહિલા પ્રીમિયર લીગની રનર-અપ ટીમ દિલ્હી કેપિટલ્સને 3 કરોડ રૂપિયાની ઇનામી રકમ મળી છે.",https://gujarati.abplive.com/sports/cricket/wpl-2025-winner-mumbai-indians-prize-money-know-much-gets-runner-up-delhi-capitals-932922,9,2025-04-01 18:40:45
,,"MI vs DC Final Match Highlights: વુમન્સ પ્રીમિયર લીગની ફાઇનલમાં મુંબઈ ઇન્ડિયન્સે દિલ્હી કેપિટલ્સ સામે 8 રનથી વિજય મેળવ્યો. આ સાથે, MI બીજી વખત WPL ચેમ્પિયન બન્યું છે. મુંબઈના બ્રેબોર્ન સ્ટેડિયમ ખાતે રમાયેલી આ મેચમાં મુંબઈએ પ્રથમ બેટિંગ કરતા 149 રન બનાવ્યા હતા. જવાબમાં, દિલ્હી કેપિટલ્સે અંત સુધી લડત આપી પરંતુ લક્ષ્યથી 8 રન પાછળ રહી ગઈ. મેચ છેલ્લી ઓવર સુધી ચાલી, પરંતુ કેપ્ટન મેગ લેનિંગ દિલ્હીને સતત ત્રીજી ફાઇનલ હારથી બચાવી શકી નહીં.

છેલ્લી ઓવર સુધી રોમાંચક મેચ ચાલીWPL 2025 ટુર્નામેન્ટમાં, ફરી એકવાર પીછો કરતી ટીમ બ્રેબોર્ન સ્ટેડિયમ ખાતે હારી ગઈ છે. ટોસ હાર્યા બાદ મુંબઈની ટીમ પહેલા બેટિંગ કરવા આવી. ખરાબ શરૂઆત પછી, કેપ્ટન હરમનપ્રીત કૌર અને નેટ સાયવર બ્રન્ટે 89 રનની ભાગીદારી કરીને MIનો સ્કોર ફરતો રાખ્યો. એક તરફ, હરમનપ્રીતે 66 રનની કેપ્ટનશીપ ઇનિંગ રમી, તો બીજી તરફ, સાયવર-બ્રન્ટે 30 રનની ઇનિંગ રમી.

જ્યારે દિલ્હીનો વારો આવ્યો, ત્યારે મેરિઝેન કાપ અને જેમિમા રોડ્રિગ્સ સિવાય કોઈ મોટી ઇનિંગ્સ રમી શક્યું નહીં. કેપે 40 રન અને રોડ્રિગ્ઝે 30 રન બનાવ્યા. તેના સિવાય, નિક્કી પ્રસાદ અંત સુધી ક્રીઝ પર રહી. પરિસ્થિતિ એવી હતી કે દિલ્હી પાસે ફક્ત એક જ વિકેટ બાકી હતી અને તેને જીતવા માટે 14 રન બનાવવાના હતા. દિલ્હી એક પછી એક રન લેતું રહ્યું, પરિણામે લક્ષ્ય 1 બોલમાં 10 રન થઈ ગયું. છેલ્લા બોલ પર ફક્ત 1 રન આવ્યો, જેના કારણે મુંબઈએ 8 રનથી મેચ જીતી લીધી.

મુંબઈ બીજી વખત WPL ચેમ્પિયન બન્યુંઆ બીજી વખત છે જ્યારે મુંબઈ ઇન્ડિયન્સે WPL ટાઇટલ જીત્યું છે. આ પહેલા, મુંબઈ મહિલા પ્રીમિયર લીગની પ્રથમ સીઝનની વિજેતા હતી. તે મેચમાં, MI એ દિલ્હીને 7 વિકેટથી હરાવ્યું હતું, જ્યારે આ વખતે દિલ્હીને 8 રને હારનો સામનો કરવો પડ્યો હતો. તમને જણાવી દઈએ કે મુંબઈ એકમાત્ર ટીમ છે જે બે વાર WPL ચેમ્પિયન બની છે. દિલ્હીના નામે એક શરમજનક રેકોર્ડ ઉમેરાયો છે કારણ કે તે એક નહીં, બે નહીં, પરંતુ સતત ત્રણ ફાઇનલ હારી ગયું છે. 2023માં, તેને MI, 2024માં RCB અને હવે ફરી એકવાર મુંબઈ ઇન્ડિયન્સ સામે હારનો સામનો કરવો પડ્યો અને તેણે ટાઇટલ જીત્યું.",https://gujarati.abplive.com/sports/cricket/mi-vs-dc-final-match-full-highlights-mumbai-indians-wpl-champion-2nd-time-932913,9,2025-04-01 18:40:49
,,"Virat Kohli Test retirement: IPL 2025ની શરૂઆત પહેલા ભારતીય ક્રિકેટ ટીમના સ્ટાર બેટ્સમેન વિરાટ કોહલીએ પોતાના નિવેદનોથી ક્રિકેટ જગતમાં ખળભળાટ મચાવી દીધો છે. એક તરફ તેણે ટેસ્ટ ક્રિકેટમાંથી સંન્યાસ લેવાના સંકેત આપ્યા છે, તો બીજી તરફ T20 ક્રિકેટમાંથી નિવૃત્તિ પાછી ખેંચી લેવાની શક્યતા પણ વ્યક્ત કરી છે.

ન્યૂઝ એજન્સી પીટીઆઈના અહેવાલ અનુસાર, વિરાટ કોહલીએ તાજેતરમાં પોતાની નિવૃત્તિ અંગે વાત કરતાં કહ્યું હતું કે તેણે ખરેખર એ વિશે વિચાર્યું નથી કે નિવૃત્તિ પછી તે શું કરવા માંગે છે. તેણે પોતાના એક સાથી ખેલાડી સાથે થયેલી વાતચીતનો ઉલ્લેખ કરતાં કહ્યું કે હા, નિવૃત્તિ પછી તે કદાચ ઘણો પ્રવાસ કરવાનું પસંદ કરશે.

ટેસ્ટ ક્રિકેટમાં પોતાના ભવિષ્ય વિશે વાત કરતાં વિરાટ કોહલીએ કહ્યું કે કદાચ હવે તે ઓસ્ટ્રેલિયાના પ્રવાસે નહીં જઈ શકે. તેણે સ્પષ્ટ શબ્દોમાં કહ્યું કે, ""હું કદાચ મારી કારકિર્દીમાં આગામી ઓસ્ટ્રેલિયન પ્રવાસ કરી શકીશ નહીં, તેથી અત્યાર સુધી જે થયું છે તેનાથી હું સંતુષ્ટ છું."" ઉલ્લેખનીય છે કે ભારતીય ટીમે છેલ્લે ઓસ્ટ્રેલિયાનો પ્રવાસ કર્યો ત્યારે કોહલીનું બેટ ધાર્યું પ્રદર્શન કરી શક્યું નહોતું, જોકે તેણે પર્થમાં રમાયેલી પ્રથમ ટેસ્ટમાં સદી જરૂર ફટકારી હતી. બોર્ડર-ગાવસ્કર ટ્રોફીની પાંચ ટેસ્ટ મેચોમાં તેણે માત્ર 190 રન બનાવ્યા હતા.

પરંતુ ચાહકો માટે એક સારા સમાચાર પણ છે. વિરાટ કોહલીએ T20 ક્રિકેટમાંથી પોતાની નિવૃત્તિ પર યુ-ટર્ન લેવાના સંકેત આપ્યા છે. 2028માં લોસ એન્જલસમાં યોજાનારા ઓલિમ્પિક રમતોમાં ક્રિકેટનો સમાવેશ થવાનો છે અને આ ટૂર્નામેન્ટ T20 ફોર્મેટમાં રમાશે. અગાઉ વિરાટની નિવૃત્તિ બાદ એવું માનવામાં આવતું હતું કે તે ઓલિમ્પિકમાં ભાગ નહીં લઈ શકે. પરંતુ હવે તેણે કહ્યું છે કે જો ભારતીય ટીમ 2028ના લોસ એન્જલસ ઓલિમ્પિકની ફાઇનલમાં પહોંચે છે, તો તે ચોક્કસપણે તે મેચ માટે પોતાની નિવૃત્તિમાંથી બહાર આવવા વિશે વિચારી શકે છે. વિરાટે ઓલિમ્પિક મેડલ જીતવાની ક્ષણને ખૂબ જ યાદગાર ગણાવી છે.

વિરાટ કોહલીના આ નિવેદનોએ તેના ચાહકોને મૂંઝવણમાં મૂકી દીધા છે. એક તરફ તેઓ ટેસ્ટ ક્રિકેટમાં તેના ભવિષ્યને લઈને ચિંતિત છે, તો બીજી તરફ ઓલિમ્પિકમાં તેને T20 ફોર્મેટમાં રમતો જોવાની આશા પણ રાખી રહ્યા છે. હવે સૌની નજર IPL 2025 પર રહેશે, જ્યાં વિરાટ કોહલીના પ્રદર્શનથી તેના ભવિષ્ય અંગે વધુ અંદાજો લગાવી શકાશે.",https://gujarati.abplive.com/sports/cricket/virat-kohli-on-retirement-test-exit-t20-comeback-before-ipl-2025-932884,9,2025-04-01 18:40:53
,,"ક્રિકેટના ચાહકો માટે એક મોટા સમાચાર સામે આવી રહ્યા છે. સાઉદી અરેબિયા ક્રિકેટ જગતમાં એક નવી શરૂઆત કરવા માટે અધધધ રકમનું રોકાણ કરવા જઈ રહ્યું છે. રિપોર્ટ અનુસાર, સાઉદી અરેબિયા એક નવી T20 ક્રિકેટ લીગ શરૂ કરવાની યોજના બનાવી રહ્યું છે, જેમાં અંદાજે 434,742,00,000 રૂપિયા (4 ખર્વ 34 અબજ 74 કરોડ 20 લાખ રૂપિયા અથવા 4300 કરોડથી વધુ)નું જંગી રોકાણ કરવામાં આવશે. આ લીગનું ફોર્મેટ પણ અત્યાર સુધીની તમામ લીગથી અલગ અને નવું હશે, જેના કારણે ક્રિકેટ વિશ્વમાં એક નવો ઉત્સાહ જોવા મળી શકે છે.

ઓસ્ટ્રેલિયન અખબાર 'ધ એજ'ના એક અહેવાલ મુજબ, આ નવી T20 લીગને ટેનિસ ગ્રાન્ડ સ્લેમ જેવું ફોર્મેટ આપવામાં આવી શકે છે. આ લીગની સંભાવનાને લઈને ઇન્ટરનેશનલ ક્રિકેટ કાઉન્સિલ (ICC) અને સાઉદી અરેબિયાની SRJ સ્પોર્ટ્સ ઇન્વેસ્ટમેન્ટ્સ વચ્ચે છેલ્લા એક વર્ષથી ગુપ્ત મંત્રણાઓ ચાલી રહી છે. આટલું મોટું રોકાણ દર્શાવે છે કે સાઉદી અરેબિયા ક્રિકેટને વૈશ્વિક સ્તરે પ્રોત્સાહન આપવા માટે ગંભીરતાથી કામ કરી રહ્યું છે અને આ લીગ IPL જેવી લોકપ્રિય લીગને પણ ટક્કર આપી શકે છે.

રિપોર્ટમાં વધુમાં જણાવવામાં આવ્યું છે કે આ લીગનો વિચાર ઓસ્ટ્રેલિયાના જાણીતા ઓલરાઉન્ડર નીલ મેક્સવેલ દ્વારા રજૂ કરવામાં આવ્યો હતો. નીલ મેક્સવેલ ઓસ્ટ્રેલિયામાં ન્યૂ સાઉથ વેલ્સ અને વિક્ટોરિયા જેવી ટીમો માટે રમે છે અને હાલમાં તે ઓસ્ટ્રેલિયન ટીમના કેપ્ટન પેટ કમિન્સનું સંચાલન પણ કરે છે. આ વાત પરથી અંદાજો લગાવી શકાય છે કે આ લીગને આંતરરાષ્ટ્રીય સ્તરે કેટલું મહત્વ આપવામાં આવી રહ્યું છે.

આ નવી લીગની ખાસ વાત એ છે કે તેનો ઉદ્દેશ્ય માત્ર પૈસા કમાવવાનો નથી, પરંતુ ક્રિકેટના ભવિષ્યને સુરક્ષિત કરવાનો અને આ રમતને વધુ લોકપ્રિય બનાવવાનો છે. અહેવાલમાં એવો પણ દાવો કરવામાં આવ્યો છે કે આ લીગ વિશ્વભરમાં ચાલી રહેલી અન્ય ક્રિકેટ લીગ પર કોઈ નકારાત્મક અસર નહીં કરે. આ લીગ દ્વારા એકત્ર કરવામાં આવેલા ભંડોળનો ઉપયોગ નાના અને ઓછી નફાકારક ક્રિકેટ રમતા દેશોને પ્રોત્સાહિત કરવા માટે પણ કરવામાં આવશે.

આ લીગમાં જે પણ ટીમો બનશે, તેમનો મુખ્ય આધાર ક્રિકેટ રમતા દેશોમાં હશે. રસપ્રદ વાત એ છે કે આમાંથી એક ટીમ ઓસ્ટ્રેલિયામાં પણ બનશે. આ લીગ માત્ર પુરુષો માટે જ નહીં, પરંતુ મહિલા ક્રિકેટરો માટે પણ શરૂ કરવામાં આવશે, જે મહિલા ક્રિકેટને વધુ પ્રોત્સાહન આપશે. આ લીગની ફાઈનલ મેચ સાઉદી અરેબિયામાં રમાઈ શકે છે, જે આ દેશ માટે ક્રિકેટના ક્ષેત્રમાં એક મોટી સિદ્ધિ સાબિત થશે.

સાઉદી અરેબિયાનું આ જંગી રોકાણ ક્રિકેટ જગતમાં એક નવો બદલાવ લાવશે અને આ રમતને એક નવી ઊંચાઈ પર લઈ જશે તેવું માનવામાં આવી રહ્યું છે. હવે જોવાનું એ રહેશે કે આ નવી લીગ ક્યારે શરૂ થાય છે અને તેનું ફોર્મેટ શું હશે.",https://gujarati.abplive.com/sports/cricket/saudi-arabia-plans-t20-league-in-grand-slam-format-4300-cr-investment-932882,9,2025-04-01 18:40:57
,,"Virat Kohli Test career: IPL 2025ની શરૂઆત પહેલા જ ભારતીય ક્રિકેટ ટીમના સ્ટાર બેટ્સમેન વિરાટ કોહલીએ પોતાના એક નિવેદનથી ક્રિકેટ ચાહકોને ચિંતામાં મૂકી દીધા છે. રોયલ ચેલેન્જર્સ બેંગ્લોર (RCB)ની એક ઇવેન્ટ દરમિયાન તેના તાજેતરના ફોર્મ અંગે પૂછવામાં આવેલા પ્રશ્નોના જવાબમાં કોહલીએ સંકેત આપ્યો હતો કે તે કદાચ ફરીથી ઓસ્ટ્રેલિયામાં રમતા જોવા નહીં મળે.

ચેમ્પિયન્સ ટ્રોફી જીત્યા બાદ પણ ટીમ ઈન્ડિયાના કેટલાક સિનિયર ખેલાડીઓના ભવિષ્યને લઈને અટકળો ચાલી રહી છે. જો કે કેપ્ટન રોહિત શર્માએ આ વાતનો હાલમાં ઇનકાર કર્યો છે, પરંતુ વિરાટ કોહલીએ આ અંગે કોઈ સ્પષ્ટ વાત કરી નથી. હવે IPL 2025ની 18મી સિઝન માટે બેંગલુરુમાં જોડાયેલા કોહલીએ પોતાની ટેસ્ટ કારકિર્દી વિશે વાત કરતાં કહ્યું હતું કે તે કદાચ ફરીથી ઓસ્ટ્રેલિયાના પ્રવાસે નહીં જાય.

શનિવારે 15 માર્ચે RCBની એક ઇવેન્ટમાં કોહલીએ ચાહકોના અનેક પ્રશ્નોના જવાબ આપ્યા હતા. આ દરમિયાન તેમના તાજેતરના ફોર્મને લઈને પણ સવાલ પૂછવામાં આવ્યો હતો. ચેમ્પિયન્સ ટ્રોફીમાં 200થી વધુ રન બનાવનાર વિરાટ કોહલી આ પહેલા ઓસ્ટ્રેલિયાના પ્રવાસે પોતાની બેટિંગથી પ્રભાવ પાડી શક્યો નહોતો. તેણે માત્ર એક જ સદી ફટકારી હતી, જ્યારે અગાઉ ઓસ્ટ્રેલિયામાં તેનો રેકોર્ડ ખૂબ જ શાનદાર રહ્યો છે.

ઓસ્ટ્રેલિયાના પ્રવાસ દરમિયાન કોહલી ઘણી વખત ઓફ-સ્ટમ્પની બહારના બોલ પર આઉટ થયો હતો, જેના કારણે માત્ર ચાહકો જ નહીં પરંતુ ક્રિકેટ નિષ્ણાતો પણ આશ્ચર્યચકિત અને પરેશાન હતા. જ્યારે કોહલીને આ પ્રવાસ પર તેની બેટિંગમાં થયેલા સંઘર્ષ વિશે પૂછવામાં આવ્યું ત્યારે તેણે કહ્યું, ""હું ફરીથી ઓસ્ટ્રેલિયા પ્રવાસ પર નહીં રમી શકું, તેથી ભૂતકાળમાં જે પણ થયું, હું તેનાથી સંતુષ્ટ છું."" ઉલ્લેખનીય છે કે ટીમ ઈન્ડિયાનો આગામી ઓસ્ટ્રેલિયા પ્રવાસ 2027ના અંતમાં યોજાવાનો છે.

ઓસ્ટ્રેલિયાના પ્રવાસમાં મળેલી આ નિષ્ફળતા બાદ કોહલીની ટેસ્ટ કારકિર્દી પર અનેક સવાલો ઉઠી રહ્યા છે. શું IPL પછી ઈંગ્લેન્ડના પ્રવાસે ટીમમાં તેની પસંદગી થશે? અને જો પસંદગી પામશે તો શું તે આ શ્રેણી પછી જ નિવૃત્તિની જાહેરાત કરશે? મીડિયા, નિષ્ણાતો અને ચાહકો સતત આ પ્રશ્નો પૂછી રહ્યા છે અને તેના પર ચર્ચા કરી રહ્યા છે. પરંતુ કોહલીના આ નિવેદને ચોક્કસપણે તેના ચાહકોને એક નવી ચિંતા આપી છે કે કદાચ કોહલી અચાનક જ ટેસ્ટ ક્રિકેટમાંથી નિવૃત્તિની જાહેરાત કરી શકે છે.

જો કે, ચાહકો ફરી એકવાર વિરાટ કોહલીને ટેસ્ટ ક્રિકેટમાં શાનદાર પ્રદર્શન કરતા જોવા માંગે છે અને તેઓ આશા રાખી રહ્યા છે કે ઇંગ્લેન્ડના પ્રવાસે તેના બેટમાંથી રનનો વરસાદ થશે, જેથી જો તે નિવૃત્ત થાય તો પણ તે ચાહકો માટે ખુશીની યાદો સાથે જાય. હાલ તો કોહલીના આ નિવેદનથી ચાહકોમાં ગણગણાટ શરૂ થઈ ગયો છે અને તેઓ IPL 2025માં તેના પ્રદર્શન પર નજર રાખશે.",https://gujarati.abplive.com/sports/cricket/kohli-s-future-in-tests-uncertain-says-might-not-play-in-australia-again-932880,9,2025-04-01 18:41:01
,,"RCB Playing 11 IPL 2025: ઇન્ડિયન પ્રીમિયર લીગની 18મી સીઝન માટે રણશિંગુ ફૂંકાઈ ગયું છે. બધી 10 ટીમો IPL 2025 ની તૈયારીઓમાં વ્યસ્ત છે. આ વર્ષે IPL 22 માર્ચથી શરૂ થશે. સિઝનની પહેલી મેચ રોયલ ચેલેન્જર્સ બેંગલુરુ (RCB) અને કોલકાતા નાઈટ રાઈડર્સ (KKR) વચ્ચે રમાશે. આ સિઝનના પહેલા મેચમાં RCB ની પ્લેઇંગ ઇલેવન કેવી હોઈ શકે છે તે જાણો.

આ સિઝનમાં બેંગલુરુએ ખૂબ જ મજબૂત ટીમ બનાવી છે. વર્ષો પછી, RCB ટીમમાં કોઈ ખામી દેખાતી નથી. ટીમમાં ઘણા T20 નિષ્ણાત ખેલાડીઓ છે. આ ઉપરાંત, ટીમનો ઝડપી બોલિંગ વિભાગ પણ આ વર્ષે ખૂબ જ મજબૂત દેખાઈ રહ્યો છે. ટીમમાં ઘણા ઓલરાઉન્ડર પણ છે.

#18 for season 18.He's home! 🤩 pic.twitter.com/t3H2QkN4HE

પ્લેઇંગ ઇલેવનની વાત કરીએ તો, કિંગ કોહલી અને ઇંગ્લેન્ડના વિસ્ફોટક વિકેટકીપર બેટ્સમેન ફિલ સોલ્ટ ઇનિંગની શરૂઆત કરતા જોવા મળશે. આ પછી, કેપ્ટન રજત પાટીદાર ત્રીજા નંબર પર રમતો જોવા મળશે. જીતેશ શર્મા ચોથા નંબરે રમી શકે છે. તેને T20નો સ્પેશિયાલિસ્ટ બેટ્સમેન કહેવામાં આવે છે. જીતેશ ઝડપથી રન બનાવવામાં માહિર છે.

આ વર્ષે RCB પાસે ફિનિશરની ભૂમિકા માટે ઘણા મજબૂત ખેલાડીઓ છે. ટિમ ડેવિડ પાંચમા નંબરે અને લિયામ લિવિંગસ્ટોન છઠ્ઠા નંબરે રહેશે. આ બંનેને ટેકો આપવા માટે, કૃણાલ પંડ્યા પણ સાતમા નંબરે હશે. આ રીતે, આ સિઝનમાં RCB પાસે નંબર એકથી લઈને નંબર સાત સુધીના મજબૂત બેટ્સમેનોની ફોજ છે.

બોલિંગની વાત કરીએ તો, ઝડપી બોલિંગ વિભાગ પણ ખૂબ જ મજબૂત દેખાય છે. ભુવનેશ્વર કુમારને ટેકો આપવા માટે રસિક દાર સલામ, યશ દયાલ, જોશ હેઝલવુડ અને રોમારિયો શેફર્ડ હાજર છે. સુયશ શર્મા સ્પિનમાં છે. આ ઉપરાંત, કૃણાલ અને લિવિંગસ્ટોન સ્પિન વિભાગમાં પણ મહત્વપૂર્ણ યોગદાન આપી શકે છે.

RCB ની સંભવિત પ્લેઇંગ ઈલેવન- ફિલ સોલ્ટ, વિરાટ કોહલી, રજત પાટીદાર, જીતેશ શર્મા (વિકેટકીપર), ટિમ ડેવિડ, લિયામ લિવિંગસ્ટોન, કૃણાલ પંડ્યા, જોશ હેઝલવુડ/રોમારિયો શેફર્ડ, ભુવનેશ્વર કુમાર, રસિક દાર સલામ અને યશ દયાલ.

ઇમ્પેક્ટ સબ- સુયશ શર્મા

This Man and the Aura. 😮‍💨🤌 pic.twitter.com/TkBv879DQs",https://gujarati.abplive.com/sports/cricket/rcb-probable-playing-11-ipl-2025-phil-salt-virat-kohli-open-jitesh-sharma-krunal-pandya-royal-challengers-bengaluru-playing-xi-2025-932874,9,2025-04-01 18:41:04
,,"The Hundred 2025 Pakistan players: પાકિસ્તાની ક્રિકેટ ખેલાડીઓ માટે આ સમયગાળો અત્યંત નિરાશાજનક રહ્યો છે. ICC ચેમ્પિયન્સ ટ્રોફી 2025ની યજમાની કરીને પાકિસ્તાનને પોતાની ટીમ પાસેથી સારા પ્રદર્શનની અને દેશમાં ક્રિકેટના ઉત્સાહને નવી ઊંચાઈએ લઈ જવાની અપેક્ષા હતી. જો કે, ટીમનું પ્રદર્શન ધાર્યા પ્રમાણે રહ્યું નહીં અને તેઓ ગ્રુપ સ્ટેજમાંથી જ બહાર થઈ ગયા, જેના કારણે ઘરઆંગણે ટીકાનો સામનો કરવો પડ્યો. આ નિરાશા ઓછી નહોતી કે ત્યારબાદ એક વધુ આંચકો લાગ્યો જ્યારે ટીમ ઈન્ડિયાએ સેમીફાઈનલમાં શાનદાર પ્રદર્શન કરીને ઓસ્ટ્રેલિયાને હરાવ્યું અને ફાઈનલમાં પોતાનું સ્થાન નિશ્ચિત કર્યું. આ પરિણામના કારણે ચેમ્પિયન્સ ટ્રોફીની ફાઈનલ મેચની યજમાની પાકિસ્તાન પાસેથી છીનવાઈ ગઈ અને ટાઇટલ મુકાબલો લાહોરની જગ્યાએ દુબઈમાં યોજાયો, જ્યાં ભારતીય ટીમે ન્યૂઝીલેન્ડને પરાજિત કરીને 12 વર્ષ બાદ ફરી એકવાર ચેમ્પિયન્સ ટ્રોફી પર કબજો જમાવ્યો.

ચેમ્પિયન્સ ટ્રોફી 2025માં મળેલી આ શરમજનક હારની અસર હજુ ઓછી થઈ નહોતી કે પાકિસ્તાની ક્રિકેટરોને ફરી એકવાર નિરાશાનો સામનો કરવો પડ્યો છે. તાજેતરની ઘટના ઇંગ્લેન્ડની લોકપ્રિય ટી20 લીગ ધ હન્ડ્રેડ સાથે સંબંધિત છે. હકીકતમાં, પાકિસ્તાનના ઘણા ટોચના અને પ્રતિભાશાળી ક્રિકેટરોએ આ લીગના ડ્રાફ્ટમાં પોતાનું નામ નોંધાવ્યું હતું, પરંતુ આશ્ચર્યજનક રીતે તેમાંથી એક પણ ખેલાડીને કોઈ ફ્રેન્ચાઇઝીએ ખરીદવામાં રસ દાખવ્યો નથી. પાકિસ્તાનના સ્ટાર ફાસ્ટ બોલર નસીમ શાહ, આક્રમક બેટ્સમેન સેમ અયુબ અને અનુભવી ઓલરાઉન્ડર શાદાબ ખાન જેવા ખેલાડીઓ પણ એવા કમનસીબ ખેલાડીઓમાં સામેલ હતા જેમના પર કોઈ ફ્રેન્ચાઇઝીએ બોલી લગાવી નહોતી. આ વખતે પાકિસ્તાનના કુલ 50 ખેલાડીઓ - 45 પુરુષ અને 5 મહિલા ક્રિકેટરો - ડ્રાફ્ટમાં સામેલ થયા હતા, પરંતુ કોઈને પણ ટીમ મળી નથી.

મહત્વની વાત એ છે કે નસીમ શાહ અને શાદાબ ખાન £1,20,000ની સૌથી ઊંચી રિઝર્વ પ્રાઇઝ કેટેગરીમાં હતા, જે દર્શાવે છે કે તેમની કેટલી માંગ હોઈ શકે છે. જ્યારે યુવા બેટ્સમેન સેમ અયુબ પણ £78,500ની સારી એવી પ્રાઇઝ કેટેગરીમાં હતો. મહિલા ક્રિકેટરોમાં આલિયા રિયાઝ, ફાતિમા સના, યુસરા આમિર, ઇરમ જાવેદ અને જવેરિયા રઉફ જેવા જાણીતા નામો હોવા છતાં, તેઓને પણ કોઈ ટીમ દ્વારા પસંદ કરવામાં આવ્યા નથી. આ ઘટના પાકિસ્તાની ક્રિકેટ માટે ચોક્કસપણે એક મોટો આંચકો છે અને ખેલાડીઓના મનોબળ પર તેની નકારાત્મક અસર પડી શકે છે.

પાકિસ્તાની ખેલાડીઓની આ સ્પષ્ટ અવગણના પાછળ ઘણા કારણો માનવામાં આવી રહ્યા છે. એક મુખ્ય કારણ એ છે કે ધ હન્ડ્રેડ લીગમાં હવે ઈન્ડિયન પ્રીમિયર લીગ (આઈપીએલ) ટીમના માલિકોનો પ્રભાવ વધી રહ્યો છે. હાલમાં ચાર આઈપીએલ ફ્રેન્ચાઈઝી - મુંબઈ ઈન્ડિયન્સ (જે ઓવલ ઈન્વિન્સીબલ્સની માલિકી ધરાવે છે), લખનૌ સુપર જાયન્ટ્સ (માન્ચેસ્ટર ઓરિજિનલ્સ), સનરાઈઝર્સ હૈદરાબાદ (નોર્ધન સુપરચાર્જર્સ) અને દિલ્હી કેપિટલ્સ (સધર્ન બ્રેવ) ધ હન્ડ્રેડમાં હિસ્સો ધરાવે છે. આ ઉપરાંત, ભારતીય-અમેરિકન ઉદ્યોગપતિ સંજય ગોવિલ વેલ્શ ફાયર ટીમમાં 50 ટકા હિસ્સો ધરાવે છે. આ સંજોગોમાં, રાજકીય તણાવ અથવા અન્ય વ્યૂહાત્મક કારણોસર પાકિસ્તાની ખેલાડીઓને પસંદ કરવામાં ઓછો રસ દાખવવામાં આવી શકે છે.

બીજું મહત્વનું કારણ પાકિસ્તાની ખેલાડીઓનું તાજેતરનું મર્યાદિત ઓવરોના ફોર્મેટમાં નબળું પ્રદર્શન હોવાનું પણ માનવામાં આવી રહ્યું છે. ચેમ્પિયન્સ ટ્રોફીમાં તેમનું પ્રદર્શન નિરાશાજનક રહ્યું હતું અને ઘણા ખેલાડીઓ પોતાની ફોર્મ સાથે સંઘર્ષ કરી રહ્યા છે. આ કારણે ફ્રેન્ચાઇઝીઓએ કદાચ અન્ય ખેલાડીઓને પ્રાથમિકતા આપી હોઈ શકે છે.

ચેમ્પિયન્સ ટ્રોફીમાં ઘરઆંગણે મળેલી હાર અને હવે ધ હન્ડ્રેડ લીગના ડ્રાફ્ટમાં એક પણ ખેલાડીને ખરીદનાર ન મળવાથી પાકિસ્તાની ક્રિકેટ ખેલાડીઓ અને તેમના ચાહકોમાં ભારે નિરાશા જોવા મળી રહી છે. આ ઘટના પાકિસ્તાની ક્રિકેટ બોર્ડ (પીસીબી) માટે પણ એક ચિંતાનો વિષય છે અને ભવિષ્યમાં ખેલાડીઓના પ્રદર્શન અને તેમની પસંદગી પર તેની કેવી અસર પડે છે તે જોવાનું રહેશે.",https://gujarati.abplive.com/sports/cricket/the-hundred-draft-2025-pakistan-players-snubbed-as-none-get-selected-932866,9,2025-04-01 18:41:08
,,"MI Vs DC Stats & Records: શું હરમનપ્રીત કૌરની કેપ્ટનશીપ હેઠળની મુંબઈ ઈન્ડિયન્સ બીજી વખત ચેમ્પિયન બનશે? શું દિલ્હી કેપિટલ્સ તેમનું પહેલું મહિલા પ્રીમિયર લીગ ટાઇટલ જીતવામાં સફળ થશે? જોકે, આજે ફાઇનલ મુંબઈ ઇન્ડિયન્સ અને દિલ્હી કેપિટલ્સ વચ્ચે રમાશે. પણ આ બંનેમાંથી કઈ ટીમનો હાથ ઉપર છે? શું મુંબઈ ઈન્ડિયન્સ લીગ મેચોમાં દિલ્હી કેપિટલ્સ સામેની પોતાની 2 હારનો બદલો લઈ શકશે? આ પહેલા, મુંબઈ ઈન્ડિયન્સ અને દિલ્હી કેપિટલ્સ ગ્રુપ સ્ટેજમાં બે વાર આમને-સામને થયા હતા. બંને વખત મેગ લેનિંગની દિલ્હી કેપિટલ્સે મુંબઈ ઈન્ડિયન્સને હરાવ્યું.

બન્ને ટીમોના હેડ ટૂ હેડ રેકોર્ડ શું છે ? અત્યાર સુધીમાં, મુંબઈ ઈન્ડિયન્સ અને દિલ્હી કેપિટલ્સ 7 વખત એકબીજા સામે આવી ચૂક્યા છે. જેમાં દિલ્હી કેપિટલ્સે મુંબઈ ઈન્ડિયન્સને 4 વખત હરાવ્યું છે. વળી, મુંબઈ ઈન્ડિયન્સે દિલ્હી કેપિટલ્સને 3 વખત હરાવ્યું છે. આ રીતે, મુંબઈ ઈન્ડિયન્સ સામે દિલ્હી કેપિટલ્સનો હાથ ઉપર છે, પરંતુ ફાઇનલમાં કઈ ટીમનો હાથ ઉપર છે? વાસ્તવમાં, મહિલા પ્રીમિયર લીગની પહેલી સીઝનની ફાઇનલમાં મુંબઈ ઇન્ડિયન્સ અને દિલ્હી કેપિટલ્સની ટીમો ટકરાઈ હતી. ત્યારે હરમનપ્રીત કૌરની કેપ્ટનશીપ હેઠળ મુંબઈ ઈન્ડિયન્સે દિલ્હી કેપિટલ્સને હરાવ્યું હતું.

સતત ત્રીજી સિઝન ફાઇનલમાં પહોંચી દિલ્હી કેપિટલ્સ - મેગ લેનિંગની આગેવાની હેઠળ દિલ્હી કેપિટલ્સ સતત ત્રીજી વખત મહિલા પ્રીમિયરની ફાઇનલમાં પહોંચી છે. પણ હજુ પણ પહેલા ટાઇટલની રાહ જોવાઈ રહી છે. ખરેખર, પહેલી સીઝનની ફાઇનલમાં, મુંબઈ ઇન્ડિયન્સે દિલ્હી કેપિટલ્સ સામે 7 વિકેટે વિજય મેળવ્યો હતો. આ પછી, બીજી સીઝનની ફાઇનલમાં, દિલ્હી કેપિટલ્સનો સામનો રોયલ ચેલેન્જર્સ બેંગ્લોર સાથે થયો. તે મેચમાં, રોયલ ચેલેન્જર્સ બેંગ્લોરે દિલ્હી કેપિટલ્સ સામે 8 વિકેટે વિજય મેળવ્યો હતો. આ રીતે, દિલ્હી કેપિટલ્સને બંને વખત ફાઇનલમાં હારનો સામનો કરવો પડ્યો છે. પરંતુ આજે એ જોવાનું રસપ્રદ રહેશે કે દિલ્હી કેપિટલ્સ પહેલીવાર ચેમ્પિયન બની શકશે કે નહીં?",https://gujarati.abplive.com/sports/ipl/mi-vs-dc-match-mumbai-indians-delhi-capitals-women-s-premier-league-final-stats-and-records-mi-vs-dc-wpl-2025-latest-sports-news-932857,9,2025-04-01 18:41:12
,,"Rohit sharma with family in maldives: ટીમ ઈન્ડિયાના કેપ્ટન અને આઈપીએલમાં મુંબઈ ઈન્ડિયન્સનો ખેલાડી, રોહિત શર્મા હાલમાં તેના પરિવાર સાથે માલદીવમાં છે, જ્યાં તે વેકેશન માણી રહ્યો છે. રોહિત શર્મા તાજેતરમાં દુબઈથી પાછો ફર્યો છે, જ્યાં ભારત ચેમ્પિયન્સ ટ્રોફી રમી રહ્યું હતું અને ન્યુઝીલેન્ડને હરાવીને ટાઇટલ જીત્યું હતું. પોતાની IPL ટીમમાં જોડાતા પહેલા, રોહિત શર્મા તેની પત્ની, પુત્રી અને પુત્ર સાથે રજાઓ મનાવવા માલદીવ ગયો હતો. રોહિત શર્માએ પોતે આ જગ્યાની તસવીરો પોતાના સોશિયલ મીડિયા પર શેર કરી છે.

Captain Rohit Sharma enjoying his free time in Maldives with Ritika bhabhi and Sammy.🥹😍❤️ pic.twitter.com/rom1n3Qr0E

ભારતે તાજેતરમાં રોહિત શર્માની કેપ્ટનશીપમાં ચેમ્પિયન્સ ટ્રોફીનો ખિતાબ જીત્યો છે. રોહિતે ફાઇનલમાં 76 રનની મેચ વિનિંગ ઇનિંગ રમી, જેના માટે તેને પ્લેયર ઓફ ધ મેચનો ખિતાબ આપવામાં આવ્યો. રોહિત દુબઈ પહેલા મુંબઈ પહોંચ્યો, જ્યાં તેના સ્વાગત માટે એરપોર્ટ પર મોટી સંખ્યામાં ચાહકો એકઠા થયા હતા. ત્યાંથી તે પોતાના પરિવાર સાથે માલદીવ પહોંચ્યો. મુંબઈ ઈન્ડિયન્સનો કેપ્ટન હાર્દિક પંડ્યા ટીમમાં જોડાઈ ગયો છે, જોકે પંડ્યા પહેલી મેચમાં રમી શકશે નહીં.

Captain Rohit Sharma with his daughter in the Maldives ❤️. pic.twitter.com/htfYazgYEW

રોહિત શર્માએ પોતે માલદીવમાં પોતાની રજાઓના ફોટા પોતાના સોશિયલ મીડિયા એકાઉન્ટ પર શેર કર્યા છે. ફોટામાં રિતિકા સજદેહ, તેની પુત્રી અને પુત્ર તેની સાથે જોવા મળે છે. આ વેકેશનમાંથી પાછા ફર્યા પછી, રોહિત મુંબઈ ઈન્ડિયન્સ કેમ્પમાં જોડાશે.

મુંબઈ ઈન્ડિયન્સનો કેપ્ટન IPL 2025 ની પહેલી મેચ રમી શકશે નહીં

હાર્દિક પંડ્યાએ ગયા સિઝનમાં મુંબઈ ઈન્ડિયન્સનું નેતૃત્વ કર્યું હતું, આ વખતે પણ તે કેપ્ટન છે. જોકે, હાર્દિક પંડ્યા પર એક મેચ માટે પ્રતિબંધ મૂકવામાં આવ્યો છે, જેના કારણે તે ચેન્નાઈ સુપર કિંગ્સ સામેની પહેલી મેચ (CSK vs MI IPL 2025) રમી શકશે નહીં.

બુમરાહ પણ શરુઆતની મેચો ગુમાવી શકે છે

ESPNCricinfoના એક અહેવાલ અનુસાર, એવી શક્યતા છે કે જસપ્રીત બુમરાહ એપ્રિલ મહિનાની શરૂઆતમાં મુંબઈ ઇન્ડિયન્સની ટીમ સાથે જોડાઈ શકે છે. જો આ પ્રમાણે થાય તો તે માર્ચ મહિનામાં રમાનારી MIની ત્રણ મેચોમાં ભાગ લઈ શકશે નહીં. હાલમાં એ સ્પષ્ટ નથી કે બુમરાહ કેટલી મેચો ચૂકી જશે અને તે મેદાનમાં ક્યારે પરત ફરશે.

Captain Rohit Sharma Latest Story On Instagram,Rohit is enjoying in the Maldives with his family.#RohitSharma pic.twitter.com/PU3TySyCUg

ભારતીય ક્રિકેટ કંટ્રોલ બોર્ડ (BCCI) સ્ટાર બોલરની ફિટનેસ પર સતત નજર રાખી રહ્યું છે, કારણ કે IPL બાદ ટીમ ઇન્ડિયાને જૂનમાં ઇંગ્લેન્ડનો પ્રવાસ ખેડવાનો છે, જ્યાં તે ટેસ્ટ શ્રેણી રમશે. આ પરિસ્થિતિમાં, BCCIનું ટીમ મેનેજમેન્ટ અને મેડિકલ ટીમ બુમરાહને લઈને કોઈ પણ પ્રકારની ઉતાવળ કરવાના મૂડમાં નથી. મુંબઈ ઇન્ડિયન્સ હાલમાં નેશનલ ક્રિકેટ એકેડમી (NCA)ની મેડિકલ ટીમની મંજૂરીની રાહ જોઈ રહ્યું છે. NCA દ્વારા બુમરાહને ફિટ જાહેર કર્યા બાદ જ તેના માટે મુંબઈ ઇન્ડિયન્સ સાથે જોડાવાનો માર્ગ મોકળો થશે.",https://gujarati.abplive.com/sports/cricket/ipl-2025-mumbai-indians-player-rohit-sharma-enjoying-vacation-in-maldives-with-family-photos-viral-932859,9,2025-04-01 18:41:16
,,"IPL 2025 New Rules: IPL 2025 22 માર્ચથી શરૂ થવાની છે. ટૂર્નામેન્ટની શરૂઆતની મેચમાં કોલકાતા નાઈટ રાઈડર્સ અને રોયલ ચેલેન્જર્સ બેંગ્લોર ઈડન ગાર્ડન્સ ખાતે એકબીજા સામે ટકરાશે. ટૂર્નામેન્ટ શરૂ થાય તે પહેલા BCCI એ એક નવો નિયમ લાવ્યો છે. આ નિયમ ખેલાડીઓની બદલી સાથે સંબંધિત છે. IPLમાં ખેલાડીઓ માટે સમાવેશ અને બાકાત રાખવાના ખૂબ જ કડક નિયમો છે, પરંતુ ચોક્કસ પરિસ્થિતિઓમાં BCCI (ભારતીય ક્રિકેટ નિયંત્રણ બોર્ડ) એ કામચલાઉ અથવા કાયમી બદલીઓને મંજૂરી આપી છે.

ક્રિકબઝના એક અહેવાલ મુજબ, બીસીસીઆઈએ ઈજા સંબંધિત રિપ્લેસમેન્ટ પર એક નવો નિયમ રજૂ કર્યો છે, જેમાં એક નવી પ્લેયર પૂલ સિસ્ટમ રજૂ કરવામાં આવી છે જેમાંથી ખેલાડીઓની પસંદગી કરી શકાય છે, જોકે આ માટે બીસીસીઆઈની પરવાનગી જરૂરી છે.

વિકેટકીપરને લઇને શું છે નિયમ ? બીસીસીઆઈનો નવો નિયમ વિકેટકીપરની અનુપલબ્ધતા અંગે પણ છે. જ્યારે કોઈ ટીમના બધા વિકેટકીપર મેચ માટે ઉપલબ્ધ ન હોય. આવી સ્થિતિમાં, ફ્રેન્ચાઇઝી બીસીસીઆઈ પાસેથી કામચલાઉ વિકેટકીપરનો સમાવેશ કરવા માટે પરવાનગી માંગી શકે છે. આ કામચલાઉ વિકેટકીપર ટીમનો નિયમિત વિકેટકીપર રમવા માટે ઉપલબ્ધ ન થાય ત્યાં સુધી રમી શકે છે. ટીમના નિયમિત વિકેટકીપરમાંથી કોઈ એક રમવા માટે ઉપલબ્ધ થાય કે તરત જ કામચલાઉ વિકેટકીપર ટીમ છોડી દેશે.

ઇજા અને બીમારીને લઇને નિયમ - જ્યારે કોઈ ખેલાડીને ઈજા કે બીમારી થાય છે જેના કારણે તે આખી સિઝન માટે બહાર રહે છે. આ સ્થિતિમાં, ટીમને ખેલાડી બદલવાની પરવાનગી મળી શકે છે, પરંતુ આ માટે કેટલીક શરતો પૂરી કરવી પડશે. જો ઈજા કે બીમારી સિઝનના 12મા લીગ મેચ દરમિયાન અથવા તે પહેલાં થાય છે, તો BCCI ડૉક્ટર પુષ્ટિ કરશે કે તે આખી સિઝન માટે ફિટ રહેશે કે નહીં.

આખી સિઝન માટે થશે ફેરફાર  - જો કોઈ ખેલાડી આખી સિઝન માટે ઉપલબ્ધ ન હોય, તો ટીમ તેને બદલી શકે છે. આમાં રાષ્ટ્રીય ટીમ માટે રમવાની જવાબદારી, NOC ન મળવી, ઈજા કે માંદગી, ક્રિકેટમાંથી નિવૃત્તિ (ફક્ત IPLમાંથી નિવૃત્તિ પૂરતી નહીં હોય) અથવા BCCI દ્વારા મંજૂર કરાયેલ અન્ય કોઈ કારણનો સમાવેશ થઈ શકે છે. જે ખેલાડીની બદલી કરવામાં આવી છે તે તે જ સિઝનમાં ફરીથી તેની ટીમ માટે રમી શકશે નહીં.

બીસીસીઆઈએ રિપ્લેસમેન્ટ માટે એક ખાસ પૂલ બનાવ્યો છે, આ પૂલમાં ફક્ત તે ખેલાડીઓના નામ શામેલ છે જેમણે હરાજી માટે નોંધણી કરાવી હતી પરંતુ વેચાયા ન હતા અને જેમણે હરાજીમાંથી પોતાના નામ પાછા ખેંચ્યા ન હતા. ટીમને ફક્ત આ પૂલમાંથી જ રિપ્લેસમેન્ટ માટે ખેલાડીઓ પસંદ કરવાની છૂટ છે. જો કોઈ ખેલાડી નેટ બોલર તરીકે કોઈ ટીમ સાથે કરારબદ્ધ હોય, તો પણ તે તેના સ્થાને બીજી ટીમ માટે રમી શકે છે, જો બીસીસીઆઈ પરવાનગી આપે.

રિપ્લેસમેન્ટ તરીકે જોડાનારા ખેલાડીની ફી તેના મૂળ ભાવ કરતા ઓછી ન હોઈ શકે. જો કોઈ ટીમે પહેલાથી જ 8 વિદેશી ખેલાડીઓનો સંપૂર્ણ ક્વોટા ભર્યો હોય તો રિપ્લેસમેન્ટ ખેલાડી વિદેશી હોઈ શકતો નથી. આ ઉપરાંત, ઈજા કે બીમારીને કારણે બદલાયેલ કોઈપણ ખેલાડીને સમગ્ર સિઝન દરમિયાન ફરીથી ટીમ માટે રમવાની મંજૂરી આપવામાં આવશે નહીં.",https://gujarati.abplive.com/sports/ipl/ipl-rules-updated-ipl-teams-can-replace-player-mid-season-report-932838,9,2025-04-01 18:41:19
,,"IML 2025: ઇન્ટરનેશનલ માસ્ટર્સ લીગ (IML) ની બીજી સેમિફાઇનલ 14 માર્ચે શહીદ વીર નારાયણ સિંહ ઇન્ટરનેશનલ સ્ટેડિયમ, રાયપુર ખાતે રમાઈ હતી. આ રોમાંચક મેચમાં વેસ્ટ ઈન્ડિઝ માસ્ટર્સ ટીમે 6 રનથી રોમાંચક જીત નોંધાવી અને ફાઇનલમાં પ્રવેશ કર્યો. ઈન્ડિયા માસ્ટર્સ ટીમ પહેલાથી જ ફાઇનલમાં પહોંચી ગઈ છે અને હવે તેઓ 16 માર્ચે વેસ્ટ ઈન્ડિઝ માસ્ટર્સ સામે ટકરાશે. આ મેચમાં પ્રથમ બેટિંગ કરતા વેસ્ટ ઈન્ડિઝ માસ્ટર્સ ટીમે 5 વિકેટ ગુમાવીને 179 રન બનાવ્યા હતા. જવાબમાં, શ્રીલંકા માસ્ટર્સની ટીમ 20 ઓવર સુધી બેટિંગ કર્યા પછી 9 વિકેટ ગુમાવીને માત્ર 173 રન જ બનાવી શકી.

દિનેશ રામદીન અને ચેડવિક વૉલ્ટ્સને રમી સારી ઇનિંગ પહેલા બેટિંગ કરવા આવેલી વેસ્ટ ઇન્ડીઝ માસ્ટર્સની શરૂઆત ખૂબ જ ખરાબ રહી. પહેલી જ ઓવરમાં ઓપનર ડ્વેન સ્મિથ ખાતું ખોલાવ્યા વિના પેવેલિયન પરત ફર્યો. તે પછી, વિલિયમ પર્કિન્સ અને લેન્ડલ સિમન્સે ટીમનો સ્કોર 44 સુધી પહોંચાડ્યો, ત્યારબાદ ટીમને બીજો આંચકો લાગ્યો. સિમન્સ ૧૨ બોલમાં ૧૭ રન બનાવીને આઉટ થયો હતો, ત્યારબાદ તરત જ પર્કિન્સ પણ ૩૦ બોલમાં ૨૪ રનની ધીમી ઇનિંગ રમીને આઉટ થયો હતો. ત્યારબાદ કેપ્ટન બ્રાયન લારાએ ઇનિંગ્સની કમાન સંભાળી, તે 33 બોલમાં 41 રન બનાવીને રિટાયર્ડ હર્ટ થયો. નીચે ક્રમે આવતા દિનેશ રામદીન અને ચેડવિક વોલ્ટને ઝડપી ઇનિંગ્સ રમીને ટીમને 179 રનના સ્કોર સુધી પહોંચાડી દીધી. રામદીન ૨૨ બોલમાં ૫૦ રન બનાવીને અણનમ રહ્યો. તેણે પોતાની ઇનિંગમાં ચાર ચોગ્ગા અને ત્રણ છગ્ગા ફટકાર્યા. તે જ સમયે, વોલ્ટને 20 બોલમાં 31 રનની સારી ઇનિંગ રમી.

બેકાર ગઇ ગુણારત્નેએ રમી અર્ધશતકીય ઇનિંગ ૧૮૦ રનના લક્ષ્યાંકનો પીછો કરતી વખતે શ્રીલંકા માસ્ટર્સને સારી શરૂઆત મળી. કુમાર સંગાકારા અને ઉપુલ થરંગાએ પ્રથમ વિકેટ માટે 31 રન જોડ્યા. સંગાકારા ૧૫ બોલમાં ૧૭ રન બનાવીને આઉટ થયો હતો. તેમના આઉટ થયા પછી લાહિરુ થિરિમાને બેટિંગ કરવા આવ્યા અને 7 બોલમાં ફક્ત 9 રન બનાવી શક્યા. થરંગા પણ ૫૭ રનના સ્કોર પર આઉટ થયો. તેના આઉટ થયા પછી, એશ્લે ગુણારત્ને એક છેડો પકડી રાખ્યો પરંતુ તેને બીજા છેડેથી કોઈ ટેકો મળ્યો નહીં. છેલ્લી ઓવરમાં શ્રીલંકા માસ્ટર્સને જીતવા માટે 15 રનની જરૂર હતી, પરંતુ તેમની ટીમ ફક્ત 8 રન જ બનાવી શકી. ગુણરત્ને ૪૨ બોલમાં ૬૬ રન બનાવ્યા બાદ અણનમ રહ્યા અને ટીમ માટે સૌથી વધુ રન બનાવનાર ખેલાડી રહ્યા. વેસ્ટ ઈન્ડિઝ ટીમ તરફથી ટીનો બેસ્ટે સૌથી વધુ 4 વિકેટ લીધી. જ્યારે ડ્વેન સ્મિથે બે વિકેટ લીધી.",https://gujarati.abplive.com/sports/cricket/iml-tournament-2025-updates-india-masters-will-now-face-west-indies-in-final-match-sachin-tendulkar-and-brian-lara-932809,10,2025-04-01 18:41:42
,,"Cricket ICC Trophy: ભારતીય ક્રિકેટનો અત્યારે વિશ્વમાં ડંકો વાગી રહ્યો છે. ICC ચેમ્પિયન્સ ટ્રૉફી 2025 ગઇ 9 માર્ચે ટીમ ઈન્ડિયા ચેમ્પિયન બનવા સાથે સમાપ્ત થઈ ગઇ છે. ભારતે ફાઇનલમાં ન્યૂઝીલેન્ડને હરાવીને ત્રીજી વખત ચેમ્પિયન્સ ટ્રૉફીનો ખિતાબ જીત્યો. રોહિત શર્માની કેપ્ટનશીપ હેઠળ ટીમ ઈન્ડિયા સતત 2 વર્ષમાં 2 ICC ટ્રૉફી જીતવામાં સફળ રહી ચેમ્પિયન્સ ટ્રૉફી જીત્યા બાદ ટીમ ઈન્ડિયાના ખેલાડીઓ હવે થોડો આરામ લઈ રહ્યા છે. ઉપરાંત, તે 22 માર્ચથી શરૂ થનારી IPL 2025 ની તૈયારીઓમાં વ્યસ્ત છે. ટીમ ઈન્ડિયાના ખેલાડીઓ લગભગ 2 મહિના સુધી T20 ક્રિકેટ રમ્યા પછી જ આંતરરાષ્ટ્રીય ક્રિકેટમાં પાછા ફરશે.

ભારતના નિશાને વધુ એક ICC ટ્રૉફી - હવે સવાલ એ ઊભો થાય છે કે ભારતીય ટીમ આગળ કઈ સીરીઝ અને પછી ICC ટૂર્નામેન્ટ રમશે. ખરેખર, ટીમ ઈન્ડિયા હવે જૂનમાં સીધો ઈંગ્લેન્ડનો પ્રવાસ કરશે. આ પ્રવાસ પર, ભારતીય ટીમ 5 મેચની ટેસ્ટ સીરીઝ રમશે, જે 20 જૂનથી શરૂ થશે. જોકે, ભારતીય પુરુષ ટીમને ICC ટ્રૉફી રમવા માટે થોડી રાહ જોવી પડશે. ટીમ ઈન્ડિયા આવતા વર્ષે જ આઈસીસી ટ્રૉફીમાં ભાગ લેશે. આ ટૂર્નામેન્ટ ICC T20 વર્લ્ડકપ 2026 હશે, જેમાં ટીમ ઈન્ડિયા પોતાના ખિતાબનો બચાવ કરશે. ફેબ્રુઆરી-માર્ચમાં ભારત અને શ્રીલંકા સંયુક્ત રીતે T20 વર્લ્ડકપ 2026નું આયોજન કરશે. જોકે, આ ટૂર્નામેન્ટના થોડા મહિના પહેલા ભારતીય ભૂમિ પર એક ICC ટૂર્નામેન્ટનું આયોજન કરવામાં આવશે, જેમાં ભારતીય પુરુષ ટીમ નહીં પરંતુ મહિલા ટીમ ભાગ લેતી જોવા મળશે.

આઇસીસી ટ્રૉફી - ભારતીય ટીમ પાસે ગૉલ્ડન ચાન્સ ભારતીય મહિલા ટીમ આ વર્ષે ICC ODI વર્લ્ડકપમાં રમશે. ભારત આ વર્લ્ડકપનું યજમાન છે અને આ ટૂર્નામેન્ટ ઓક્ટોબરમાં યોજાવાની અપેક્ષા છે. મહિલા વર્લ્ડકપ 2025નું શિડ્યૂલ હજુ સુધી જાહેર કરવામાં આવ્યું નથી. આગામી થોડા મહિનામાં સંપૂર્ણ સમયપત્રક જાહેર થવાની શક્યતા છે. આ ટૂર્નામેન્ટમાં ભારતીય મહિલા ટીમનો ઉદ્દેશ્ય તેની પહેલી ICC ટ્રૉફી જીતવાનો રહેશે. તમને જણાવી દઈએ કે, ભારતીય મહિલા સિનિયર ટીમે હજુ સુધી એક પણ ICC ટ્રૉફી જીતી નથી. ટીમ ઈન્ડિયા બે વાર ૫૦ ઓવરના વર્લ્ડકપની ફાઇનલમાં પહોંચવામાં સફળ રહી, પરંતુ એક પણ વખત ખિતાબ જીતી શકી નહીં. આ વખતે ટીમનો પ્રયાસ ટાઇટલ દુષ્કાળનો અંત લાવવાનો રહેશે. જોકે, તેના માટે કેપ્ટન હરમનપ્રીત કૌરની ટીમને ઇંગ્લેન્ડ અને ઓસ્ટ્રેલિયા જેવી મજબૂત ટીમોનો સામનો કરવો પડશે.",https://gujarati.abplive.com/sports/cricket/cricket-icc-trophy-news-team-india-has-a-chance-to-win-another-icc-trophy-in-the-year-2025-india-will-host-women-s-world-cup-2025-932808,10,2025-04-01 18:41:49
,,"Cricket match live broadcasting: ક્રિકેટ મેચ જોવી જેટલી રોમાંચક હોય છે, તેને ટીવી પર લાઈવ લાવવાની પ્રક્રિયા એટલી જ જટિલ અને ખર્ચાળ હોય છે. મેચની તસવીરો ગ્રાઉન્ડ પરથી તમારા ટીવી સ્ક્રીન સુધી કેવી રીતે પહોંચે છે તે જાણવું ખરેખર રસપ્રદ છે. ક્રિકેટ મેચનું નિર્માણ એક મોટી ટીમ અને અત્યાધુનિક ટેકનોલોજીની મદદથી થાય છે.

ક્રિકેટ વિશ્વની સૌથી લોકપ્રિય રમતોમાંની એક છે, ખાસ કરીને દક્ષિણ એશિયામાં તેનો ક્રેઝ અજોડ છે. ભારતમાં ક્રિકેટ મેચ દરમિયાન સ્ટેડિયમ ખીચોખીચ ભરાયેલા હોય છે, જ્યારે લાખો લોકો ઘરે બેસીને ટીવી પર મેચનો આનંદ લે છે. બોલિંગથી લઈને બેટિંગ અને ફિલ્ડિંગ સુધીની દરેક ક્ષણને અલગ-અલગ એંગલથી વિગતવાર બતાવવામાં આવે છે. પરંતુ શું તમે ક્યારેય વિચાર્યું છે કે આ બધું કેવી રીતે શક્ય બને છે?

ક્રિકેટ મેચના પ્રસારણ અધિકારો હવે અબજો રૂપિયામાં વેચાઈ રહ્યા છે, તેથી પ્રસારણની ગુણવત્તા પણ ઉચ્ચ સ્તરની હોવી જરૂરી છે. આ માટે મેદાનમાં આશરે 32 થી 40 જેટલા અત્યાધુનિક કેમેરા લગાવવામાં આવે છે. આશ્ચર્યની વાત એ છે કે આ દરેક કેમેરાની કિંમત 80 લાખ રૂપિયાથી લઈને 1 કરોડ રૂપિયા સુધીની હોઈ શકે છે. જો સરેરાશ 40 કેમેરાનો ઉપયોગ કરવામાં આવે અને દરેકની કિંમત 80 લાખ રૂપિયા ગણીએ તો, માત્ર કેમેરાનો જ ખર્ચ 32 કરોડ રૂપિયાથી વધુ થઈ જાય છે.

આ તમામ કેમેરા ઓપ્ટિકલ ફાઈબર કેબલ દ્વારા એક સબ-પ્રોડક્શન કંટ્રોલ રૂમ (PCR) સાથે જોડાયેલા હોય છે. આ પીસીઆરમાં ડાયરેક્ટરની સાથે વિઝન મિક્સર પણ હાજર હોય છે. ડાયરેક્ટરની સામે મોટી ટીવી સ્ક્રીન લગાવેલી હોય છે, જેના પર તમામ કેમેરા જે રેકોર્ડ કરી રહ્યા હોય તે દેખાય છે. ડાયરેક્ટર નક્કી કરે છે કે કયો કેમેરા એંગલ ક્યારે ટીવી પર લાઈવ બતાવવામાં આવશે. રિપ્લે માટે એક અલગ VT કોઓર્ડિનેટર પણ ત્યાં હાજર હોય છે.

જો કે, પીસીઆરની અંદર વિઝન મિક્સરનું કામ ડાયરેક્ટર કરતાં પણ વધુ મહત્વનું માનવામાં આવે છે. વિઝન મિક્સરની સામે એક મોટું કીબોર્ડ મૂકવામાં આવે છે, જેમાં 200 થી વધુ બટનો હોય છે. ડાયરેક્ટર જેમ જેમ ઓર્ડર આપે છે, તેમ તેમ વિઝન મિક્સરે તે બટનોને ખૂબ જ ઝડપથી દબાવવાના હોય છે. કહેવાય છે કે એક ક્રિકેટ મેચના નિર્માણમાં લગભગ 700 થી 800 લોકોની એક મોટી ટીમ કામ કરતી હોય છે. આ ટીમમાં કેમેરા ઓપરેટર્સ, ટેકનિશિયન્સ, સાઉન્ડ એન્જિનિયર્સ, ગ્રાફિક્સ ડિઝાઇનર્સ અને ઘણા અન્ય લોકોનો સમાવેશ થાય છે.

આમ, ક્રિકેટ મેચને તમારા ટીવી સુધી લાઈવ પહોંચાડવાની પ્રક્રિયા ખૂબ જ જટિલ, ખર્ચાળ અને ઘણા લોકોની મહેનતનું પરિણામ હોય છે.",https://gujarati.abplive.com/sports/cricket/how-cricket-matches-are-broadcasted-live-behind-the-scenes-932788,10,2025-04-01 18:41:56
,,"ICC Women’s World Cup Qualifier 2025: પાકિસ્તાન ક્રિકેટ ચાહકો માટે ખુશીના સમાચાર છે. ચેમ્પિયન્સ ટ્રોફી 2025નું સફળ આયોજન કર્યા બાદ હવે આ દેશ આવતા મહિને વધુ એક મોટી ICC ટૂર્નામેન્ટની યજમાની કરવા જઈ રહ્યું છે. ઇન્ટરનેશનલ ક્રિકેટ કાઉન્સિલ (ICC) એ મહિલા વનડે વર્લ્ડ કપ ક્વોલિફાયર 2025નું શેડ્યૂલ જાહેર કરી દીધું છે.

ICC દ્વારા 14 માર્ચે જાહેર કરાયેલા શેડ્યૂલ મુજબ, આ ટુર્નામેન્ટ 9 એપ્રિલથી 19 એપ્રિલ દરમિયાન લાહોરના બે અલગ-અલગ મેદાન પર રમાશે. આ ક્વોલિફાયર ટૂર્નામેન્ટમાં કુલ 15 મેચો રમાશે. જેમાં છ ટીમો ભાગ લેશે અને તેમાંથી ટોચની બે ટીમો ઓક્ટોબર-નવેમ્બરમાં ભારતમાં યોજાનારા મહિલા વનડે વર્લ્ડ કપ માટે ક્વોલિફાય થશે.

ઓસ્ટ્રેલિયા, ઇંગ્લેન્ડ, ન્યુઝીલેન્ડ, દક્ષિણ આફ્રિકા, શ્રીલંકા અને યજમાન ભારત પહેલેથી જ ICC મહિલા ચેમ્પિયનશિપ (2022-25)માં ટોચના છ સ્થાન મેળવીને વર્લ્ડ કપ માટે સીધું ક્વોલિફાય થઈ ચૂક્યા છે.

મહિલા વનડે વર્લ્ડ કપ ક્વોલિફાયરમાં ચાર પૂર્ણ સભ્ય રાષ્ટ્રો બાંગ્લાદેશ, આયર્લેન્ડ, પાકિસ્તાન અને વેસ્ટ ઈન્ડિઝ સહયોગી રાષ્ટ્રો સ્કોટલેન્ડ અને થાઈલેન્ડ સાથે સ્પર્ધા કરશે. બાંગ્લાદેશ, આયર્લેન્ડ, પાકિસ્તાન અને વેસ્ટ ઈન્ડિઝ ICC મહિલા ચેમ્પિયનશિપમાં સાતમાથી દસમા સ્થાને રહીને ક્વોલિફાયરમાં પહોંચ્યા છે. જ્યારે થાઈલેન્ડ અને સ્કોટલેન્ડે 28 ઓક્ટોબર 2024 સુધી ICC મહિલા ODI ટીમ રેન્કિંગમાં આગામી બે શ્રેષ્ઠ સ્થાન મેળવીને આ ટૂર્નામેન્ટમાં પોતાનું સ્થાન પાક્કું કર્યું છે.

West Indies and Pakistan will be among the six sides who will give it their all next month to secure the two remaining spots in the Women's @cricketworldcup 2025 🏏Schedule 📝 ⬇️https://t.co/sEYGA3Ytb7

ICC મહિલા ODI વર્લ્ડ કપ ક્વોલિફાયર 2025નું સંપૂર્ણ શેડ્યૂલ",https://gujarati.abplive.com/sports/cricket/icc-women-s-world-cup-qualifier-2025-full-schedule-released-pakistan-hosts-event-932772,10,2025-04-01 18:41:58
,,"Dinesh Karthik IPL statement: ભારતીય ક્રિકેટ ટીમના ભૂતપૂર્વ વિકેટકીપર બેટ્સમેન દિનેશ કાર્તિકે હોળીના અવસર પર એક મોટું નિવેદન આપ્યું છે. તેમનું માનવું છે કે ઇન્ડિયન પ્રીમિયર લીગ (IPL) ના કારણે ભારતીય ક્રિકેટનું સ્તર એટલું ઊંચું આવ્યું છે કે હવે ભારત એક જ સમયે એક જ ગુણવત્તાવાળી ત્રણ રાષ્ટ્રીય ટીમો મેદાનમાં ઉતારી શકે છે.

રોયલ ચેલેન્જર્સ બેંગ્લોર (RCB) ના ક્રિકેટ ડાયરેક્ટર મો બોબટ અને ઇંગ્લેન્ડના પૂર્વ ક્રિકેટર ઈશા ગુહા સાથે વાતચીત દરમિયાન દિનેશ કાર્તિકે ભારતીય ક્રિકેટની માનસિકતા બદલવા અને ક્રિકેટના માળખાકીય સુવિધાઓને મજબૂત કરવામાં IPLની ભૂમિકાની ખૂબ પ્રશંસા કરી હતી. કાર્તિકે કહ્યું કે IPLએ ભારતીય ખેલાડીઓમાં જીતવાની માનસિકતા પેદા કરી છે. આ સાથે જ પૈસા અને નાણાકીય લાભો મળવાથી ક્રિકેટનું ઇન્ફ્રાસ્ટ્રક્ચર પણ મજબૂત બન્યું છે, જેના કારણે રમતનું સ્તર વધુ સારું થયું છે.

પૂર્વ ભારતીય વિકેટકીપર બેટ્સમેને વધુમાં ઉમેર્યું હતું કે IPLના આગમનથી ભારત હવે આંતરરાષ્ટ્રીય ક્રિકેટમાં એક જ સમયે બે નહીં પરંતુ ત્રણ રાષ્ટ્રીય ટીમોને મેદાનમાં ઉતારવાની ક્ષમતા ધરાવે છે. ભારત પાસે પ્રતિભાશાળી ક્રિકેટરોનો ભંડાર છે. તેમણે પોતાના અનુભવને યાદ કરતાં કહ્યું કે IPLના શરૂઆતના વર્ષોમાં તેઓ ગ્લેન મેકગ્રા જેવા દિગ્ગજ ખેલાડી સાથે રમ્યા હતા અને તેમની સાથે પ્રેક્ટિસ કરવાથી તેમને આત્મવિશ્વાસ અને શ્રેષ્ઠ ખેલાડીઓ સાથે રમવાની માનસિકતા મળી હતી.

ઉલ્લેખનીય છે કે આંતરરાષ્ટ્રીય ક્રિકેટમાં ઘણા પ્રસંગોએ ભારતીય ક્રિકેટ કંટ્રોલ બોર્ડ (BCCI) એ એકસાથે બે ભારતીય ટીમોને મેદાનમાં ઉતારી છે. તાજેતરમાં જ જ્યારે ટીમ ઈન્ડિયાએ 2025ની ચેમ્પિયન્સ ટ્રોફી જીતી ત્યારે ઈંગ્લેન્ડના પૂર્વ કેપ્ટન માઈકલ વોને પણ કહ્યું હતું કે ભારતની 'બી' ટીમ પણ આ ટ્રોફી જીતવાની ક્ષમતા ધરાવતી હતી.

IPLએ ભારતીય ક્રિકેટને અનેક પ્રતિભાશાળી ખેલાડીઓ આપ્યા છે. આ યાદીમાં મિસ્ટ્રી સ્પિનર ​​વરુણ ચક્રવર્તીનું નામ મોખરે છે, જેણે 2025ની ચેમ્પિયન્સ ટ્રોફી જીતવામાં મહત્વની ભૂમિકા ભજવી હતી. આ સિવાય અભિષેક શર્મા પણ IPLની જ શોધ છે. જસપ્રીત બુમરાહ અને હાર્દિક પંડ્યા જેવા ખેલાડીઓ પણ IPLના માધ્યમથી જ ભારતીય ટીમમાં સ્થાન પામ્યા છે. દિનેશ કાર્તિકનું આ નિવેદન IPLની તાકાત અને ભારતીય ક્રિકેટ પર તેની સકારાત્મક અસરને દર્શાવે છે.",https://gujarati.abplive.com/sports/cricket/holi-2025-dinesh-karthik-s-big-statement-on-india-s-cricket-depth-932771,10,2025-04-01 18:42:02
,,,https://gujarati.abplive.com/photo-gallery/sports/cricket-gujarat-titans-celebrate-dhuleti-in-gandhinagar-see-stunning-photos-932764,10,2025-04-01 18:42:06
,,"Mohammed Shami Daughter Holi: ભારતીય ક્રિકેટર મોહમ્મદ શમીએ લાંબા સમય બાદ આંતરરાષ્ટ્રીય ક્રિકેટમાં પુનરાગમન કર્યું. ચેમ્પિયન ટ્રોફીમાં તેણે શાનદાર બોલિંગ કરી હતી.  હવે 14 માર્ચે, જ્યારે સમગ્ર ભારતમાં હોળીનો તહેવાર ખૂબ જ ઉત્સાહથી ઉજવવામાં આવી રહ્યો હતો, ત્યારે મોહમ્મદ શમીની પુત્રી હોળી રમતી હોય તેવી તસવીર સામે આવી છે. આ તસવીર શમીની ભૂતપૂર્વ પત્ની હસીન જહાંએ સોશિયલ મીડિયા પર શેર કરી છે. શમીની પુત્રી, આયરા શમીના કપડાં રંગથી રંગાયેલા છે. પરંતુ લોકોએ હસીન જહાંને ટ્રોલ કરવાનું શરૂ કરી દીધું છે. ચાહકોએ કહ્યું કે મુસ્લિમ સમુદાયમાંથી હોવા છતાં, તેમણે રમઝાનના પવિત્ર મહિનામાં હોળીનો તહેવાર ઉજવ્યો, જે એક મોટું પાપ છે.

A post shared by Haseen Jahan (@hasinjahanofficial)

તમને જણાવી દઈએ કે હસીન જહાં ઘણીવાર તેની પુત્રીની તસવીરો સોશિયલ મીડિયા પર શેર કરે છે. તેમણે કદાચ વિચાર્યું પણ નહીં હોય કે તેમની પુત્રી આયરાની હોળી રમતી તસવીર શેર કરવા બદલ તેમને ભારે ટ્રોલનો સામનો કરવો પડશે. ઘણા લોકોએ  કોમેન્ટ બોક્ષમાં હસીન જહાં માટે અપશબ્દોનો ઉપયોગ કર્યો, જ્યારે કોઈએ કહ્યું કે કમનસીબે આપણા સમાજમાં આવા લોકો પણ છે. એક વ્યક્તિએ તો એમ પણ કહ્યું કે હસીન જહાં મુસ્લિમ છે કે નહીં.

લોકોએ હદ પાર કરીહસીન જહાંને ટ્રોલ કરતી ટિપ્પણીઓ અહીં જ અટકી ન હતી. એક વ્યક્તિએ તો મોહમ્મદ શમીની પત્નીને 'અજ્ઞાની મહિલા' પણ કહી દીધી. આ વ્યક્તિએ કહ્યું કે રમઝાન મહિનામાં આવું કરવામાં તેને શરમ નથી આવતી. તેણે અન્ય લોકોને હસીન જહાંને બ્લોક કરવા પણ વિનંતી કરી.

મોહમ્મદ શમી અને હસીન જહાં અલગ થઈ ગયા છેભારતીય ફાસ્ટ બોલર મોહમ્મદ શમીએ 2014 માં હસીન જહાં સાથે લગ્ન કર્યા હતા. તેમના લગ્નને માત્ર 4 વર્ષ થયા હતા ત્યારે 2018 માં, શમી વિરુદ્ધ ઘરેલુ હિંસા, છેડતી, ઝેર આપવાનો પ્રયાસ અને હત્યાના કાવતરાના આરોપસર FIR દાખલ કરવામાં આવી હતી. હસીન જહાંએ તો એવો પણ દાવો કર્યો હતો કે શમીના અન્ય મહિલાઓ સાથે સંબંધો હતા, જોકે શમીએ આ બધા આરોપોને નકારી કાઢ્યા હતા. ત્યારથી બંને વચ્ચે અંતર વધવા લાગ્યું.",https://gujarati.abplive.com/sports/cricket/mohammed-shami-daughter-holi-pic-mohammed-shami-ex-wife-hasin-jahan-trolled-play-holi-during-ramadan-932761,10,2025-04-01 18:42:10
,,"Jasprit Bumrah IPL 2025 update: IPL 2025 ની શરૂઆત પહેલાં જ પાંચ વખતની ચેમ્પિયન મુંબઈ ઇન્ડિયન્સ (MI) માટે માઠા સમાચાર આવ્યા છે. ટીમના મુખ્ય ફાસ્ટ બોલર જસપ્રીત બુમરાહ હજુ પણ તેની પીઠની ઈજામાંથી સંપૂર્ણપણે સાજો થયો નથી, જેના કારણે તે આગામી સિઝનની શરૂઆતની કેટલીક મેચોમાં ટીમનો ભાગ બની શકશે નહીં. આ સમાચાર મુંબઈ ઇન્ડિયન્સ અને તેના ચાહકો માટે એક મોટો આંચકો છે.

બુમરાહને આ ઈજા ઓસ્ટ્રેલિયાના પ્રવાસ દરમિયાન રમાયેલી બોર્ડર-ગાવસ્કર ટ્રોફી (BGT) 2024-25ની અંતિમ મેચમાં થઈ હતી. આ ઈજા એટલી ગંભીર હતી કે તે મેચમાં તે બોલિંગ પણ કરી શક્યો નહોતો. આ જ કારણસર તે ઈંગ્લેન્ડ સામેની વનડે શ્રેણી અને આગામી ચેમ્પિયન્સ ટ્રોફી 2025માંથી પણ બહાર રહ્યો હતો. હવે, IPL 2025ની શરૂઆતની મેચોમાં તેની ગેરહાજરીના સમાચાર સામે આવ્યા છે.

ESPNCricinfoના એક અહેવાલ અનુસાર, એવી શક્યતા છે કે જસપ્રીત બુમરાહ એપ્રિલ મહિનાની શરૂઆતમાં મુંબઈ ઇન્ડિયન્સની ટીમ સાથે જોડાઈ શકે છે. જો આ પ્રમાણે થાય તો તે માર્ચ મહિનામાં રમાનારી MIની ત્રણ મેચોમાં ભાગ લઈ શકશે નહીં. હાલમાં એ સ્પષ્ટ નથી કે બુમરાહ કેટલી મેચો ચૂકી જશે અને તે મેદાનમાં ક્યારે પરત ફરશે.

ભારતીય ક્રિકેટ કંટ્રોલ બોર્ડ (BCCI) સ્ટાર બોલરની ફિટનેસ પર સતત નજર રાખી રહ્યું છે, કારણ કે IPL બાદ ટીમ ઇન્ડિયાને જૂનમાં ઇંગ્લેન્ડનો પ્રવાસ ખેડવાનો છે, જ્યાં તે ટેસ્ટ શ્રેણી રમશે. આ પરિસ્થિતિમાં, BCCIનું ટીમ મેનેજમેન્ટ અને મેડિકલ ટીમ બુમરાહને લઈને કોઈ પણ પ્રકારની ઉતાવળ કરવાના મૂડમાં નથી. મુંબઈ ઇન્ડિયન્સ હાલમાં નેશનલ ક્રિકેટ એકેડમી (NCA)ની મેડિકલ ટીમની મંજૂરીની રાહ જોઈ રહ્યું છે. NCA દ્વારા બુમરાહને ફિટ જાહેર કર્યા બાદ જ તેના માટે મુંબઈ ઇન્ડિયન્સ સાથે જોડાવાનો માર્ગ મોકળો થશે.

ઉલ્લેખનીય છે કે IPL 2025માં મુંબઈ ઇન્ડિયન્સની ટીમ 23 માર્ચે ચેન્નાઈના એમએ ચિદમ્બરમ સ્ટેડિયમમાં ચેન્નાઈ સુપર કિંગ્સ (CSK) સામે પોતાની પહેલી મેચ રમશે. ત્યારબાદ 29 માર્ચે અમદાવાદના નરેન્દ્ર મોદી સ્ટેડિયમમાં તેનો મુકાબલો ગુજરાત ટાઇટન્સ સાથે થશે. મુંબઈ ઇન્ડિયન્સ પોતાની ત્રીજી મેચ 31 માર્ચે ડિફેન્ડિંગ ચેમ્પિયન કોલકાતા નાઈટ રાઈડર્સ (KKR) સામે પોતાના હોમ ગ્રાઉન્ડ વાનખેડે સ્ટેડિયમમાં રમશે.

જસપ્રીત બુમરાહને 4 જાન્યુઆરીએ સિડનીમાં રમાયેલી બોર્ડર-ગાવસ્કર ટ્રોફીની પાંચમી અને અંતિમ ટેસ્ટ મેચના બીજા દિવસે પીઠના નીચેના ભાગમાં ઈજા થઈ હતી, જેમાંથી તે હજુ સાજો થઈ રહ્યો છે. માર્ચ 2023માં સર્જરી કરાવ્યા બાદ આ પહેલીવાર છે જ્યારે બુમરાહ પીઠની ઈજાના કારણે મેદાનથી દૂર રહેવાનો વારો આવ્યો છે.",https://gujarati.abplive.com/sports/cricket/jasprit-bumrah-to-miss-initial-ipl-2025-matches-for-mumbai-indians-932748,10,2025-04-01 18:42:18
,,"IPL 2025 All Team Captain Names:  દિલ્હી કેપિટલ્સે આગામી ઇન્ડિયન પ્રીમિયર લીગ (IPL) 2025 સીઝન માટે ભારતીય ઓલરાઉન્ડર અક્ષર પટેલને તેમના નવા કેપ્ટન તરીકે નિયુક્ત કર્યો છે. અક્ષર ઋષભ પંતનું સ્થાન લેશે, જેમને મેગા ઓક્શન પહેલા ફ્રેન્ચાઇઝીમાંથી રિલીઝ કરવામાં આવ્યો હતો. કેપ્ટન તરીકે નિયુક્ત થવા પર ખુશી વ્યક્ત કરતા અક્ષર પટેલે કહ્યું કે દિલ્હી કેપિટલ્સના કેપ્ટન બનવું તેમના માટે ખૂબ જ સન્માનની વાત છે. તેણે ક્રિકેટર તરીકે ઘણી પ્રગતિ કરી છે અને તેને લાગે છે કે હું આ ટીમનું નેતૃત્વ કરવા માટે સંપૂર્ણપણે તૈયાર છું. દિલ્હી કેપિટલ્સના ચાહકો હવે આશા રાખશે કે અક્ષરની કેપ્ટનશીપ હેઠળ ટીમ IPL 2025 માં સારું પ્રદર્શન કરશે અને પહેલી વાર ટાઇટલ જીતશે.

અક્ષર પટેલના કેપ્ટન બનવાની સાથે જ IPL 2025 ની બધી ટીમોના કેપ્ટન નક્કી થઈ ગયા છે. 10 માંથી 9 ટીમોએ ઘણા સમય પહેલા જ પોતાના કેપ્ટનોની જાહેરાત કરી દીધી હતી પરંતુ દિલ્હીની ટીમે સસ્પેન્સ જાળવી રાખ્યું હતું. પહેલા એવી અટકળો હતી કે કેએલ રાહુલ ટીમની કમાન સંભાળી શકે છે પરંતુ અંતે ટીમ મેનેજમેન્ટે અક્ષર પટેલ પર વિશ્વાસ વ્યક્ત કર્યો.

5 ટીમોએ નવા કેપ્ટનોમાં વિશ્વાસ વ્યક્ત કર્યોIPL 2025 માં, 10 માંથી 5 ટીમો નવા કેપ્ટનો સાથે રમતી જોવા મળશે. અક્ષર પટેલ દિલ્હી કેપિટલ્સનું નેતૃત્વ કરતો જોવા મળશે. લખનૌ સુપર જાયન્ટ્સની કમાન ઋષભ પંતના હાથમાં રહેશે. રોયલ ચેલેન્જર્સ બેંગ્લોરની ટીમ રજત પાટીદારના કેપ્ટનશીપ હેઠળ રમશે. તે જ સમયે, પંજાબ કિંગ્સ શ્રેયસ ઐયરની કેપ્ટનશીપ હેઠળ તેમના અભિયાનની શરૂઆત કરશે જ્યારે કોલકાતા નાઈટ રાઇડર્સ અજિંક્ય રહાણેની કેપ્ટનશીપ હેઠળ તેમના અભિયાનની શરૂઆત કરશે. આ ટીમો સિવાય, બાકીની 5 ટીમોએ તેમના જૂના કેપ્ટનોને જાળવી રાખ્યા છે. બધી 10 ટીમોમાંથી 9 કેપ્ટન ભારતીય છે જ્યારે ફક્ત એક કેપ્ટન વિદેશી છે. એકમાત્ર વિદેશી કેપ્ટન પેટ કમિન્સ છે, જે સનરાઇઝર્સ હૈદરાબાદ ટીમનું નેતૃત્વ કરશે.

IPL 2025 માં બધી ટીમોના કેપ્ટનોની યાદી",https://gujarati.abplive.com/sports/cricket/ipl-2025-all-team-captain-names-9-indians-and-one-australian-captain-932739,10,2025-04-01 18:42:21
,,"ભારતીય સ્ટાર લેગ સ્પિનર ​​યુઝવેન્દ્ર ચહલ લાંબા સમયથી આંતરરાષ્ટ્રીય ક્રિકેટ રમ્યો નથી. ચહલે ટીમ ઈન્ડિયા માટે પોતાની છેલ્લી મેચ વર્ષ 2023માં રમી હતી. જોકે, તે 2024 T20 વર્લ્ડ કપની વિજેતા ટીમનો ભાગ હતો. પરંતુ આ ટુર્નામેન્ટમાં પણ તે ફક્ત બેન્ચ પર જ બેઠો રહ્યો. હવે તે IPL 2025 દરમિયાન એક્શનમાં જોવા મળશે. આ પહેલા યુઝવેન્દ્ર ચહલે એક મોટો નિર્ણય લીધો છે. આ લીગ પૂરી થતાં જ તે ક્રિકેટ રમવા માટે વિદેશ જશે. જેના માટે તેણે એક ટીમ સાથે કરાર કર્યો છે.

યુઝવેન્દ્ર ચહલ વિદેશી ટીમમાં જોડાયો

યુઝવેન્દ્ર ચહલ ફરી એકવાર ઇંગ્લેન્ડમાં રમાનારી કાઉન્ટી ચેમ્પિયનશિપમાં રમવા માટે તૈયાર છે. ચહલ 2025 સીઝનમાં નોર્થમ્પ્ટનશાયર તરફથી રમતા જોવા મળશે. તે પહેલા પણ આ ટીમ માટે રમી ચૂક્યો છે. તેમનો કરાર જૂનથી 2025 સીઝનના અંત સુધી રહેશે. આ સમય દરમિયાન તે કાઉન્ટી ચેમ્પિયનશિપ અને વન-ડે કપ માટે ઉપલબ્ધ રહેશે. આ પહેલા તે 2023માં આ ક્લબમાં જોડાયો હતો. ત્યારબાદ તેણે નોર્થમ્પ્ટનશાયરને ડિવિઝન ટુમાં ચોથા સ્થાને પહોંચાડ્યું અને ચાર મેચમાં 21.10 ની સરેરાશથી 19 ચેમ્પિયનશિપ વિકેટ લીધી. ક્લબ માટે તેના લિસ્ટ A ડેબ્યૂમાં તેણે કેન્ટ સામે 14 રન આપીને 5 વિકેટ લીધી હતી.

યુઝવેન્દ્ર ચહલે ખુશી વ્યક્ત કરી

નોર્થમ્પ્ટનશાયરમાં ફરીથી જોડાવા અંગે યુઝવેન્દ્ર ચહલે કહ્યું, 'ગત સીઝનમાં મેં અહીં મારા સમયનો ખૂબ આનંદ માણ્યો હતો, તેથી હું પાછા આવીને ખૂબ જ ખુશ છું.' તે ડ્રેસિંગ રૂમમાં કેટલાક મહાન લોકો છે અને હું ફરીથી તેનો ભાગ બનવા માટે રાહ જોઈ શકતો નથી. અમે સીઝનના અંતે શાનદાર ક્રિકેટ રમ્યા હતા. તેથી આશા છે કે અમે તે પુનરાવર્તન કરી શકીશું અને કેટલીક મોટી જીત મેળવી શકીશું.

બીજી તરફ નોર્થમ્પ્ટનશાયરના તાજેતરમાં નિયુક્ત મુખ્ય કોચ ડેરેન લેહમેને કહ્યું, 'હું ખરેખર ઉત્સાહિત છું કે વિશ્વના શ્રેષ્ઠ લેગ સ્પિનરોમાંથી એક આ સીઝનમાં નોર્થમ્પ્ટનશાયરમાં પરત ફરી રહ્યો છે.' તે અમૂલ્ય અનુભવ લાવે છે અને એક સજ્જન વ્યક્તિ છે જે રમતને પ્રેમ કરે છે. જૂનના મધ્યથી સીઝનના અંત સુધી તેને ઉપલબ્ધ રાખવો અમારા માટે ખૂબ જ સારું રહેશે.",https://gujarati.abplive.com/sports/cricket/yuzvendra-chahal-returns-to-northamptonshire-for-2025-county-season-932737,10,2025-04-01 18:42:23
,,"Rohit Sharma ODI Retirement Update: તાજેતરમાં, ભારતીય ક્રિકેટ ટીમે રોહિત શર્માની કેપ્ટનશીપ હેઠળ ચેમ્પિયન્સ ટ્રોફીનો ખિતાબ જીત્યો હતો. આ પછી, રોહિત શર્માએ સ્પષ્ટ કર્યું કે તે ODI ફોર્મેટમાં રમવાનું ચાલુ રાખશે. હાલમાં, આ ફોર્મેટને અલવિદા કહેવાનો કોઈ ઇરાદો નથી. વાસ્તવમાં, પહેલા એવું માનવામાં આવતું હતું કે ચેમ્પિયન્સ ટ્રોફી પછી, રોહિત શર્મા ODI ફોર્મેટને અલવિદા કહી દેશે, પરંતુ તેણે પોતાની નિવૃત્તિ અંગેની બધી અટકળોને ફગાવી દીધી. હવે પ્રશ્ન એ છે કે રોહિત શર્મા ODI ફોર્મેટમાં કેટલો સમય રમશે? જોકે, આ સંબંધિત મહત્વપૂર્ણ માહિતી પ્રકાશમાં આવી રહી છે.

2027નો વનડે વર્લ્ડ કપ રમવા માગે છે રોહિત શર્મા?

રોહિત શર્મા લગભગ 38 વર્ષનો છે. આ ઉપરાંત, નબળી ફિટનેસ પર સતત પ્રશ્નો ઉભા થયા છે. પરંતુ હવે ભારતીય કેપ્ટને પોતાની ફિટનેસ સુધારવાનો રસ્તો શોધી કાઢ્યો છે. ખરેખર, રોહિત શર્મા તેની ફિટનેસ સુધારવા પર કામ કરશે. ટીમ ઈન્ડિયાના સહાયક કોચ અભિષેક નાયર આ મિશનમાં રોહિત શર્માને મદદ કરશે. અભિષેક નાયરની મદદથી, રોહિત શર્મા પોતાની ફિટનેસને નવી ઊંચાઈઓ પર લઈ જવા માટે તૈયાર છે. એવું કહેવામાં આવી રહ્યું છે કે રોહિત શર્માની નજર 2027ના ODI વર્લ્ડ કપ પર છે. રોહિત શર્મા આ ટુર્નામેન્ટમાં રમવા માટે ખૂબ જ ઉત્સાહિત છે.

રોહિત શર્માની કારકિર્દી પર એક નજર

તમને જણાવી દઈએ કે 67 ટેસ્ટ મેચો ઉપરાંત, રોહિત શર્માએ 273 વનડે અને 159 ટી20 મેચોમાં ટીમ ઈન્ડિયાનું પ્રતિનિધિત્વ કર્યું છે. આ ઉપરાંત, તેણે 159 IPL મેચ રમી છે. ટેસ્ટ ફોર્મેટમાં, રોહિત શર્માએ 40.58 ની સરેરાશથી 4302 રન બનાવ્યા. જ્યારે, ODI ફોર્મેટમાં, રોહિત શર્માએ 92.81 ના સ્ટ્રાઇક રેટ અને 48.77 ની સરેરાશથી 11,168 રન બનાવ્યા છે. ભારત માટે T20 મેચોમાં, રોહિત શર્માએ 140.90 ના સ્ટ્રાઇક રેટ અને 31.34 ની સરેરાશથી 4231 રન બનાવ્યા છે. તમને જણાવી દઈએ કે, રોહિત શર્માએ ચેમ્પિયન ટ્રોફીની ફાઈનલમાં 77 રન બનાવ્યા હતા અને મેન ઓફ ધ મેચનો ખીતાબ જીત્યો હતો. જો કે, આ સીરિઝમાં તે કોઈ મોટી ઈનિંગ રમી શક્યો નહોતો.

𝗖. 𝗛. 𝗔. 𝗠. 𝗣. 𝗜. 𝗢. 𝗡. 𝗦! 🇮🇳🏆 🏆 🏆The Rohit Sharma-led #TeamIndia are ICC #ChampionsTrophy 2025 𝙒𝙄𝙉𝙉𝙀𝙍𝙎 👏 👏Take A Bow! 🙌 🙌#INDvNZ | #Final | @ImRo45 pic.twitter.com/ey2llSOYdG",https://gujarati.abplive.com/sports/cricket/rohit-sharma-may-play-odi-format-till-world-cup-2027-here-know-932721,10,2025-04-01 18:42:27
,,"Rajkot Fire:રાજકોટમાં 150 ફૂટ રિંગ રોડ પર આવેલી એટલાન્ટિસ ફ્લેટના છઠ્ઠા માળે ભીષણ આગની ઘટના બનતા નાસ ભાગ મચી ગઇ.  આગ સવારે 10 વાગ્યાની આસપાસ લાગી હતી. રિંગ રોગ પર આવેલી એટલાન્ટિસ બિલ્ડિંગના છઠ્ઠા માળે આગ લાગી હતી. આગમાં  3 લોકોના મૃત્યુ થયા છે.  . મળતી માહિતી મુજબ  બે પરિવારને સહી સલામત બહાર કાઢવામાં આવ્યાં છે. ડેપ્યુટી મેયર નરેન્દ્રસિંહ જાડેજાએ આપેલી માહિતી મુજબ આ માળ પર હજુ પણ પણ સાત વ્યક્તિ ફસાઇ છે. ઘટનાની જાણ થતાં ફાયરની ટીમ ઘટના સ્થળે પહોંચી હતી અને રાહત અને બચાવની કામગીરી શરૂ કરી હતી. શોર્ટ સર્કિટના કારણે આગ લાગી હોવાનું પ્રાથમિક તારણ સામે આવ્યું છે. એટલાન્ટિસ ફ્લેટમાં  શહેરના નામાંકિત જ્વેલર્સ  ડૉકટર્સ  અને બિલ્ડર્સ રહે છે. આગના કારણે સલામતીના ભાગરૂપે લિફ્ટ બંધ કરી દેવાઇ હતી. ફાયરબ્રિગેડે કાચ તોડીને લોકોને બહાર કાઢી રહી છે. કાચનું એલિવેશન હોવાના કારણે ધુમાડો બહાર નીકળી શકે તેમ  ન નથી જેના કારણે લોકોને વધુ મુશ્કેલી પડી રહી છે. આગમાં એક વ્યકિત ગંભીર રીતે દાઝ્યા હોવાનો પ્રત્યક્ષદર્શીનો દાવો કર્યો છે.

રાધિકા જ્વેલર્સનો પરિવાર ફસાયો હોવાનું પણ  અનુમાન છે. હાઈડ્રોલિક ક્રેનની મદદથી લોકોનું  રેસ્ક્યુ કરવામાં આવ્યું છે.  150 ફૂટ રિંગ રોડ વિસ્તારમાં અફરા-તફરીનો માહોલ છે. ઘટનાની જાણ થતાં અધિકારી સહિત ડેપ્યુટી મેયર ઘટનાસ્થળે પહોંચ્યા હતા.રાધિકા જ્વેલર્સના માલિકનો પરિવાર પણ આગમાં ફસાયાનું અનુમાન છે. ફાયરબ્રિગેડે  બે પરિવાર સાથે એક બાળક સહિત પાંચ લોકોનું  સહી સલામત રેસ્ક્યુ કર્યું છે, હાઈડ્રોલિક ક્રેઈનને ફાયર કર્મીઓ બિલ્ડીંગમાં પહોંચ્યા છે.",https://gujarati.abplive.com/news/rajkot/massive-fire-breaks-out-in-flat-of-atlantis-building-in-rajkot-2-suspected-to-have-died-rescue-operation-underway-932705,10,2025-04-01 18:42:29
,,"Delhi Capitals Appoint Axar Patel As Captain: IPL સીઝનની શરૂઆત પહેલા દિલ્હી કેપિટલ્સે તેમના કેપ્ટનની જાહેરાત કરી છે. આ સીઝનમાં ઓલરાઉન્ડર અક્ષર પટેલ દિલ્હી કેપિટલ્સનું નેતૃત્વ કરશે. અગાઉ વિકેટકીપર બેટ્સમેન ઋષભ પંતે લાંબા સમય સુધી દિલ્હી કેપિટલ્સની કેપ્ટનશીપ કરી હતી પરંતુ IPL મેગા ઓક્શન પહેલા દિલ્હી કેપિટલ્સે તેમના કેપ્ટનને રીલિઝ કરી દીધો. આ પછી ઋષભ પંત મેગા ઓક્શનનો ભાગ બન્યો હતો. IPL મેગા ઓક્શનમાં લખનઉ સુપર જાયન્ટ્સ દ્વારા પંતનો સમાવેશ કરવામાં આવ્યો હતો.

A new era begins today 💙❤️ pic.twitter.com/9Yc4bBMSvt

IPL મેગા ઓક્શનમાં દિલ્હી કેપિટલ્સે કેએલ રાહુલને 14 કરોડ રૂપિયામાં ખરીદ્યો હતો. એવું માનવામાં આવી રહ્યું હતું કે કેએલ રાહુલ દિલ્હી કેપિટલ્સનો કેપ્ટન બની શકે છે. મીડિયા રિપોર્ટ્સમાં દાવો કરવામાં આવ્યો છે કે કેએલ રાહુલે દિલ્હી કેપિટલ્સની કેપ્ટનશીપની ઓફર ફગાવી દીધી હતી. જે બાદ ઓલરાઉન્ડર અક્ષર પટેલને દિલ્હી કેપિટલ્સના કેપ્ટન તરીકે નિયુક્ત કરવામાં આવ્યા છે. દિલ્હી કેપિટલ્સે તેના સોશિયલ મીડિયા હેન્ડલ પરથી લગભગ 2 મિનિટનો વીડિયો શેર કર્યો છે. આ વીડિયો દ્વારા કહેવામાં આવ્યું છે કે અક્ષર પટેલ ટીમનું નેતૃત્વ કરતા જોવા મળશે.

અક્ષર પટેલનો રેકોર્ડ

અક્ષર પટેલે અત્યાર સુધીમાં 150 આઈપીએલ મેચ રમી છે અને લગભગ 131ના સ્ટ્રાઈક રેટથી 1653 રન બનાવ્યા છે. વધુમાં તેણે 7.28 ના ઇકોનોમી રેટથી 123 વિકેટ લીધી છે. જોકે, તેને કેપ્ટનશીપનો અનુભવ નથી. આ ઉપરાંત 31 વર્ષીય અક્ષર 7 સીઝનથી દિલ્હી સાથે સંકળાયેલો છે. આ કારણોસર તેને ટીમનો કેપ્ટન બનાવવામાં આવ્યો છે. જોકે, અક્ષર પટેલ પહેલા આ સીઝનમાં ટીમમાં જોડાયેલા કેએલ રાહુલ કેપ્ટનશીપની રેસમાં સૌથી આગળ હતો.

દિલ્હી કેપિટલ્સની ટીમ

અક્ષર પટેલ, કુલદીપ યાદવ, ટ્રિસ્ટન સ્ટબ્સ, અભિષેક પોરેલ, મિશેલ સ્ટાર્ક, કેએલ રાહુલ, જેક ફ્રેઝર મેકગર્ક, ટી નટરાજન, કરુણ નાયર, સમીર રિઝવી, આશુતોષ શર્મા, મોહિત શર્મા, ફાફ ડુ પ્લેસિસ, મુકેશ કુમાર, દર્શન નલકંડે, વિપરાજ નિગમ, દુષ્મંત ચમીરા, માધવ તિવારી, ત્રિપૂર્ણ વિજય, માનવંત કુમાર, અજય મંડલ, ડોનોવન ફરેરા.",https://gujarati.abplive.com/sports/ipl/delhi-capitals-appoint-axar-patel-as-captain-for-ipl-2025-932695,10,2025-04-01 18:42:32
,,"WPL 2025:

MI vs DC In WPL Final: મહિલા પ્રીમિયર લીગની ફાઇનલમાં મુંબઈ ઇન્ડિયન્સ અને દિલ્હી કેપિટલ્સ ટીમો એકબીજા સામે ટકરાશે. અગાઉ, હરમનપ્રીત કૌરની કેપ્ટનશીપ હેઠળની મુંબઈ ઈન્ડિયન્સે એલિમિનેટરમાં ગુજરાત જાયન્ટ્સને 47 રનના મોટા માર્જિનથી હરાવ્યું હતું. દિલ્હી કેપિટલ્સ, ટેબલ ટોપર હોવાથી ફાઇનલમાં પહોંચનારી પ્રથમ ટીમ બની હતી. હવે ફાઇનલ શનિવારે મુંબઈ ઇન્ડિયન્સ અને દિલ્હી કેપિટલ્સ વચ્ચે રમાશે. મહિલા પ્રીમિયર લીગ ફાઇનલમાં મુંબઈ ઇન્ડિયન્સ અને દિલ્હી કેપિટલ્સનો રેકોર્ડ કેવો રહ્યો છે? આ ટાઇટલ મેચમાં કઈ ટીમનો હાથ ઉપર છે?

મહિલા પ્રીમિયર લીગ ફાઇનલમાં કઈ ટીમનો હાથ ઉપર છે?

આંકડા દર્શાવે છે કે મહિલા પ્રીમિયર લીગ ફાઇનલમાં મુંબઈ ઇન્ડિયન્સનો હાથ ઉપર રહ્યો છે. મહિલા પ્રીમિયર લીગની પહેલી સીઝનમાં મુંબઈ ઈન્ડિયન્સ અને દિલ્હી કેપિટલ્સની ટીમો ફાઇનલમાં એકબીજા સામે ટકરાઈ હતી. તે મેચમાં મુંબઈ ઈન્ડિયન્સે દિલ્હી કેપિટલ્સ સામે 7 વિકેટે વિજય મેળવ્યો હતો. આ પછી દિલ્હી કેપિટલ્સ બીજી સીઝનની ફાઇનલમાં પહોંચી હતી. પરંતુ આ વખતે સ્મૃતિ મંધાનાની કેપ્ટનશીપ રોયલ ચેલેન્જર્સ બેંગ્લોરે દિલ્હી કેપિટલ્સને 8 વિકેટથી હરાવ્યું. જોકે, હવે દિલ્હી કેપિટલ્સ સતત ત્રીજી સીઝનમાં ફાઇનલમાં પહોંચી છે.

શું દિલ્હી કેપિટલ્સ મુંબઈ ઈન્ડિયન્સને હરાવી શકશે?

અત્યાર સુધી દિલ્હી કેપિટલ્સે બંને વખત ફાઇનલમાં હારનો સામનો કરવો પડ્યો છે. જ્યારે મુંબઈ ઈન્ડિયન્સ પહેલી સીઝનમાં દિલ્હી કેપિટલ્સ સામે વિજય મેળવીને ચેમ્પિયન બન્યું હતું. હવે પ્રશ્ન એ છે કે શું દિલ્હી કેપિટલ્સ ફાઇનલમાં પોતાના હારના સિલસિલાને ટાળી શકશે? શું હરમનપ્રીત કૌરની કેપ્ટનશીપ હેઠળની મુંબઈ ઈન્ડિયન્સ બીજી વખત મહિલા પ્રીમિયર લીગ ચેમ્પિયન બનશે? જોકે, આ સીઝનમાં મુંબઈ ઈન્ડિયન્સ અને દિલ્હી કેપિટલ્સ બે વાર એકબીજા સામે ટકરાયા છે. જેમાં દિલ્હી કેપિટલ્સે બંને વખત મુંબઈ ઈન્ડિયન્સને હરાવ્યું છે.

WPLના ઇતિહાસમાં આ બીજી વખત છે જ્યારે મુંબઈ ઇન્ડિયન્સ ફાઇનલમાં પહોંચ્યું છે. અગાઉ MI ટીમે WPL 2023ની ફાઇનલ રમી હતી અને દિલ્હી કેપિટલ્સને 7 વિકેટથી હરાવીને ટાઇટલ જીત્યું હતું. હવે 15 માર્ચે ફાઇનલ મેચમાં મુંબઈ ઇન્ડિયન્સનો મુકાબલો દિલ્હી કેપિટલ્સ સામે થશે. દિલ્હી અત્યાર સુધીમાં ત્રણ વખત મહિલા પ્રીમિયર લીગની ફાઇનલમાં પહોંચી છે.

ગુજરાતની વાત કરીએ તો તે પહેલીવાર મહિલા પ્રીમિયર લીગના પ્લેઓફમાં પહોંચ્યું હતું. 2023 અને 2024 સીઝનમાં તેને પોઈન્ટ ટેબલમાં છેલ્લા સ્થાનથી સંતોષ માનવો પડ્યો હતો. આ વખતે મુંબઈ ઈન્ડિયન્સે પહેલીવાર ફાઇનલ રમવાનું ગુજરાતનું સ્વપ્ન ચકનાચૂર કરી નાખ્યું છે.",https://gujarati.abplive.com/sports/ipl/mumbai-indians-to-face-dc-in-wpl-final-932693,10,2025-04-01 18:42:36
,,"Most Runs in IPL 2025: ઇન્ડિયન પ્રીમિયર લીગ 2025 22 માર્ચથી શરૂ થવાની છે, જ્યારે ફાઇનલ મેચ 25 મેના રોજ રમાશે. IPL 2025 ની શરૂઆતની મેચ ડિફેન્ડિંગ ચેમ્પિયન KKR અને RCB વચ્ચે રમાશે. આ ટુર્નામેન્ટ શરૂ થાય તે પહેલાં ચાલો જાણીએ IPL ઇતિહાસમાં સૌથી વધુ રન બનાવનારા ટોચના 5 બેટ્સમેનોના નામ.

IPL ઇતિહાસમાં સૌથી વધુ રન બનાવનારા ખેલાડીઓની યાદીમાં RCBના ભૂતપૂર્વ કેપ્ટન વિરાટ કોહલી ટોચ પર છે. તેમણે 2008થી કુલ 252 IPL મેચ રમી છે. આ સમયગાળા દરમિયાન કોહલીએ 244 ઇનિંગ્સમાં 8004 રન બનાવ્યા. તેની સરેરાશ 38 અને સ્ટ્રાઇક રેટ 131 હતી. કિંગ કોહલીનો સર્વોચ્ચ સ્કોર અણનમ 113 રન છે. અત્યાર સુધી તેણે IPLમાં 8 સદી અને 55 અડધી સદી ફટકારી છે.

સનરાઇઝર્સ હૈદરાબાદના ભૂતપૂર્વ બેટ્સમેન શિખર ધવન આઈપીએલમાં પાંચ ટીમોનો ભાગ હતા. પોતાની કારકિર્દીમાં તેમણે 2008 થી 2024 સુધી 222 મેચ રમી અને આ સમયગાળા દરમિયાન તેમણે 6769 રન બનાવ્યા હતા. તે IPLના ઇતિહાસમાં બીજા ક્રમનો સૌથી વધુ રન બનાવનાર ખેલાડી છે. તેમનો સર્વોચ્ચ સ્કોર 106 રન અણનમ રહ્યો હતો. તેણે ટુર્નામેન્ટમાં 2 વખત 100 રન અને 51 અડધી સદી ફટકારી હતી.

મુંબઈ ઈન્ડિયન્સના ભૂતપૂર્વ કેપ્ટન રોહિત શર્માએ 2008 થી IPLમાં કુલ 257 મેચ રમી છે. તેણે 252 ઇનિંગ્સમાં 6628 રન બનાવ્યા છે અને IPLમાં સૌથી વધુ રન બનાવનારા ખેલાડીઓમાં તે ત્રીજા સ્થાને છે. તેનો સર્વોચ્ચ સ્કોર અણનમ 109 રન છે. તેણે 2 સદી અને 43 અડધી સદી ફટકારી છે.

IPL 2024 સુધી દિલ્હી કેપિટલ્સ તરફથી રમનારા ડેવિડ વોર્નરને IPL 2025 માટે હરાજીમાં કોઈ બોલી લગાવવામાં આવી ન હતી. વોર્નર તેની વિસ્ફોટક બેટિંગ માટે જાણીતો છે. ડેવિડ IPLના ઇતિહાસમાં સૌથી વધુ રન બનાવનારા ખેલાડીઓમાં ચોથા ક્રમે છે. તેમણે 2009 થી 2024 સુધી કુલ 184 મેચમાં 6565 રન બનાવ્યા છે. આ સમયગાળા દરમિયાન તેમનો સર્વોચ્ચ સ્કોર 126 રન હતો. તેના નામે 4 સદી અને 62 અડધી સદી છે.

5.સુરેશ રૈના

ભૂતપૂર્વ CSK ક્રિકેટર સુરેશ રૈનાએ 2008 થી 2021 દરમિયાન IPLમાં 205 મેચ રમી હતી, જેમાં 200 ઇનિંગ્સમાં 5528 રન બનાવ્યા હતા. આ સમયગાળા દરમિયાન તેમનો સર્વોચ્ચ સ્કોર 100 રન અણનમ રહ્યો છે. તેણે એક સદી અને 39 અડધી સદી ફટકારી હતી.",https://gujarati.abplive.com/sports/ipl/batsmen-with-most-runs-in-ipl-history-932678,10,2025-04-01 18:42:39
,,"MI vs GG Highlights WPL Eliminator: મુંબઈ ઇન્ડિયન્સે ગુજરાત જાયન્ટ્સને 47 રનથી હરાવીને મહિલા પ્રીમિયર લીગ 2025ની ફાઇનલમાં પ્રવેશ કર્યો છે. આ WPL 2025ની એલિમિનેટર મેચ હતી, જેમાં મુંબઈ ઈન્ડિયન્સે પ્રથમ બેટિંગ કરીને 213 રન બનાવ્યા હતા. જવાબમાં ગુજરાતની ટીમ ફક્ત 166 રન બનાવી શકી અને 47 રનથી મેચ હારી ગઈ હતી. મુંબઈએ બોલિંગ અને બેટિંગમા શાનદાર પ્રદર્શન કર્યું અને ગુજરાતને હરાવ્યું હતું.

𝙏𝙝𝙚𝙮 𝙈𝙚𝙚𝙩 𝘼𝙜𝙖𝙞𝙣....𝙄𝙣 𝙏𝙝𝙚 𝙁𝙞𝙣𝙖𝙡 😍Delhi Capitals 🆚 Mumbai Indians 🗓 Saturday, March 15, 2025⏰ 8.00 PM IST🏟 Brabourne Stadium, Mumbai#TATAWPL | #DCvMI | #Final | @DelhiCapitals | @mipaltan pic.twitter.com/e2fyj21ViB

ટોસ હાર્યા બાદ મુંબઈ ઈન્ડિયન્સને પહેલા બેટિંગ માટે આમંત્રણ આપવામાં આવ્યું હતું. યાસ્તિકા ભાટિયા જલદી આઉટ થઈ ગઈ, પરંતુ હેલી મેથ્યુઝ અને નેટ સાયવર બ્રન્ટે જે રીતે ગુજરાતના બોલરોને ફટકાર્યા તેનાથી સ્પષ્ટ થઈ ગયું કે આખી MI ટીમ ફાઇનલમાં પહોંચવાના લક્ષ્ય સાથે મેદાનમાં ઉતરી છે. મેથ્યુઝ અને બ્રન્ટ બંનેએ 77 રન બનાવ્યા અને સાથે મળીને 133 રનની મોટી ભાગીદારી કરી હતી. કેપ્ટન હરમનપ્રીત કૌર પણ આજે આક્રમક મૂડમાં જોવા મળી હતી. હરમનપ્રીતે મેદાનમાં આવતાની સાથે જ 12 બોલમાં ચોગ્ગા અને છગ્ગાની મદદથી 36 રનની શાનદાર ઇનિંગ રમી હતી.

𝐅𝐢𝐧𝐚𝐥 𝐂𝐚𝐥𝐥𝐢𝐧𝐠 📞🤩Mumbai Indians make it to their 2⃣nd #TATAWPL Final 👏Will they become the first team to win TWO TITLES? 🏆🤔#MIvGG | #Eliminator | @mipaltan pic.twitter.com/EmD9ojopt3

મુંબઈ બીજી વખત ફાઇનલમાં પહોંચ્યું છે.

WPLના ઇતિહાસમાં આ બીજી વખત છે જ્યારે મુંબઈ ઇન્ડિયન્સ ફાઇનલમાં પહોંચ્યું છે. અગાઉ MI ટીમે WPL 2023ની ફાઇનલ રમી હતી અને દિલ્હી કેપિટલ્સને 7 વિકેટથી હરાવીને ટાઇટલ જીત્યું હતું. હવે 15 માર્ચે ફાઇનલ મેચમાં મુંબઈ ઇન્ડિયન્સનો મુકાબલો દિલ્હી કેપિટલ્સ સામે થશે. દિલ્હી અત્યાર સુધીમાં ત્રણ વખત મહિલા પ્રીમિયર લીગની ફાઇનલમાં પહોંચી છે.

ગુજરાતની વાત કરીએ તો તે પહેલીવાર મહિલા પ્રીમિયર લીગના પ્લેઓફમાં પહોંચ્યું હતું. 2023 અને 2024 સીઝનમાં તેને પોઈન્ટ ટેબલમાં છેલ્લા સ્થાનથી સંતોષ માનવો પડ્યો હતો. આ વખતે મુંબઈ ઈન્ડિયન્સે પહેલીવાર ફાઇનલ રમવાનું ગુજરાતનું સ્વપ્ન ચકનાચૂર કરી નાખ્યું છે.",https://gujarati.abplive.com/sports/cricket/mumbai-indians-vs-gujarat-giants-eliminator-highlights-mumbai-indians-enter-final-932677,10,2025-04-01 18:42:41
,,"Harry Brook IPL ban: ઇન્ડિયન પ્રીમિયર લીગ (IPL) 2025 શરૂ થવામાં હજુ સમય છે, પરંતુ તે પહેલાં ભારતીય ક્રિકેટ કંટ્રોલ બોર્ડ (BCCI) દ્વારા એક મોટો અને કડક નિર્ણય લેવામાં આવ્યો છે.  BCCIએ ઇંગ્લેન્ડના ખેલાડી હેરી બ્રુક પર આગામી બે વર્ષ માટે IPLમાં રમવા પર પ્રતિબંધ મૂકી દીધો છે. આ પ્રતિબંધ એવા ખેલાડીઓ માટે એક ચેતવણી સમાન છે જેઓ IPL હરાજીમાં પસંદ થયા બાદ છેલ્લી ઘડીએ ટૂર્નામેન્ટમાંથી ખસી જાય છે.

હેરી બ્રુકે IPL 2025ની હરાજીમાં પોતાનું નામ નોંધાવ્યું હતું અને દિલ્હી કેપિટલ્સની ટીમે તેને 6.25 કરોડ રૂપિયામાં ખરીદ્યો પણ હતો. જો કે, સીઝન શરૂ થવાના થોડા સમય પહેલાં જ હેરી બ્રુકે અંગત કારણોસર IPL 2025માંથી પોતાનું નામ પાછું ખેંચી લીધું. આ પહેલીવાર નથી કે હેરી બ્રુકે IPLમાંથી છેલ્લી ઘડીએ ખસી ગયો હોય. ગયા વર્ષે IPL 2024 પહેલાં પણ તેણે આવું જ કર્યું હતું, ત્યારે તેણે દાદીના અવસાનનું કારણ આપ્યું હતું. સતત બીજી વખત આવું થતાં BCCIએ આ વખતે કડક પગલાં લીધા છે.

ઇન્ડિયન એક્સપ્રેસના અહેવાલ અનુસાર, BCCIના એક વરિષ્ઠ અધિકારીએ જણાવ્યું છે કે, ""નિયમોનું ઉલ્લંઘન કરવા બદલ હેરી બ્રુક પર બે વર્ષ માટે IPLમાં રમવા પર પ્રતિબંધ મૂકવામાં આવ્યો છે."" BCCIએ આ નિર્ણય વિશે ઇંગ્લેન્ડ અને વેલ્સ ક્રિકેટ બોર્ડ (ECB) ને પણ જાણ કરી દીધી છે.

BCCIના આ કડક વલણ પાછળનું કારણ એ છે કે IPL ટીમો ખેલાડીઓના આ પ્રકારના વર્તનથી ઘણીવાર મુશ્કેલીમાં મુકાઈ જતી હતી. ખેલાડીઓ હરાજીમાં ઊંચી કિંમતે વેચાયા બાદ ટૂર્નામેન્ટની શરૂઆતના સમયે જ કોઈ કારણસર રમવાનો ઇનકાર કરી દેતા હતા, જેના કારણે ટીમોને છેલ્લી ઘડીએ પોતાની રણનીતિ બદલવી પડતી હતી અને નુકસાન થતું હતું.  આવી ઘટનાઓને રોકવા માટે BCCIએ હરાજી પહેલાં જ નિયમ બનાવ્યો હતો કે જે ખેલાડી કરાર કર્યા પછી ટૂર્નામેન્ટમાંથી ખસી જશે તેના પર બે વર્ષનો પ્રતિબંધ મૂકાશે.

હેરી બ્રુકના આ નિર્ણયથી દિલ્હી કેપિટલ્સની ટીમને મોટો ફટકો પડ્યો છે, કારણ કે ટીમે તેના પર મોટી રકમ ખર્ચી હતી. હવે દિલ્હી કેપિટલ્સની ટીમ ટૂંક સમયમાં હેરી બ્રુકના સ્થાને અન્ય ખેલાડીની જાહેરાત કરશે.

IPL 2025 માટે દિલ્હી કેપિટલ્સની ટીમ હાલમાં આ પ્રમાણે છે: કેએલ રાહુલ, જેક ફ્રેઝર-મેકગર્ક, કરુણ નાયર, અભિષેક પોરેલ, ટ્રિસ્ટિયન સ્ટબ્સ, અક્ષર પટેલ, કુલદીપ યાદવ, ટી નટરાજન, મિશેલ સ્ટાર્ક, સમીર રિઝવી, આશુતોષ શર્મા, મોહિત શર્મા, ફાફ કુમાર, નીશાન કુમાર, ડી ચમીરા, ડોનોવન ફરેરા, અજય મંડલ, મનવંત કુમાર, ત્રિપુરા વિજય, માધવ તિવારી.",https://gujarati.abplive.com/sports/cricket/bcci-enforces-two-year-ipl-ban-on-harry-brook-for-consecutive-withdrawals-932653,10,2025-04-01 18:42:46
,,"Danish Kaneria Shahid Adridi Convert:  પાકિસ્તાન ટીમ માટે રમનાર છેલ્લા હિન્દુ ક્રિકેટર દાનિશ કનેરિયા (Danish Kaneria Relegion) હેડલાઈન્સમાં છે. તેમણે તાજેતરમાં અમેરિકામાં એક કાર્યક્રમમાં હાજરી આપી હતી, જ્યાં તેમણે પાકિસ્તાનમાં થયેલા ભેદભાવ વિશે વાત કરી હતી. આ પહેલા તેમણે પાકિસ્તાન ટીમના ભૂતપૂર્વ કેપ્ટન શાહિદ આફ્રિદી પર આરોપો લગાવ્યા હતા. કનેરિયાએ કહ્યું કે આફ્રિદીએ તેમને ઘણી વાર ધર્મ પરિવર્તન કરવા કહ્યું હતું. તમને જણાવી દઈએ કે અનિલ દલપત (Pakistan First Hindu Cricketer)પછી, દાનિશ કનેરિયા પાકિસ્તાન રાષ્ટ્રીય ટીમ માટે ક્રિકેટ રમનાર બીજા હિન્દુ ક્રિકેટર છે.

#WATCH | Washington, DC | On the Congressional Briefing on 'plight of minorities in Pakistan', Danish Kaneria, the last Hindu cricketer to play for Pakistan internationally, says, ""Today, we discussed how we had to go through discrimination. And we raised our voices against all… pic.twitter.com/elCcqtpbbI

પાકિસ્તાનમાં તેમની સાથે ભેદભાવ કરવામાં આવતો હતો

અમેરિકાના વોશિંગ્ટનમાં એક કાર્યક્રમમાં ANI સાથે વાત કરતા દાનિશ કનેરિયાએ કહ્યું કે પાકિસ્તાનમાં તેમની સાથે ભેદભાવ કરવામાં આવતો હતો. તેને ટીમના અન્ય લોકો અને ખેલાડીઓ જેટલો આદર આપવામાં આવ્યો ન હતો અને તેની કારકિર્દી બરબાદ કરવાના પ્રયાસો કરવામાં આવ્યા હતા.

શાહિદ આફ્રિદીએ ધર્મ પરિવર્તન કરવા કહ્યુંઆ પહેલી વાર નથી જ્યારે દાનિશ કનેરિયાએ તેમના પર થયેલા ભેદભાવ વિશે વાત કરી હોય. તેમણે 2023 માં એક મીડિયા ઇન્ટરવ્યુમાં કહ્યું હતું કે, ""હું મારી કારકિર્દીમાં સારું પ્રદર્શન કરી રહ્યો હતો અને કાઉન્ટી ક્રિકેટ પણ રમી રહ્યો હતો. ઇન્ઝમામ-ઉલ-હક મને ટેકો આપી રહ્યો હતો અને તે ટીમનો એકમાત્ર કેપ્ટન હતો જેણે આવું કર્યું. તેમની સાથે શોએબ અખ્તર પણ મને ટેકો આપી રહ્યો હતો.""

શાહિદ આફ્રિદી અને બીજા ઘણા પાકિસ્તાની ક્રિકેટરોએ મને ખૂબ હેરાન કર્યો

દાનિશ કનેરિયાએ શાહિદ આફ્રિદી પર આરોપ લગાવતા કહ્યું, ""શાહિદ આફ્રિદી અને બીજા ઘણા પાકિસ્તાની ક્રિકેટરોએ મને ખૂબ હેરાન કર્યો. તેઓ મારી સાથે બેસીને જમતા નહોતા. શાહિદ આફ્રિદીએ મને ઘણી વાર મારો ધર્મ બદલવા કહ્યું હતું. ઇન્ઝમામ-ઉલ-હક ક્યારેય આવી વાત કરતો નહોતો."" દાનિશ કનેરિયા પર 2012માં સ્પોટ ફિક્સિંગનો આરોપ લાગ્યો હતો. જે બાદ તેના પર આજીવન ક્રિકેટ રમવા પર પ્રતિબંધ મૂકવામાં આવ્યો હતો. હવે દાનિશ કનેરિયાના આરોપ બાદ ચકચાર મચી જવા પામી છે. લોકો આ અંગે સોશિયલ મીડિયા પર ઉગ્ર પ્રતિક્રિયા આપી રહ્યા છે.",https://gujarati.abplive.com/sports/cricket/danish-kaneria-on-shahid-afridi-convert-no-respect-discrimination-pakistan-932640,10,2025-04-01 18:42:49
,,"Cricket News: ચેમ્પિયન્સ  ટ્રોફી 2025 માં કારમી હાર બાદ, પાકિસ્તાન ક્રિકેટ ટીમ હવે નવી શ્રેણી માટે તૈયારી કરી રહી છે. ભલે હવે દુનિયાભરના પ્રખ્યાત ખેલાડીઓ IPLમાં જોવા મળશે, પરંતુ પાકિસ્તાની ટીમ ન્યુઝીલેન્ડ સામે T20 આંતરરાષ્ટ્રીય મેચોની શ્રેણી રમશે. આ દરમિયાન, રોહિત શર્માનો એક એવો વિશ્વ રેકોર્ડ છે જે જલ્દી તૂટે તેવું લાગતું નથી. આનું કારણ સીધું PCB છે. અમે તમને વિગતવાર જણાવીશું કે અમે આ કેમ કહી રહ્યા છીએ.

રોહિત શર્માએ T20 આંતરરાષ્ટ્રીયમાં સૌથી વધુ રન બનાવ્યા છેરોહિત શર્મા હાલમાં T20 આંતરરાષ્ટ્રીય ક્રિકેટમાં સૌથી વધુ રન બનાવનાર ખેલાડી છે. આ ફોર્મેટમાંથી નિવૃત્તિ લીધાને એક વર્ષથી વધુ સમય થઈ ગયો હોવા છતાં, હજુ સુધી કોઈ તેમનો રેકોર્ડ તોડી શક્યું નથી. આ કિસ્સામાં, પાકિસ્તાનનો બાબર આઝમ સૌથી નજીક છે. રોહિત શર્માએ 159 ટી20 આંતરરાષ્ટ્રીય મેચોમાં 4231 રન બનાવ્યા છે, જ્યારે બાબર આઝમે 128 ટી20 આંતરરાષ્ટ્રીય મેચોમાં 4223 રન બનાવ્યા છે. આનો અર્થ એ થયો કે બાબર આઝમને રોહિત શર્માનો રેકોર્ડ તોડવા માટે અહીંથી ફક્ત 9 રનની જરૂર છે.

બાબર આઝમને પાકિસ્તાનની T20 ટીમમાંથી બહાર કરવામાં આવ્યોબાબર આઝમ આગામી શ્રેણીમાં રોહિત શર્માને પાછળ છોડી શક્યો હોત, પરંતુ પાકિસ્તાન ક્રિકેટ બોર્ડે તેની સાથે ગેમ કરી નાખી. હકીકતમાં, જ્યારે પાકિસ્તાનની ટીમ ન્યુઝીલેન્ડ સામે પાંચ મેચની શ્રેણી માટે મેદાનમાં ઉતરશે, ત્યારે બાબર આઝમ તેમાં રહેશે નહીં. આ શ્રેણી માટે તેની પસંદગી કરવામાં આવી નથી. ચેમ્પિયન્સ ટ્રોફી પછી પાકિસ્તાને ટીમમાં ઘણા ફેરફારો કર્યા છે. હવે એ કહેવું મુશ્કેલ છે કે બાબર આઝમને T20માંથી સંપૂર્ણપણે રાહત મળી છે કે તેમને આરામ આપવામાં આવ્યો છે. કારણ કે T20 શ્રેણી પછી, જ્યારે પાકિસ્તાની ટીમ ન્યુઝીલેન્ડ સાથે ODI શ્રેણી રમશે, ત્યારે બાબર આઝમનું નામ તેમાં સામેલ કરવામાં આવ્યું છે.

રોહિત શર્માનો આ રેકોર્ડ જલ્દી તૂટશે નહીંબાબર આઝમ સિવાય, હાલમાં બીજો કોઈ બેટ્સમેન રોહિત શર્માના આ રેકોર્ડને તોડી શકે તેવું લાગતું નથી. આ યાદીમાં રોહિત શર્મા અને બાબર આઝમ પછી ત્રીજું નામ વિરાટ કોહલીનું છે. તેણે 125 ટી-20 આંતરરાષ્ટ્રીય મેચોમાં 4188 રન બનાવ્યા છે. પરંતુ વિરાટ કોહલી પણ હવે તેમાંથી નિવૃત્તિ લઈ ચૂક્યો છે. આ પછી, ચોથા નંબરે આયર્લેન્ડનો પોલ સ્ટાર્લિંગ છે, જેમણે અત્યાર સુધીમાં 3656 રન બનાવ્યા છે. તે આ યાદીમાં ચોથા નંબરે હોઈ શકે છે, પરંતુ તે હજુ પણ રોહિત શર્માથી ઘણો પાછળ છે. એ સ્પષ્ટ છે કે રોહિત શર્માનો રેકોર્ડ નજીકના ભવિષ્યમાં તૂટે તેવું લાગતું નથી.",https://gujarati.abplive.com/sports/cricket/babar-azam-was-not-included-in-the-team-for-the-series-against-new-zealand-932634,10,2025-04-01 18:42:52
,,"Rohit Sharma India vs England: ટીમ ઈન્ડિયાના કેપ્ટન રોહિત શર્માએ તાજેતરમાં ટીમને ચેમ્પિયન્સ ટ્રોફીમાં વિજય અપાવ્યો, પરંતુ શું તે ટીમમાં પોતાનું સ્થાન જાળવી રાખશે કે કેમ તે હજુ પણ એક મોટો પ્રશ્ન છે. મીડિયા રિપોર્ટ્સ અનુસાર, રોહિત શર્મા ટીમમાં રહેશે કે નહીં તેનો અંતિમ નિર્ણય ઇન્ડિયન પ્રીમિયર લીગ (IPL) દરમિયાન લેવામાં આવશે. માનવામાં આવે છે કે IPLમાં રોહિત શર્માની ફિટનેસ અને પ્રદર્શનનું મૂલ્યાંકન કર્યા બાદ જ તેને ઇંગ્લેન્ડના પ્રવાસ માટે ટીમમાં સામેલ કરવો કે નહીં તે નક્કી કરવામાં આવશે.

રોહિત શર્મા હાલમાં તેના આગામી મિશનની તૈયારીમાં વ્યસ્ત છે અને તે સહાયક કોચ અભિષેક નાયર સાથે પોતાની ફિટનેસ પર ખાસ ધ્યાન આપી રહ્યો છે. ક્રિકબઝના એક અહેવાલ મુજબ, રોહિત શર્મા અભિષેક નાયર સાથે માત્ર ફિટનેસ જ નહીં પરંતુ બેટિંગ ટેકનિક અને 2027માં યોજાનારા ODI વર્લ્ડ કપની તૈયારીના અભિગમ પર પણ કામ કરી રહ્યો છે. જ્યારે 2027 વર્લ્ડ કપ રમાશે ત્યારે રોહિત શર્મા 40 વર્ષનો થઈ જશે, પરંતુ તેણે સ્પષ્ટ કર્યું છે કે તે આ મોટી ટૂર્નામેન્ટ માટે ફિટ રહેવા માટે પૂરી મહેનત કરી રહ્યો છે.

ચેમ્પિયન્સ ટ્રોફી (Champions Trophy)( જીત્યા બાદ રોહિત શર્માએ (Rohit Sharma) તેના ODI ક્રિકેટમાંથી નિવૃત્તિ લેવાની અટકળોને પણ નકારી કાઢી હતી અને ભારપૂર્વક જણાવ્યું હતું કે તેનું મુખ્ય ધ્યાન હવે 2027ના ODI વર્લ્ડ કપ પર છે. વર્ષ 2023માં ઓસ્ટ્રેલિયા સામે વર્લ્ડ કપની ફાઇનલમાં મળેલી હાર બાદ ભારત ફરી એકવાર આ ટ્રોફી જીતવા માટે મજબૂત દાવેદાર બનવા માંગે છે.

તાજેતરમાં સમાપ્ત થયેલ ચેમ્પિયન્સ ટ્રોફીમાં રોહિત શર્માનું (Rohit Sharma) પ્રદર્શન જોઈએ તો, તેણે ગ્રુપ સ્ટેજ અને સેમિફાઇનલમાં સરેરાશ રન બનાવ્યા હતા, પરંતુ ફાઇનલ મેચમાં ન્યૂઝીલેન્ડ સામે તેણે શાનદાર બેટિંગ કરીને મેન ઓફ ધ મેચનો ખિતાબ જીત્યો હતો. જો રોહિત શર્મા આ જ રીતે પોતાની ફિટનેસ પર ધ્યાન કેન્દ્રિત કરીને તેને જાળવી રાખે છે, તો તેના માટે 2027માં વર્લ્ડ કપ રમવાનું લક્ષ્ય પ્રાપ્ત કરવું મુશ્કેલ નહીં હોય. હવે સૌની નજર IPL પર રહેશે, જ્યાં રોહિત શર્માના પ્રદર્શન અને ફિટનેસના આધારે તેના ભવિષ્યનો નિર્ણય લેવામાં આવશે.",https://gujarati.abplive.com/sports/cricket/will-rohit-sharma-play-in-india-vs-england-test-series-decision-after-ipl-2025-932631,10,2025-04-01 18:42:55
,,"Mahmudullah retires from international cricket: બાંગ્લાદેશના અનુભવી બેટ્સમેન મહમુદુલ્લાહે આંતરરાષ્ટ્રીય ક્રિકેટમાંથી નિવૃત્તિની જાહેરાત કરી છે. મહમુદુલ્લાહની નિવૃત્તિ સાથે બાંગ્લાદેશની સુવર્ણ પેઢીનો અંત આવ્યો, જેમાં તમીમ ઇકબાલ, શાકિબ અલ હસન, મુશફિકુર રહીમ અને મશરફે મોર્તઝાનો સમાવેશ થતો હતો. તે વનડે વર્લ્ડકપમાં ત્રણ સદી ફટકારનારો એકમાત્ર બાંગ્લાદેશી બેટ્સમેન છે.

૨૦૨૧માં ટેસ્ટ અને ૨૦૨૪માં ટી૨૦માંથી નિવૃત્તિની જાહેરાત કરનાર મહમુદુલ્લાહે સોશિયલ મીડિયા પોસ્ટમાં લખ્યું, 'મેં આંતરરાષ્ટ્રીય ક્રિકેટમાંથી નિવૃત્તિ લેવાનો નિર્ણય લીધો છે.'

39 વર્ષીય મહમુદુલ્લાહ બાંગ્લાદેશ તરફથી ODI ક્રિકેટમાં ચોથા ક્રમે સૌથી વધુ રન બનાવનાર ખેલાડી છે, તેણે ૩૬.૪૬ ની સરેરાશથી ૫૬૮૯ રન બનાવ્યા છે. તેણે 4 સદી પણ ફટકારી છે, જે બધી ICC ઇન્ટરનેશનલ ક્રિકેટ કાઉન્સિલ ટુર્નામેન્ટમાં આવી છે. તેણે 2015ના વર્લ્ડકપમાં સતત બે સદી, 2017ની ચેમ્પિયન્સ ટ્રોફીમાં ન્યૂઝીલેન્ડ સામે સદી અને 2023ના વનડે વર્લ્ડકપમાં દક્ષિણ આફ્રિકા સામે ચોથી સદી ફટકારી હતી.

ફેસબુક પોસ્ટમાં મહમુદુલ્લાહે લખ્યું, 'હું મારા બધા સાથી ખેલાડીઓ, કોચ અને ખાસ કરીને મારા ચાહકોનો આભાર માનવા માંગુ છું જેમણે હંમેશા મને ટેકો આપ્યો છે.'

પોતાના 17 વર્ષના કરિયરમાં ૨૩૯ વનડે, ૫૦ ટેસ્ટ અને ૧૪૧ ટી૨૦ મેચ રમનાર મહમુદુલ્લાહે કહ્યું, 'મારા માતા-પિતા, મારા સાસરિયાઓ ખાસ કરીને મારા સસરા અને સૌથી અગત્યનું મારા ભાઈ ઇમદાદ ઉલ્લાહનો ખૂબ ખૂબ આભાર, જે બાળપણથી જ મારા કોચ અને માર્ગદર્શક તરીકે મારી સાથે રહ્યા છે.'

તેણે કહ્યું, 'અને અંતે મારી પત્ની અને બાળકોનો આભાર કે જેમણે દરેક સારા અને ખરાબ સમયમાં મને સાથ આપ્યો છે.' મને ખબર છે કે રાયદને લાલ અને લીલા જર્સીમાં મારી ખોટ સાલશે. બધું જ સંપૂર્ણ રીતે સમાપ્ત થતું નથી, પણ તમે હા કહો છો અને આગળ વધો છો. મારી ટીમ અને બાંગ્લાદેશ ક્રિકેટને શુભકામનાઓ.

મહમુદુલ્લાહે 2007 માં ODI માં પ્રવેશ કર્યો હતો અને શરૂઆતમાં નીચલા ક્રમના ઓલરાઉન્ડર તરીકે રમ્યો હતો. ૨૦૧૧ના વર્લ્ડકપમાં એક વળાંક આવ્યો, જ્યારે તેણે બાંગ્લાદેશને ઇંગ્લેન્ડ સામે શાનદાર વિજય અપાવ્યો.

બાદમાં તે એક મહત્વપૂર્ણ મધ્યમ ક્રમનો બેટ્સમેન બન્યો અને તેણે ઘણી યાદગાર ઇનિંગ્સ રમી, જેમાં 2017 ચેમ્પિયન્સ ટ્રોફીમાં ન્યૂઝીલેન્ડ સામે શાકિબ અલ હસન સાથેની તેની ઐતિહાસિક 224 રનની ભાગીદારીનો સમાવેશ થાય છે.",https://gujarati.abplive.com/sports/cricket/cricket-retirement-news-veteran-bangladesh-batter-mahmudullah-retired-from-international-cricket-932618,10,2025-04-01 18:42:58
,,"Jharkhand Assembly Election 2024: ઝારખંડ વિધાનસભા ચૂંટણીના પ્રથમ તબક્કાનું મતદાન ચાલી રહ્યું છે. 43 બેઠકો પર થઈ રહેલા મતદાનની વચ્ચે ભારતીય ક્રિકેટ ટીમના પૂર્વ કેપ્ટન અને અનુભવી ખેલાડી મહેન્દ્રસિંહ ધોની પણ પોતાની પત્ની સાક્ષી સાથે પોતાનો મત આપવા માટે રાંચી પહોંચ્યા હતા.

મહેન્દ્રસિંહ ધોની પૉલિંગ બૂથ પર પહોંચતા જ તેના ચાહકો તેની એક ઝલક મેળવવા માટે તલપાપડ થઈ ગયા હતા. તેમણે રાંચીના એક મતદાન કેન્દ્ર પર પોતાનો મત આપ્યો. તમને જણાવી દઈએ કે ધોનીનું ઘર રાંચી રિંગ રોડ પર છે. પોતાનો મત આપીને તેમણે જાગૃત નાગરિક બનવાનો સંદેશ આપ્યો છે.

#WATCH | Former Indian cricket team captain MS Dhoni along with his wife, Sakshi arrives at a polling booth in Ranchi to cast his vote for #JharkhandAssemblyElections2024 pic.twitter.com/KlD68mXdzM

ઝારખંડ ચૂંટણીના બ્રાન્ડ એમ્બેસેડર છે ધોની મહેન્દ્રસિંહ ધોની અને તેના સમગ્ર પરિવારે બપોરે હાથિયા વિધાનસભાના બૂથ નંબર 380 પર મતદાન કર્યું. આ દરમિયાન લોકો મહેન્દ્રસિંહ ધોની સાથે સેલ્ફી લેવા માટે ખૂબ જ ઉત્સુક હતા. મહેન્દ્રસિંહ ધોની ઝારખંડ વિધાનસભા ચૂંટણીના બ્રાન્ડ એમ્બેસેડર પણ છે.

43 બેઠકો પર મતદાન ઝારખંડની 81 વિધાનસભા સીટો પર બે તબક્કામાં મતદાન થશે. બુધવારે પ્રથમ તબક્કા માટે 43 બેઠકો પર મતદાન થઈ રહ્યું છે. રાજ્યની 43 બેઠકો પર મતદાન માટે 15 હજાર 344 મતદાન મથકો બનાવવામાં આવ્યા છે, જ્યાં સવારે 7 વાગ્યાથી મતદાન ચાલુ છે.

683 ઉમેદવારોની કિસ્મતનો ફેંસલો કુલ 1.37 કરોડ મતદારો 683 ઉમેદવારોનું ભાવિ ઈવીએમ પર લખી રહ્યા છે. જેમાં પુરૂષ મતદારોની સંખ્યા 68.73 લાખ અને મહિલા મતદારોની સંખ્યા 68.36 લાખ છે. ત્રીજા લિંગના મતદારોની સંખ્યા 303 છે. 18-19 વર્ષની વયના મતદારોની સંખ્યા 6.51 લાખ છે. અનેક મોટી હસ્તીઓ, રાજકીય પક્ષોના નેતાઓ અને વિવિધ બેઠકો પરના ઉમેદવારોએ પોતપોતાના બૂથ પર વહેલી સવારે મતદાન કર્યું હતું.

આ પણ વાંચો

IN PICS: આ તોફાની ઓસ્ટ્રેલિયન બોલર મહિલા ક્રિકેટરના પ્રેમમાં 'ક્લીન બોલ્ડ' થયો, પ્રેક્ટિસથી શરૂ થઈ લવ સ્ટોરી",https://gujarati.abplive.com/sports/cricket/cricketer-ms-dhoni-with-wife-sakshi-cast-his-vote-in-ranchi-in-jharkhand-assembly-election-2024-917854,11,2025-04-01 18:43:02
,,"Shaheen Afridi World Number One in ICC ODI Rankings: ઓસ્ટ્રેલિયા સામેની ત્રણ મેચની વનડે સીરીઝમાં તોફાની બૉલિંગ કરનારો પાકિસ્તાનનો લેફ્ટ આર્મ ફાસ્ટ બૉલર ODI ક્રિકેટમાં વિશ્વનો નંબર વન બૉલર બની ગયો છે. આઈસીસીની તાજેતરની રેન્કિંગમાં શાહીન ODIમાં ટોપ પર પહોંચી ગયો છે.

શાહીન આફ્રિદી ICC દ્વારા જાહેર કરવામાં આવેલી લેટેસ્ટ ODI રેન્કિંગમાં ત્રીજા નંબરે પહોંચી ગયો છે. તેનું રેટિંગ હવે 696 પર પહોંચી ગયું છે, જે તેની ODI કારકિર્દીનું સર્વશ્રેષ્ઠ રેટિંગ છે. અફઘાનિસ્તાનનો રાશિદ ખાન 687 રેટિંગ પોઈન્ટ સાથે બીજા સ્થાને સરકી ગયો છે.

શાહીન આફ્રિદી ઓસ્ટ્રેલિયા સામેની ત્રણ મેચની વનડે સીરીઝમાં બીજા નંબરનો સૌથી સફળ બૉલર હતો. શાહિને ત્રણ મેચમાં 12.62ની એવરેજથી આઠ વિકેટ ઝડપી હતી. હેરિસ રઉફે આ સિરીઝમાં સૌથી વધુ 10 વિકેટ લીધી હતી.

બુમરાહને રમ્યા વિના જ મળ્યો ફાયદો  ICCની તાજેતરની રેન્કિંગમાં જસપ્રીત બુમરાહને પણ ફાયદો થયો છે. જો કે તે લાંબા સમયથી એક પણ વનડે મેચ રમ્યો નથી. બુમરાહ રમ્યા વિના આઠમા સ્થાનેથી છઠ્ઠા સ્થાને આવી ગયો છે. વળી, ભારતના મોહમ્મદ સિરાજને પણ લેટેસ્ટ રેન્કિંગમાં ફાયદો થયો છે. તે પણ બે સ્થાનની છલાંગ લગાવીને સાતમા સ્થાને પહોંચી ગયો છે.

ઓસ્ટ્રેલિયાના એડમ ઝમ્પા અને જૉશ હેઝલવુડને પાકિસ્તાન સામેની ત્રણ મેચની વન-ડે સીરીઝ બાદ બહાર પાડવામાં આવેલી તાજેતરની રેન્કિંગમાં હારનો સામનો કરવો પડ્યો છે. એડમ ઝમ્પા ચોથા સ્થાનેથી સરકીને 9મા સ્થાને આવી ગયો છે. જૉશ હેઝલવુડ ત્રણ સ્થાન સરકીને 10મા સ્થાને પહોંચી ગયો છે.

આ પણ વાંચો

ચેમ્પિયન્સ ટ્રૉફીને લઇને આવ્યું મોટુ અપડેટ, ભારતની વાત માને કે ના માને પાકિસ્તાન, કન્ફોર્મ છે 'હાર'",https://gujarati.abplive.com/sports/cricket/pakistan-shaheen-afridi-becomes-world-number-1-bowler-in-odi-in-the-icc-odi-rankings-917843,11,2025-04-01 18:43:09
,,"South Africa vs India 3rd T20: આજે ભારત અને દક્ષિણ આફ્રિકા વચ્ચે ત્રીજી T20 રમાશે. સેન્ચુરિયનના સુપરસ્પોર્ટ પાર્કમાં બંને ટીમો સામસામે ટકરાશે. ભારતીય સમય અનુસાર આ મેચ રાત્રે 8:30 વાગ્યે શરૂ થશે. મેચનો ટોસ 8 વાગ્યે થશે. ચાર મેચોની આ શ્રેણી 1-1થી બરાબર છે. આવી સ્થિતિમાં આજે જીતનારી ટીમ સિરીઝ ગુમાવવાનો ખતરો ટળી જશે.

ભારતીય ટીમે શ્રેણીની પ્રથમ T20 61 રને જીતી લીધી હતી. આ પછી ટીમ ઈન્ડિયા બીજી ટી20માં પણ જીતની નજીક પહોંચી ગઈ હતી, પરંતુ અંતે ગેરાલ્ડ કોએત્ઝી અને ટ્રુસ્ટન સ્ટબ્સે ટેબલ ફેરવી દીધું અને સાઉથ આફ્રિકાને હારેલી મેચમાં જીત અપાવી. આવી સ્થિતિમાં સિરીઝ 1-1થી બરોબરી પર પહોંચી હતી.

ભારત બનામ દક્ષિણ આફ્રિકા ત્રીજી T20 પિચ રિપોર્ટ (IND vs SA 3જી T20 પિચ રિપોર્ટ)

સેન્ચુરિયનના સુપરસ્પોર્ટ પાર્કની પીચ ઝડપી બોલરો માટે યોગ્ય છે. આ પીચ પર ઝડપી બોલરોને સારો ઉછાળો મળે છે. છેલ્લાં કેટલાંક વર્ષોમાં સેન્ચ્યુરિયન પિચમાં પહેલા કરતાં વધુ ઝડપ અને ઉછાળો જોવા મળ્યો છે. ફાસ્ટ બોલરો આ પીચ પર તબાહી મચાવી શકે છે. ટોસ જીતનારી ટીમ પહેલા બોલિંગ કરવાનો નિર્ણય કરી શકે છે.

ભારત બનામ દક્ષિણ આફ્રિકા ત્રીજી T20 મેચની આગાહી (IND vs SA 3જી T20 મેચની આગાહી)

ભારત અને દક્ષિણ આફ્રિકા વચ્ચેની પ્રથમ મેચ એકતરફી રહી હતી, પરંતુ બીજી T20માં જોરદાર સ્પર્ધા જોવા મળી હતી. આજની મેચ પણ રોમાંચથી ભરપૂર રહેશે. મેચ પ્રિડિક્શન મીટર કહી રહ્યું છે કે આ મેચ નજીકની હરીફાઈ હશે. જો કે, દક્ષિણ આફ્રિકાની ટીમની જીતની શક્યતા થોડી વધારે છે, પરંતુ ભારતીય ખેલાડીઓ ફરી એકવાર શાનદાર પ્રદર્શન કરી શકે છે.

ભારત અને દક્ષિણ આફ્રિકાની સંભવિત પ્લેઇંગ ઇલેવન (IND vs SA ત્રીજી T20 પ્લેઇંગ 11)

સંજુ સેમસન (વિકેટકીપર), અભિષેક શર્મા, સૂર્યકુમાર યાદવ (કેપ્ટન), તિલક વર્મા, રિંકુ સિંહ, હાર્દિક પંડ્યા, અક્ષર પટેલ, રવિ બિશ્નોઈ, વરુણ ચક્રવર્તી, આવેશ ખાન અને અર્શદીપ સિંહ.

રીઝા હેન્ડ્રીક્સ, રેયાન રિકલ્ટન, એડન માર્કરામ (કેપ્ટન), ટ્રિસ્ટન સ્ટબ્સ, હેનરિક ક્લાસેન (વિકેટકીપર), ડેવિડ મિલર, માર્કો જેન્સન, કેશવ મહારાજ, એન્ડીલે સિમેલેન, ગેરાલ્ડ કોએત્ઝી અને નાકાબાયોમઝી પીટર.

આ પણ વાંચો : ટીમ ઈન્ડિયાને વર્લ્ડ કપ જીતાડનારા પ્લેયરને દિલ્હી કેપિટલ્સે બનાવ્યો પોતાનો નવો બોલિંગ કોચ",https://gujarati.abplive.com/sports/cricket/ind-vs-sa-3rd-t20-match-preview-playing-11-pitch-report-match-prediction-india-vs-south-africa-centurion-read-article-in-gujarati-917825,11,2025-04-01 18:43:13
,,"IPL 2025 માટે મેગા ઓક્શન યોજાવાની છે. હાલમાં જ તમામ 10 ટીમોએ તેમના રિટેન કરાયેલા ખેલાડીઓના નામ જાહેર કર્યા છે. આ દરમિયાન, દિલ્હી કેપિટલ્સ ટીમે પહેલેથી જ તેની તૈયારીઓને મજબૂત કરવાનું શરૂ કરી દીધું છે. દિલ્હી કેપિટલ્સે ટીમના નવા બોલિંગ કોચ તરીકે ભારત માટે વર્લ્ડ કપ જીતનાર ખેલાડીની નિમણૂક કરી છે. આ ખેલાડીઓએ પણ પોતાની કારકિર્દીમાં શાનદાર બોલિંગ કરી હતી. આ ખેલાડી બીજું કોઈ નહીં પણ મુનાફ પટેલ છે. હેમાન બદાણીને ગયા મહિને ટીમના નવા મુખ્ય કોચ બનાવવામાં આવ્યા હતા. બદાણી આ સિઝનમાં મુનાફ પટેલના અનુભવનો પૂરો ઉપયોગ કરવા ઈચ્છશે.

Old-school grit 🤝 Winning mindset Welcome to DC, legend 🥹💙 pic.twitter.com/d62DSCcqNR

મુનાફ પટેલની કારકિર્દી શાનદાર રહી છે

મુનાફ પટેલ હાલમાં 41 વર્ષના છે અને તેમણે પોતાની કારકિર્દી દરમિયાન ઘણી મોટી સિદ્ધિઓ હાંસલ કરી છે. તેમણે ટીમ ઈન્ડિયા માટે ત્રણેય ફોર્મેટમાં ક્રિકેટ રમી છે.  મુનાફ પટેલે વર્ષ 2011માં ODI વર્લ્ડ કપનો ખિતાબ જીત્યો હતો. તેની આંતરરાષ્ટ્રીય કારકિર્દી દરમિયાન, તેણે 13 ટેસ્ટ મેચમાં 35 વિકેટ, 70 ODI મેચોમાં 86 વિકેટ અને ત્રણ T20 આંતરરાષ્ટ્રીય મેચોમાં 4 વિકેટ ઝડપી છે. મુનાફ પટેલ આઈપીએલમાં ત્રણ ટીમો તરફથી રમી ચૂક્યો છે. જેમાં રાજસ્થાન રોયલ્સ (2008-10), મુંબઈ ઈન્ડિયન્સ (2011-13) અને ગુજરાત લાયન્સ (2017)ના નામ સામેલ છે. તેણે 63 IPL મેચમાં 74 વિકેટ લીધી છે. મુનાફ પટેલ પોતાની શાનદાર બોલિંગ માટે જાણીતા છે.

IPL 2024માં દિલ્હીએ કર્યા હતા નિરાશ

આઈપીએલ 2024માં દિલ્હી કેપિટલ્સ ટીમનું પ્રદર્શન ખૂબ જ નિરાશાજનક રહ્યું હતું. જ્યાં તેઓ 14માંથી માત્ર 7 મેચ જીતી શક્યા હતા. જેના કારણે તેની ટીમ પ્લેઓફમાં પણ પહોંચી શકી નહી. ફ્રેન્ચાઇઝીએ જુલાઇમાં મુખ્ય કોચ રિકી પોન્ટિંગ અને તેના સ્ટાફને બરતરફ કરી દીધા હતા અને તેમની જગ્યાએ ભૂતપૂર્વ ભારતીય ક્રિકેટર હેમાંગ બદાનીને નિયુક્ત કર્યા હતા. IPLમાં પણ આ વખતે દિલ્હીની ટીમે પોતાના કેપ્ટન ઋષભ પંતને બહાર કરી દીધો છે. આવી સ્થિતિમાં દિલ્હીની ટીમ નવી શરૂઆત કરવા માંગે છે.

Champions Trophy: ભારત-પાકિસ્તાનની જંગમાં આઇસીસી ફસાયું, પાકિસ્તાન બોર્ડે પત્ર લખી સનસનાટી મચાવી, જાણો હવે શું થશે",https://gujarati.abplive.com/sports/cricket/munaf-patel-become-new-bowling-coach-of-delhi-capitals-for-ipl-2025-917769,11,2025-04-01 18:43:16
,,"India refuse to travel Pakistan Champions Trophy 2025: ચેમ્પિયન્સ ટ્રોફી 2025નો મુદ્દો હવે માત્ર BCCI અને PCB પૂરતો મર્યાદિત નથી રહ્યો, પરંતુ ભારત અને પાકિસ્તાનની સરકારો પણ તેમાં સામેલ થઈ ગઈ છે. પાકિસ્તાન ક્રિકેટ બોર્ડને ICC દ્વારા માહિતી મળી હતી કે BCCI તેની ટીમને ચેમ્પિયન્સ ટ્રોફી રમવા માટે સરહદ પાર નહીં મોકલે. હવે પાકિસ્તાની મીડિયા અનુસાર, પાકિસ્તાન ક્રિકેટ બોર્ડ ICCને સવાલ પૂછશે કે ભારત શા માટે પોતાની ટીમ પાકિસ્તાન મોકલવા નથી માંગતું.

એક મીડિયા રિપોર્ટ અનુસાર, સૂત્રએ જણાવ્યું કે PCBએ ઇન્ટરનેશનલ ક્રિકેટ કાઉન્સિલને પત્ર મોકલ્યો છે. જેમાં સ્પષ્ટપણે કહેવામાં આવ્યું છે કે ટીમ ઈન્ડિયા ટૂર્નામેન્ટમાં રમે કે ન રમે, પાકિસ્તાન કોઈ પણ સંજોગોમાં ચેમ્પિયન્સ ટ્રોફીની યજમાની છોડશે નહીં. સૂત્રએ કહ્યું કે બીસીસીઆઈએ પોતાની ટીમને સરહદ પાર મોકલવાનું કોઈ કારણ આપ્યું નથી. કારણ જાણ્યા બાદ જ PCB આ સમસ્યાનો ઉકેલ શોધવા પર વિચાર કરશે.

ભારત અને પાકિસ્તાન એક જ ગ્રુપમાં?પાકિસ્તાન ક્રિકેટ બોર્ડ દ્વારા તૈયાર કરવામાં આવેલા કાર્યક્રમમાં ભારત અને પાકિસ્તાનને બાંગ્લાદેશ અને ન્યુઝીલેન્ડની સાથે ગ્રુપ Aમાં રાખવામાં આવ્યા હતા. પરંતુ ભારત સરકારના સ્ટેન્ડ પછી, ICC શેડ્યૂલને મંજૂરી આપવા પર હજુ પણ સસ્પેન્સમાં છે. પાકિસ્તાની મીડિયાના અહેવાલો અનુસાર, PCB ICCને પણ વિનંતી કરશે કે ચેમ્પિયન્સ ટ્રોફી માટે ભારત અને પાકિસ્તાનને એક જ ગ્રુપમાં ન રાખવામાં આવે. પાકિસ્તાન તરફથી એક ધમકીભર્યું અપડેટ પણ આવ્યું છે કે જ્યાં સુધી ટીમ ઈન્ડિયા પાકિસ્તાન આવવા અને રમવા માટે સંમત નહીં થાય ત્યાં સુધી પાકિસ્તાનની ટીમ ભારતીય ટીમ સાથે કોઈપણ ICC અથવા બહુ-રાષ્ટ્રીય ટૂર્નામેન્ટમાં નહીં રમે.

સૂત્રોનું માનવું છે કે આઈસીસી મૂંઝવણમાં છે, જ્યાં તેની પાસે વધુ વિકલ્પો બચ્યા નથી. જો પાકિસ્તાન ચેમ્પિયન્સ ટ્રોફીની યજમાની છોડવા પર અડગ રહે છે, તો ICC સમક્ષ ભારત વિના ચેમ્પિયન્સ ટ્રોફીનું આયોજન કરવાનો એકમાત્ર વિકલ્પ બચશે. જો આવું થાય તો ભારતીય દર્શકોને ધ્યાનમાં લેતાં દરેકને આર્થિક રીતે મોટું નુકસાન વેઠવું પડી શકે છે.

આ પણ વાંચો : શું અજય જાડેજા પાસે 1 કરોડનો હાર છે? તેની નેટ વર્થ જાણીને તમે ચોંકી જશો",https://gujarati.abplive.com/sports/cricket/pakistan-cricket-board-sent-letter-icc-asks-why-india-refused-to-travel-pakistan-for-champions-trophy-2025-latest-update-read-article-in-gujarati-917759,11,2025-04-01 18:43:19
,,"Ajay Jadeja Jamnagar Toussaint Necklace Price: રાતોરાત નસીબ બદલવાનો અર્થ શું છે આ વાત અજય જાડેજા કરતાં વધુ સારી રીતે કોણ જાણશે? આ ભૂતપૂર્વ ભારતીય ક્રિકેટર હાલમાં જ સમાચારોમાં હતા, જે રાતોરાત ભારતના સૌથી અમીર ક્રિકેટર બની ગયા હતા. મહારાજા શત્રુશલ્યસિંહજીએ અજય જાડેજાને તેમના વારસદાર તરીકે જાહેર કર્યા હતા, જેના કારણે તેમની કુલ સંપત્તિ વધીને 1,450 કરોડ રૂપિયા થઈ ગઈ હતી. પરંતુ જામનગરના આ રાજવી પરિવાર પાસે એક ટૉસેન્ટ નેકલેસ હતો, જેની કિંમત કોઈને પણ આંચકો લાગશે.

1931માં નવાનગર એટલે અત્યારનું જામનગરના નવાબ રણજીતસિંહજી દ્વારા ટાઉસેન્ટ નેકલેસ બનાવવાનો ઓર્ડર આપવામાં આવ્યો હતો. આ નેકલેસની ડિઝાઈન કાર્ટિયર નામની કંપની દ્વારા કરવામાં આવી હતી અને તેનું નામ કંપનીના તત્કાલીન ક્રિએટિવ ડિરેક્ટર જીન ટાઉસેન્ટના નામ પરથી રાખવામાં આવ્યું હતું. આ નેકલેસમાં વિશ્વના સર્વોચ્ચ ગ્રેડના હીરા જડેલા હતા. તેમાં એક સફેદ હીરો અને મધ્યમાં ત્રણ આછા ગુલાબી હીરા હતા. આ હાર વર્ષ 1933માં પૂર્ણ થયો હતો, પરંતુ તે પહેલા જ રણજીતસિંહજીનું નિધન થઈ ગયું હતું.

Toussaint નેકલેસ કિંમતટાઉસેન્ટ નેકલેસ પોતાનામાં એક અજાયબી હતી, પરંતુ એવું કહેવાય છે કે નવાબના મૃત્યુ પછી તે ખોવાઈ ગયો હતો. પરંતુ 1960ના દાયકામાં જ્યારે નેકલેસ ફરીથી મળી આવ્યો ત્યારે તે નાશ પામ્યો હતો. કેટલાક અહેવાલો અનુસાર, જો આજે Toussaint નેકલેસ ઉપલબ્ધ હોત, તો તેની કિંમત લગભગ 150 મિલિયન યુએસ ડોલર હશે. આ હાર હોલીવુડની એક ફિલ્મ 'Oceans 8'માં પણ બતાવવામાં આવી છે. $150 મિલિયન ભારતીય ચલણમાં રૂ. 1,265 કરોડની સમકક્ષ છે.

અજય જાડેજા હવે શું કરે છે?અજય જાડેજાએ વર્ષો પહેલા ક્રિકેટમાંથી નિવૃત્તિ લીધી હતી, પરંતુ વર્ષ 2015માં તેને દિલ્હી ક્રિકેટ ટીમનો કોચ બનાવવામાં આવ્યા હતા. આ સાથે તેમની કોચિંગ કારકિર્દી શરૂ થઈ. તે આઈપીએલ અને અન્ય ટૂર્નામેન્ટ દરમિયાન ક્રિકેટ એક્સપર્ટ અને કોમેન્ટ્રી કરતા પણ જોવા મળ્યા છે. સપ્ટેમ્બર 2023 માં, જાડેજાને અફઘાનિસ્તાન ટીમના સહાયક કોચ અને માર્ગદર્શક તરીકે પણ નિયુક્ત કરવામાં આવ્યા હતા. તેમના નેતૃત્વમાં અફઘાનિસ્તાને 2023 વર્લ્ડ કપમાં ઈંગ્લેન્ડ અને પાકિસ્તાન જેવી ટોચની ટીમોને હરાવીને નવી સિદ્ધિ મેળવી હતી.

આ પણ વાંચો : ચેમ્પિયન્સ ટ્રૉફીને લઇને આવ્યું મોટુ અપડેટ, ભારતની વાત માને કે ના માને પાકિસ્તાન, કન્ફોર્મ છે 'હાર'",https://gujarati.abplive.com/sports/cricket/ajay-jadeja-net-worth-1450-crore-richest-indian-cricketer-family-once-owed-toussaint-necklace-price-read-article-in-gujarati-917757,11,2025-04-01 18:43:22
,,,https://gujarati.abplive.com/photo-gallery/sports/cricket-australian-cricketer-mitchell-starc-alyssa-healy-love-story-mitchell-alyssa-marriage-year-read-article-in-gujarati-917753,11,2025-04-01 18:43:26
,,"2025 ICC Champions Trophy: પાકિસ્તાન 2025ની ચેમ્પિયન્સ ટ્રૉફીની યજમાની કરી રહ્યું છે, પરંતુ આ ટૂર્નામેન્ટ પાકિસ્તાનમાં યોજાશે કે નહીં તેની હજુ સુધી પુષ્ટિ થઈ નથી. ચેમ્પિયન્સ ટ્રૉફીનો સંભવિત કાર્યક્રમ આવી ગયો છે. પાકિસ્તાન દ્વારા ICCને મોકલવામાં આવેલા ડ્રાફ્ટ શિડ્યૂલ મુજબ ભારત અને પાકિસ્તાન વચ્ચેની મેચ લાહોરમાં યોજાવાની છે, પરંતુ બીસીસીઆઈએ આઈસીસીને સ્પષ્ટ કરી દીધું છે કે ટીમ ઈન્ડિયા કોઈ પણ સંજોગોમાં પાકિસ્તાન નહીં જાય. હવે આ મામલે એક નવું અપડેટ સામે આવ્યું છે, જે ખરેખર આશ્ચર્યજનક છે.

મીડિયા રિપોર્ટ્સ અનુસાર, ICCએ પાકિસ્તાન ક્રિકેટ બોર્ડ પાસેથી હાઇબ્રિડ મૉડલની ભારતની ઓફર પર જવાબ માંગ્યો છે. વાસ્તવમાં, BCCIએ સ્પષ્ટ કર્યું છે કે ભારત સરકારે સુરક્ષા કારણોસર ટીમ ઈન્ડિયાને પાકિસ્તાન મોકલવાનો ઈન્કાર કરી દીધો છે. તાજેતરમાં જ પાકિસ્તાનમાં બૉમ્બ બ્લાસ્ટ થયો હતો, જે બાદ ભારતીય ટીમનું પાકિસ્તાન જવું લગભગ અશક્ય બની ગયું હતું.

પાકિસ્તાનના ઈતિહાસ પર નજર કરીએ તો ટીમ ઈન્ડિયા માટે ત્યાં ન જાય તે જ સારું છે. જોકે, પાકિસ્તાન સતત ભારતને ચેમ્પિયન્સ ટ્રૉફી રમવા માટે વિનંતી કરી રહ્યું છે. અહેવાલ છે કે, ભારતે ICC સાથે હાઇબ્રિડ મૉડલમાં ચેમ્પિયન્સ ટ્રૉફી યોજવા અંગે વાત કરી છે, ICCએ આ અંગે PCB પાસેથી જવાબ માંગ્યો છે.

ભારતની વાત માને કે ના માને પાકિસ્તાન, કન્ફોર્મ છે 'હાર' હવે અહીંની રમત સમજો. જો પાકિસ્તાન હાઇબ્રિડ મૉડલની ભારતની ઓફર સ્વીકારે નહીં તો સમગ્ર ટૂર્નામેન્ટ દક્ષિણ આફ્રિકામાં રમાઈ શકે છે. ઘણા અહેવાલોમાં આ વાત કહેવામાં આવી છે. જો પાકિસ્તાન ભારતની વિનંતીને સ્વીકારે છે અને આ વૈશ્વિક ટૂર્નામેન્ટ હાઇબ્રિડ મૉડલમાં યોજાય છે, તો ટીમ ઈન્ડિયા તેની મેચો દુબઈમાં રમશે. ઘણા અહેવાલોમાં આ વાત કહેવામાં આવી છે. હવે સ્પષ્ટ છે કે ભારત જીતે અને પાકિસ્તાન હારે બંને સંજોગોમાં.

આ પણ વાંચો

Champions trophy 2025: ICC પાકિસ્તાનને આપી શકે છે ઝટકો, આ દેશમાં ચેમ્પિયન્સ ટ્રોફી કરાવવાની તૈયારી: રિપોર્ટ",https://gujarati.abplive.com/sports/cricket/pakistan-agrees-with-india-or-not-defeat-is-confirmed-for-the-icc-2025-champions-trophy-2024-917737,11,2025-04-01 18:43:29
,,"Mohammed Shami In Ranji Trophy: ભારતીય ક્રિકેટ ચાહકો માટે સારા સમાચાર છે. ટીમ ઈન્ડિયાનો ફાસ્ટ બોલર મોહમ્મદ શમી સંપૂર્ણપણે ફિટ થઈ ગયો છે. હવે તે મેદાનમાં પરત ફરવા માટે તૈયાર છે. બુધવારથી રણજી ટ્રોફીમાં મધ્યપ્રદેશ અને બંગાળની ટીમો સામસામે ટકરાશે. મોહમ્મદ શમી આ મેચમાંથી વાપસી કરશે. હવે બોર્ડર-ગાવસ્કર ટ્રોફી પહેલા મોહમ્મદ શમીની ફિટનેસ ટીમ ઈન્ડિયા માટે રાહતના સમાચાર છે.

તમને જણાવી દઈએ કે મોહમ્મદ શમી ભારત માટે છેલ્લી વખત ODI વર્લ્ડ કપ 2023માં રમ્યો હતો. આ પછી તે પોતાની સર્જરીના કારણે મેદાનથી દૂર હતો, પરંતુ હવે તે સંપૂર્ણ રીતે ફિટ છે. હવે તે મેદાનમાં પરત ફરવા માટે તૈયાર છે. બુધવારથી રણજી ટ્રોફીમાં મધ્યપ્રદેશ અને બંગાળની ટીમો સામસામે ટકરાશે. મોહમ્મદ શમી આ મેચમાંથી વાપસી કરશે.

તે જ સમયે, ક્રિકેટ એસોસિએશન ઓફ બંગાળ (CAB) એ કહ્યું કે મોહમ્મદ શમીનું ટીમમાં સામેલ થવું માત્ર એક મોટું પ્રોત્સાહન જ નહીં પરંતુ સમગ્ર ટીમનું મનોબળ પણ વધારશે, જે રણજી ટ્રોફીના આગામી રાઉન્ડમાં પહોંચવા માટે સખત પ્રયાસ કરી રહી છે. બુધવારે રણજીમાં મધ્યપ્રદેશ બંગાળના પડકારનો સામનો કરશે. બંને ટીમો વચ્ચેની મેચ હોલકર ક્રિકેટ સ્ટેડિયમમાં રમાશે. હવે મોહમ્મદ શમીની વાપસીએ બંગાળ અને મધ્યપ્રદેશની મેચને મજેદાર બનાવી દીધી છે. જોકે, એ જોવું રસપ્રદ રહેશે કે મોહમ્મદ શમી કેવું પ્રદર્શન કરે છે?

ઉલ્લેખનીય છે કે ODI વર્લ્ડ કપ 2023 બાદ મોહમ્મદ શમીની સર્જરી કરાવવી પડી હતી. આ પછી તે બેંગ્લોરની નેશનલ ક્રિકેટ એકેડમીમાં રિહેબિંગ કરી રહ્યો હતો. તે જ સમયે, હવે મેડિકલ ટીમે મોહમ્મદ શમીને મેચ રમવાની મંજૂરી આપી દીધી છે. એવું માનવામાં આવે છે કે મોહમ્મદ શમી રણજી ટ્રોફીમાં પુનરાગમન કરવા અને બોર્ડર ગાવસ્કર ટ્રોફી માટે તેની તૈયારીઓને સુધારવા માંગશે. ભારત અને ઓસ્ટ્રેલિયા વચ્ચે બોર્ડર ગાવસ્કર ટ્રોફી 22 નવેમ્બરથી શરૂ થઈ રહી છે.

આ પણ વાંચો : આ ખેલાડી હશે KKRનો નવો કેપ્ટન, નામ જાણીને તમને વિશ્વાસ નહીં થાય, જાણો શ્રેયસ ઐયરની જગ્યાએ કોને મળશે કમાન",https://gujarati.abplive.com/sports/cricket/mohammed-shami-is-set-to-return-to-action-in-ranji-trophy-after-nearly-a-year-here-know-latest-sports-news-read-article-in-gujarati-917734,11,2025-04-01 18:43:32
,,"Kolkata Knight Riders New Captain: IPL 2025ને લઈને દરરોજ અનેક આશ્ચર્યજનક સમાચારો સામે આવી રહ્યા છે. હવે કોલકાતા નાઈટ રાઈડર્સના કેમ્પમાંથી એક મોટા સમાચાર સામે આવ્યા છે. વાસ્તવમાં, છેલ્લી સિઝન એટલે કે IPL 2024માં ટાઈટલ જીતનાર કોલકાતા નાઈટ રાઈડર્સે આઈપીએલ 2025 માટે તેના કેપ્ટન શ્રેયસ અય્યરને રિલીઝ કરી દીધો છે. આવી સ્થિતિમાં ટીમ નવા કેપ્ટનની શોધમાં છે. KKRના નવા કેપ્ટનને લઈને એક મોટું અપડેટ સામે આવ્યું છે. KKRના કેપ્ટનને લઈને આવું નામ સામે આવ્યું છે, જેના પર વિશ્વાસ કરવો મુશ્કેલ હશે.

રિંકુ સિંહ હશે કોલકાતા નાઈટ રાઈડર્સનો આગામી કેપ્ટન?

અહેવાલ અનુસાર, છેલ્લા પાંચ બોલમાં પાંચ છગ્ગા ફટકારીને KKR માટે હારેલી મેચ જીતનાર રિંકુ સિંહ IPL 2025માં કોલકાતા નાઈટ રાઈડર્સનો કેપ્ટન હશે. મીડિયા રિપોર્ટ્સનું માનીએ તો IPL 2025માં શ્રેયસ ઐયરની જગ્યાએ રિંકુ સિંહ ટીમનું નેતૃત્વ કરશે. જોકે, ફ્રેન્ચાઈઝીએ હજુ તેની સત્તાવાર જાહેરાત કરી નથી.

KKRએ આ 6 ખેલાડીઓને રિટેન કર્યા છે

IPL 2025 માટે, KKR એ આન્દ્રે રસેલ, સુનિલ નારાયણ, વરુણ ચક્રવર્તી, રિંકુ સિંહ, રમનદીપ સિંહ અને હર્ષિત રાણાને જાળવી રાખ્યા છે. KKR એ 4 કેપ્ડ પ્લેયર અને 2 અનકેપ્ડ પ્લેયર્સને જાળવી રાખ્યા છે. રિંકુ સિંહ, જેની કિંમત રૂ. 55 લાખ હતી, તેને કોલકાતાએ આગામી સિઝન માટે રૂ. 13 કરોડમાં જાળવી રાખ્યો છે. વરુણ ચક્રવર્તીને 12 કરોડ રૂપિયામાં, સુનીલ નારાયણને 12 કરોડ રૂપિયામાં, આન્દ્રે રસેલને 12 કરોડ રૂપિયામાં, હર્ષિત રાણાને રૂપિયા 4 કરોડમાં અને રામનદિન સિંહને પણ રૂપિયા 4 કરોડમાં રિટેન કરવામાં આવ્યો છે.

કોલકાતા નાઈટ રાઈડર્સે 6 ખેલાડીઓને રિટેઈન કરવા માટે 120 કરોડમાંથી 57 કરોડ રૂપિયા ખર્ચ્યા છે. હવે IPL 2025ની મેગા ઓક્શનમાં KKR પાસે 63 કરોડ રૂપિયા હશે. પહેલા એવું કહેવામાં આવી રહ્યું હતું કે કોલકાતા નાઈટ રાઈડર્સ સૂર્યકુમાર યાદવને કેપ્ટન બનાવવા માંગે છે, પરંતુ સૂર્ય હવે મુંબઈમાં જ રહેશે. આવી સ્થિતિમાં KKR નવા કેપ્ટનની શોધમાં હતી. હવે સમાચાર છે કે KKRએ કેપ્ટન તરીકે રિંકુ સિંહના નામને મંજૂરી આપી દીધી છે. જો કે હજુ સુધી તેની સત્તાવાર જાહેરાત કરવામાં આવી નથી.

આ પણ વાંચો : Champions trophy 2025: ICC પાકિસ્તાનને આપી શકે છે ઝટકો, આ દેશમાં ચેમ્પિયન્સ ટ્રોફી કરાવવાની તૈયારી: રિપોર્ટ",https://gujarati.abplive.com/sports/ipl/rinku-singh-likely-to-captain-of-kolkata-knight-riders-in-ipl-2025-kkr-new-captain-rinku-singh-read-article-in-gujarati-917722,11,2025-04-01 18:43:35
,,"Champions trophy 2025: આઇસીસી ચેમ્પિયન્સ ટ્રોફીનું આયોજન પાકિસ્તાનમાં થવાનું છે પરંતુ હવે આ ટૂર્નામેન્ટની યજમાની પણ તેની પાસેથી છીનવાઈ શકે છે. એક રિપોર્ટમાં દાવો કરવામાં આવ્યો હતો કે જો પાકિસ્તાન હાઇબ્રિડ મોડલ માટે સહમત ન થાય તો આ ટૂર્નામેન્ટ દક્ષિણ આફ્રિકામાં યોજવામાં આવી શકે છે. ICC આ અંગે વિચાર કરી રહી છે. નોંધનીય છે કે પાકિસ્તાન ઈચ્છે છે કે ટીમ ઈન્ડિયા ચેમ્પિયન્સ ટ્રોફી માટે તેની ધરતી પર આવે પરંતુ બીસીસીઆઈએ તેનો સ્પષ્ટ ઈન્કાર કરી દીધો છે. પાકિસ્તાન મક્કમ છે કે તે હાઇબ્રિડ મોડલને સ્વીકારશે નહીં. આ જ કારણ છે કે આઈસીસી હવે બીજા વિકલ્પ પર વિચારી રહી છે, જે દક્ષિણ આફ્રિકા છે.

ચેમ્પિયન્સ ટ્રોફી 16 વર્ષ પહેલા દક્ષિણ આફ્રિકામાં યોજાઈ હતી

ચેમ્પિયન્સ ટ્રોફીનું આયોજન દક્ષિણ આફ્રિકામાં 16 વર્ષ પહેલા 2009માં કરવામાં આવ્યું હતું. તે ટુર્નામેન્ટની વિજેતા ઓસ્ટ્રેલિયા હતી જ્યારે પાકિસ્તાન, ન્યૂઝીલેન્ડ અને ઈંગ્લેન્ડની ટીમો સેમિફાઈનલમાં પહોંચી હતી. ઓસ્ટ્રેલિયા અને ન્યૂઝીલેન્ડ વચ્ચે ફાઇનલ મેચ રમાઇ હતી. જેમાં કાંગારૂઓનો વિજય થયો હતો. ટીમ ઈન્ડિયાની વાત કરીએ તો તે ગ્રુપ સ્ટેજમાંથી જ બહાર થઈ ગઈ હતી. તે પહેલી જ મેચમાં પાકિસ્તાન સામે હારી ગયું હતું અને તે પછી એક મેચ ડ્રો રહી હતી અને છેલ્લી મેચ જીત્યા બાદ પણ તેને કોઈ ફાયદો થયો નહોતો.

દક્ષિણ આફ્રિકાની ધરતી પર ભારતીય બેટ્સમેન ઘણીવાર સંઘર્ષ કરતા જોવા મળે છે. 2009ની ચેમ્પિયન્સ ટ્રોફીમાં પણ આવું જ કંઈક થયું હતું. આખી ટૂર્નામેન્ટમાં કેપ્ટન ધોની માત્ર 3 રન જ કરી શક્યો હતો. કાર્તિક અને ગંભીર પણ નિષ્ફળ રહ્યા હતા. તે ટુર્નામેન્ટમાં માત્ર વિરાટ, દ્રવિડ અને ગંભીર અડધી સદી સુધી પહોંચી શક્યા હતા. હવે જો ટૂર્નામેન્ટ ફરી એકવાર દક્ષિણ આફ્રિકામાં યોજાય છે તો ભારતીય બેટ્સમેનોને ચોક્કસપણે મુશ્કેલીનો સામનો કરવો પડી શકે છે. હવે જોવાનું એ રહે છે કે પાકિસ્તાન ક્રિકેટ બોર્ડનો આગામી નિર્ણય શું હોઇ શકે છે. ICCની આ યોજના બાદ શક્ય છે કે પાકિસ્તાન ક્રિકેટ બોર્ડ હાઈબ્રિડ મોડલ સાથે ચેમ્પિયન્સ ટ્રોફીનું આયોજન કરવા માટે તૈયાર થઈ શકે. કારણ કે જો આખી ચેમ્પિયન્સ ટ્રોફી સાઉથ આફ્રિકામાં શિફ્ટ કરવામાં આવે તો પીસીબીને કરોડો રૂપિયાનો ફટકો પડી શકે છે.

Border Gavaskar Trophy: ભારતના આ ખેલાડીથી ઓસ્ટ્રેલીયા કેમ ડરે છે? ત્રણ વર્ષ પહેલાની તે ભયાનક ક્ષણ ભુલાવી નથી શકી કાંગારું ટીમ",https://gujarati.abplive.com/sports/cricket/champions-trophy-2025-champions-trophy-2025-to-be-shifted-to-south-africa-917710,11,2025-04-01 18:43:39
,,"Axar Patel Delhi Capitals Captain IPL 2025: IPL 2025ની મેગા ઓક્શન પહેલા દિલ્હી કેપિટલ્સે કુલ ચાર ખેલાડીઓને રિટેન કર્યા હતા. આ 4 ખેલાડીઓના નામ છે અક્ષર પટેલ, ટ્રિસ્ટન સ્ટબ્સ, અભિષેક પોરેલ અને કુલદીપ યાદવ. હરાજીની તારીખ નજીક આવી રહી છે અને ઋષભ પંતના રિલીઝ થયા બાદ સૌથી મોટો સવાલ એ છે કે દિલ્હી ફ્રેન્ચાઇઝી કયા ખેલાડીને પોતાનો કેપ્ટન બનાવી શકે છે. હવે એક મીડિયા રિપોર્ટ સામે આવ્યો છે, જેમાં દાવો કરવામાં આવ્યો છે કે અક્ષર પટેલને દિલ્હીનો કેપ્ટન બનાવવામાં આવ્યો છે.

મીડિયા રિપોર્ટ્સ અનુસાર, અક્ષર પટેલ આગામી સિઝનમાં દિલ્હી કેપિટલ્સની કપ્તાની સંભાળી શકે છે. યાદ કરો કે IPL 2024 માં, જ્યારે રિષભ પંતને ધીમી ઓવર રેટના કારણે RCB સામેની મેચમાંથી ત્રણ વખત સસ્પેન્ડ કરવામાં આવ્યો હતો, ત્યારે અક્ષર પટેલે પંતની જગ્યાએ દિલ્હીની કપ્તાની સંભાળી હતી. અક્ષર પટેલને આગામી સિઝન માટે રૂ. 16.5 કરોડમાં રિટેન કરવામાં આવ્યો છે. તેથી તે દિલ્હી દ્વારા જાળવી રાખવામાં આવેલો સૌથી મોંઘો ખેલાડી પણ છે. આ પણ એક સંકેત છે કે દિલ્હી ફ્રેન્ચાઇઝી અક્ષર પર વિશ્વાસ પુનઃસ્થાપિત કરવા માટે તૈયાર છે.

અક્ષર પટેલ દિલ્હીનો સ્ટાર બની ગયો છેઅક્ષર પટેલ 2019થી દિલ્હી કેપિટલ્સ તરફથી રમી રહ્યો છે. તેણે ડીસી ફ્રેન્ચાઈઝીનું પ્રતિનિધિત્વ કરતી કુલ 82 મેચ રમી છે, જેમાં તેના નામે 967 રન અને 62 વિકેટ છે. તેણે દિલ્હી તરફથી રમતા IPLમાં સૌથી વધુ સફળતા મેળવી છે. આ પહેલા તેણે પંજાબ કિંગ્સ માટે 68 મેચમાં 686 રન બનાવવા ઉપરાંત 61 વિકેટ પણ લીધી હતી.

જો અક્ષર પટેલને દિલ્હી કેપિટલ્સની કેપ્ટનશીપ મળશે તો તે IPLમાં દિલ્હીની ટીમની કેપ્ટનશીપ કરનારો ભારતનો પ્રથમ ઓલરાઉન્ડર ખેલાડી બનશે. જેમ્સ હોપ્સ અને જેપી ડ્યુમિની એવા બે ઓલરાઉન્ડર ખેલાડી છે જેમણે દિલ્હીની કેપ્ટનશીપ કરી છે પરંતુ અત્યાર સુધી કોઈ ભારતીય ઓલરાઉન્ડરે આવું કર્યું નથી. વીરેન્દ્ર સેહવાગ, ગૌતમ ગંભીર જેવા બેટ્સમેન અને ઝહીર ખાન જેવા દિગ્ગજ બોલરોએ પણ ડીસીનો હવાલો સંભાળ્યો છે. પરંતુ અક્ષર ઓલરાઉન્ડર ખેલાડી હોવાના કારણે કેપ્ટનશિપની જવાબદારી સંભાળીને ઈતિહાસ રચી શકે છે.

આ પણ વાંચો : Border Gavaskar Trophy: ભારતના આ ખેલાડીથી ઓસ્ટ્રેલીયા કેમ ડરે છે? ત્રણ વર્ષ પહેલાની તે ભયાનક ક્ષણ ભુલાવી નથી શકી કાંગારું ટીમ",https://gujarati.abplive.com/sports/ipl/axar-patel-reportedly-appointed-as-delhi-capitals-new-captain-ahead-ipl-2025-mega-auction-replace-rishabh-pant-read-article-in-gujarati-917638,11,2025-04-01 18:43:42
,,"Rishabh Pant Gabba Score Border Gavaskar Trophy: રિષભ પંતના હેંગઓવરથી ઓસ્ટ્રેલિયન ક્રિકેટ ટીમ એટલી હદે ત્રાહિમામ પોકારી ગઈ છે કે બોર્ડર-ગાવસ્કર ટ્રોફી પહેલા ઓસ્ટ્રેલિયન મીડિયામાં પંતનું નામ છવાયું છે. T20 હોય, ODI હોય કે ટેસ્ટ, ભારતનો આ વિકેટકીપર બેટ્સમેન તેની શાનદાર બેટિંગ શૈલી માટે જાણીતો છે. આ સિવાય પંત પણ સ્લેજિંગમાં પાછળ નથી અને થોડા દિવસો પહેલા પેટ કમિન્સનો એક વીડિયો વાયરલ થયો હતો, જેમાં તે રિષભ પંતની સ્લેજિંગ પર પોતાની પ્રતિક્રિયા આપી રહ્યો હતો. આખરે શું કારણ છે કે ઓસ્ટ્રેલિયન ટીમ રિષભ પંતના નામથી આટલી ડર અનુભવી રહી છે.

ઓસ્ટ્રેલિયા રિષભ પંતથી કેમ ડરે છે?કાંગારૂ ટીમ કદાચ ઘણા દાયકાઓ સુધી વર્ષ 2021માં તે ઇનિંગ્સને ભૂલી શકશે નહીં, જ્યારે રિષભ પંતે એકલા હાથે ટીમ ઈન્ડિયાને ગાબાના મેદાન પર જીત અપાવી હતી. હકીકતમાં, 2020-2021 દરમિયાન આયોજિત બોર્ડર-ગાવસ્કર ટ્રોફીની ત્રણ મેચો પછી, ભારત અને ઓસ્ટ્રેલિયા એક-એક પર ટાઈ થઈ ગયા હતા. છેલ્લી મેચ ગાબા મેદાન પર રમાઈ હતી, જ્યાં ટીમ ઈન્ડિયાને ચોથી ઈનિંગમાં 328 રનનો ટાર્ગેટ મળ્યો હતો.

તે મેચમાં રિષભ પંત અને ચેતેશ્વર પૂજારા વચ્ચે 61 રનની ભાગીદારી જોઈને એવું લાગી રહ્યું હતું કે ભારત મેચ ડ્રો કરવામાં સફળ રહેશે. પરંતુ પુજારાની વિકેટ પડ્યા બાદ કાંગારુ ટીમ વિચારતી હશે કે ભારત ડિફેન્સિવ મોડમાં જશે. પરંતુ ઋષભ પંતે સંરક્ષણાત્મક વ્યૂહરચના અપનાવવાને બદલે ખૂબ જ આક્રમક રીતે ઓસ્ટ્રેલિયાના બોલરોને હરાવ્યા હતા. પંતે તે મેચમાં 89 રનની અણનમ ઇનિંગ રમી હતી, જેનું મહત્વ બેવડી સદીથી ઓછું નહોતું. આ જીત ખાસ હતી કારણ કે 2021 પહેલા 28 વર્ષ સુધી ગાબા મેદાન પર ટેસ્ટ મેચમાં ઓસ્ટ્રેલિયાને કોઈ હરાવી શક્યું ન હતું, પરંતુ ભારતે આમ કરીને ઈતિહાસ રચ્યો હતો.

ઓસ્ટ્રેલિયા સામે રિષભ પંતના આંકડા શાનદાર છેઆંકડા દર્શાવે છે કે રિષભ પંતને ઓસ્ટ્રેલિયન બોલરોને પછાડવામાં મજા આવે છે. બોર્ડર-ગાવસ્કર ટ્રોફીના ઇતિહાસમાં અત્યાર સુધી તેણે 7 મેચની 12 ઇનિંગ્સમાં 624 રન બનાવ્યા છે. કાંગારૂ ટીમ માટે 'પંત' નામ પણ ચિંતાનો વિષય બની ગયો છે કારણ કે બોર્ડર-ગાવસ્કર ટ્રોફીમાં તેની એવરેજ 62.40 છે. ઓસ્ટ્રેલિયા સામે બોર્ડર-ગાવસ્કર ટ્રોફીમાં પંત વર્તમાન ભારતીય ક્રિકેટરોમાં શ્રેષ્ઠ એવરેજથી સ્કોર કરી રહ્યો છે.

આ પણ વાંચો : 11 તારીખે 11:11 વાગે દક્ષિણ આફ્રિકાને જીત માટે જોઇતા હતા 111 રન, આંકડો જોઇને ચકરાઇ જશે મગજ",https://gujarati.abplive.com/sports/cricket/when-rishabh-pant-helped-india-historic-win-gabba-test-border-gavaskar-trophy-ind-vs-aus-bgt-read-article-in-gujarati-917635,11,2025-04-01 18:43:44
,,"South Africa vs Australia Test 11/11/11 Moment: તમે ક્રિકેટના ઈતિહાસમાં આવા ઘણા રેકોર્ડ જોયા હશે, જે પાછળથી તૂટી જાય છે. પરંતુ અમે તમને ક્રિકેટ જગતની એક એવી વ્યક્તિ જણાવીશું, જેનું પુનરાવર્તન ક્યારેય નહીં થાય. અમે દક્ષિણ આફ્રિકાની 11/11/11ની ક્ષણની વાત કરી રહ્યા છીએ, જ્યારે 11મીએ રાત્રે 11:11 વાગ્યે પ્રૉટીયાઝ ટીમને જીતવા માટે 111 રનની જરૂર હતી. તો ચાલો જાણીએ આ ઘટના ક્યારે, ક્યાં અને કઈ ટીમ સામે બની હતી.

આ સંયોગ નવેમ્બર 2011માં ઓસ્ટ્રેલિયા અને દક્ષિણ આફ્રિકા વચ્ચે કેપટાઉનમાં રમાયેલી મેચમાં બન્યો હતો. આ મેચ 09 થી 13 નવેમ્બર વચ્ચે રમાઈ હતી. મેચમાં એક ક્ષણ એવી આવી જ્યારે 11 નવેમ્બર, 2011ના રોજ રાત્રે 11:11 વાગ્યે દક્ષિણ આફ્રિકાને જીતવા માટે 111 રનની જરૂર હતી. આ ખરેખર ક્રિકેટની સૌથી અનોખી ક્ષણોમાંની એક હતી.

ESPN અનુસાર, સ્ટેન્ડ પર હાજર ચાહકોએ આ ક્ષણને વધુ ખાસ બનાવી દીધી હતી. ચાહકો એક મિનિટ માટે એક પગ પર ઉભા રહ્યા, જેના કારણે આ ક્ષણ વધુ યાદગાર બની ગઈ. એમ્પાયર ઇયાન ગૉલ્ડ પણ આ મનોરંજનમાં જોડાયા હતા.

દક્ષિણ આફ્રિકાએ 8 વિકેટથી જીતી લીધી હતી મેચ મેચમાં પ્રથમ બેટિંગ કરતા ઓસ્ટ્રેલિયા 284 રનમાં ઓલઆઉટ થઈ ગયું હતું. આ દરમિયાન માઈકલ ક્લાર્કે 22 ચોગ્ગાની મદદથી 151 રનની શાનદાર ઈનિંગ રમી હતી. આ સિવાય અન્ય કોઈ બેટ્સમેન અડધી સદી પણ ફટકારી શક્યો નહોતો.

ત્યારબાદ દક્ષિણ આફ્રિકા તેની પ્રથમ ઇનિંગમાં માત્ર 96 રનમાં ઓલઆઉટ થઈ ગયું હતું. આ દરમિયાન ગ્રીમ સ્મિથે સૌથી મોટી ઇનિંગ રમી અને 37 રન બનાવ્યા. ટીમના માત્ર બે બેટ્સમેન ડબલ ફિગર પાર કરી શક્યા હતા.

પછી સૌથી રસપ્રદ વાત એ હતી કે, ઓસ્ટ્રેલિયા તેની બીજી ઇનિંગમાં માત્ર 47 રનમાં જ ઓલઆઉટ થઈ ગયું હતું. આ સમયગાળા દરમિયાન માત્ર 2 ઓસ્ટ્રેલિયન બેટ્સમેન ડબલ ફિગર પાર કરી શક્યા હતા.

ત્યારબાદ દક્ષિણ આફ્રિકાએ ટાર્ગેટનો પીછો કરતા 236/2 રન બનાવ્યા અને 8 વિકેટે જીત મેળવી. આ દરમિયાન ગ્રીમ સ્મિથે 15 ચોગ્ગાની મદદથી ટીમ માટે 101* રન બનાવ્યા હતા. આ સિવાય હાશિમ અમલાએ 21 ચોગ્ગાની મદદથી 112 રન બનાવ્યા હતા.

આ પણ વાંચો

IPL 2025: ચેન્નાઇની ટીમમાં એન્ટ્રી મારશે 17 વર્ષનો આ છોકરો, ઉંમરલાયક ખેલાડીઓનો ટ્રેન્ડ ખતમ ?",https://gujarati.abplive.com/sports/cricket/history-match-moment-south-africa-vs-australia-test-11-11-11-need-111-runs-at-11-11-unique-moment-sa-vs-aus-917631,11,2025-04-01 18:43:48
,,,https://gujarati.abplive.com/photo-gallery/sports/cricket-all-about-his-filmy-love-story-with-wife-charulatha-remesh-917612,11,2025-04-01 18:43:51
,,"IPL 2025 Chennai Super Kings Ayush Mhatre: ચેન્નાઈ સુપર કિંગ્સ (CSK) તેના વૃદ્ધ -ઉંમરલાયક ખેલાડીઓ માટે જાણીતું છે. એવું કહેવાય છે કે મોટાભાગે જૂના ખેલાડીઓ CSKમાં રમે છે, પરંતુ IPL 2025 માટે ચેન્નાઈ 17 વર્ષીય યુવા ખેલાડીને ટીમમાં સામેલ કરવાનું વિચારી રહી છે. તો ચાલો જાણીએ કે આ 17 વર્ષીય ખેલાડી કોણ છે અને ચેન્નાઈ તેના પર કેમ બોલી લગાવી રહી છે.

આ દિવસોમાં રણજી ટ્રૉફી 2024-25માં રમી રહેલા 17 વર્ષના આયુષ મ્હાત્રે ચેન્નાઈની ટીમ અને એમએસ ધોનીને પ્રભાવિત કર્યા છે. આયુષ તેની બેટિંગથી કમાલ કરતો જોવા મળી રહ્યો છે. તેણે અત્યાર સુધી રમાયેલી ફર્સ્ટ ક્લાસ મેચોમાં શાનદાર બેટિંગ પ્રદર્શન કર્યું, જેણે ચેન્નાઈની ટીમનું ધ્યાન ખેંચ્યું હતું.

ટાઈમ્સ ઓફ ઈન્ડિયા અનુસાર, રણજી ટ્રૉફીના પાંચમા રાઉન્ડ પછી CSK દ્વારા આયુષને ટ્રાયલ માટે બોલાવવામાં આવ્યો હતો. આવી સ્થિતિમાં આયુષ 2025ની IPL સિઝનમાં ચેન્નાઈ સુપર કિંગ્સ તરફથી રમતા જોવા મળી શકે છે.

આ પહેલા ચેન્નાઈએ 2024 IPLમાં અનકેપ્ડ સમીર રિઝવીને ટીમમાં સામેલ કર્યો હતો. CSKએ સમીરને 8.4 કરોડ રૂપિયામાં ખરીદ્યો હતો. તેવી જ રીતે આયુષને પણ ચેન્નાઈથી સારી કિંમત મળી શકે છે. હવે એ જોવાનું રસપ્રદ રહેશે કે આયુષને ચેન્નાઈની ટીમમાં સ્થાન મળે છે કે નહીં.

અત્યાર સુધી આવી રહી આયુષ મ્હાત્રેની ફર્સ્ટ ક્લાસ કેરિયર મુંબઈ તરફથી રમતા આયુષ મ્હાત્રે પોતાના કેરિયરમાં અત્યાર સુધી 5 ફર્સ્ટ ક્લાસ મેચ રમ્યો છે. આ મેચોની 9 ઇનિંગ્સમાં તેણે 35.66ની એવરેજથી 321 રન બનાવ્યા છે. આ દરમિયાન તેણે પોતાના બેટથી 1 સદી અને 1 અડધી સદી ફટકારી છે.

નોંધનીય બાબત એ છે કે, આયુષે તેની કારકિર્દીમાં અત્યાર સુધી એકપણ ટી20 કે લિસ્ટ-A મેચ રમી નથી. ટી20 રમ્યા વિના આયુષને ટીમમાં સામેલ કરવો ચેન્નાઈ માટે મોટો નિર્ણય હોઈ શકે છે. જોકે, IPL શરૂ થવામાં હજુ ઘણો સમય છે, આ પહેલા આયુષને ઘણી ટી20 મેચ રમવાની તક મળી શકે છે.

આ પણ વાંચો

Gautam Gambhir PC: રોહિત શર્મા બોર્ડર-ગાવસ્કર ટ્રોફીમાંથી બહાર, જસપ્રીત બુમરાહ બનશે કેપ્ટન? ગૌતમ ગંભીરે તોડ્યું પોતાનું મૌન",https://gujarati.abplive.com/sports/ipl/csk-called-17-year-old-ayush-mhatre-in-ipl-2025-for-trials-playing-for-mumbai-in-ranji-trophy-2024-917594,11,2025-04-01 18:43:55
,,"Jasprit Bumrah will captain India: ન્યુઝીલેન્ડ દ્વારા વ્હાઈટવોશ કર્યા બાદ ભારતીય ટીમ ઓસ્ટ્રેલિયા જવા રવાના થઈ ગઈ છે. જ્યાં ભારતીય ટીમ બોર્ડર-ગાવસ્કર ટ્રોફી રમવા જઈ રહી છે, જેમાં 5 ટેસ્ટ મેચ રમવાની છે. આ સીરીઝ પહેલા રોહિત શર્મા અને વિરાટ કોહલીના ફોર્મને લઈને ઘણા સવાલો ઉભા થઈ રહ્યા છે. એવું પણ કહેવામાં આવી રહ્યું છે કે રોહિત શર્મા કદાચ પ્રથમ ટેસ્ટ મેચ નહીં રમે, ત્યારપછી સવાલ ઉઠ્યો કે ટીમની કેપ્ટનશીપ કોણ કરશે? ટીમના મુખ્ય કોચ ગૌતમ ગંભીરે આ મામલે પોતાનું મૌન તોડ્યું છે.

શું જસપ્રીત બુમરાહ બનશે કેપ્ટન?ટીમ ઓસ્ટ્રેલિયા રવાના થયા બાદ ગૌતમ ગંભીરે પ્રેસ કોન્ફરન્સમાં ઘણા સવાલોના જવાબ આપ્યા હતા. જેમાં મીડિયાએ તેને પણ પૂછ્યું કે રોહિત શર્માની ગેરહાજરીમાં કોણ સુકાની કરશે. પરંતુ ગૌતમ ગંભીરે ઓસ્ટ્રેલિયા સામે પર્થમાં રમાનારી પ્રથમ ટેસ્ટ મેચ માટે કેપ્ટન રોહિત શર્માની હાજરી અંગે આશા વ્યક્ત કરી છે. જોકે, તેણે સ્પષ્ટ કર્યું કે જો રોહિત મેચમાં રમી શકશે નહીં તો ટીમ પાસે ઘણા વિકલ્પો છે અને પસંદગીકારોને ચિંતા કરવાની કોઈ જરૂર નથી.

ગૌતમ ગંભીરે કેપ્ટનશિપના સવાલનો સરળ જવાબ આપ્યો. તેણે કહ્યું- ""બુમરાહ ઉપ-કેપ્ટન છે, તેથી દેખીતી રીતે જો રોહિત ઉપલબ્ધ ન હોય તો તે ત્યાં હશે.""

બોર્ડર-ગાવસ્કર ટ્રોફી શેડ્યૂલબોર્ડર-ગાવસ્કર ટ્રોફીમાં પાંચ ટેસ્ટ રમવાની છે. પ્રથમ મેચ 22 થી 26 નવેમ્બર દરમિયાન પર્થ સ્ટેડિયમમાં રમાશે. બીજી મેચ એડિલેડ ઓવલ ખાતે 06 થી 10 ડિસેમ્બર દરમિયાન રમાશે, જે ડે-નાઈટ મેચ છે. ત્રીજી મેચ 14 થી 18 ડિસેમ્બર દરમિયાન ધ ગાબા ખાતે રમાશે. ચોથી ટેસ્ટ મેચ 26 ડિસેમ્બરથી 30 ડિસેમ્બર સુધી મેલબોર્ન ક્રિકેટ ગ્રાઉન્ડ પર રમાશે. પાંચમી ટેસ્ટ મેચ સિડની ક્રિકેટ ગ્રાઉન્ડ પર 3 થી 7 જાન્યુઆરી 2025 દરમિયાન રમાશે.

બોર્ડર-ગાવસ્કર ટ્રોફી માટે ભારતની ટીમરોહિત શર્મા (કેપ્ટન), જસપ્રિત બુમરાહ (વાઈસ-કેપ્ટન), યશસ્વી જયસ્વાલ, અભિમન્યુ ઇશ્વરન, શુભમન ગિલ, વિરાટ કોહલી, કેએલ રાહુલ, ઋષભ પંત (વિકેટકીપર), સરફરાઝ ખાન, ધ્રુવ જુરેલ (વિકેટકીપર), આર અશ્વિન, આર જાડેજા, મોહમ્મદ સિરાજ, આકાશ દીપ, પ્રસિદ્ધ કૃષ્ણ, હર્ષિત રાણા, નીતિશ કુમાર રેડ્ડી, વોશિંગ્ટન સુંદર.

રિઝર્વ: મુકેશ કુમાર, નવદીપ સૈની, ખલીલ અહેમદ.

આ પણ વાંચો : ENG vs WI: જોસ બટલરની શાનદાર બેટિંગે વેસ્ટ ઈન્ડિઝને હરાવ્યું, બીજી T20માં ઈંગ્લેન્ડની શાનદાર જીત",https://gujarati.abplive.com/sports/cricket/gautam-gambhir-press-conference-ind-vs-aus-perth-test-jasprit-bumrah-will-captain-india-if-rohit-sharma-not-play-border-gavaskar-trophy-read-full-article-in-gujarati-917585,11,2025-04-01 18:43:58
,,"ENG vs WI 2nd T20I Highlights: ઈંગ્લેન્ડે બીજી T20માં વેસ્ટ ઈન્ડિઝને 7 વિકેટે હરાવ્યું. પાંચ મેચોની T20 શ્રેણીની પ્રથમ મેચ હાર્યા બાદ ઈંગ્લેન્ડે બીજી મેચમાં શાનદાર પ્રદર્શન કર્યું હતું. કેપ્ટન જોસ બટલરની શાનદાર બેટિંગના કારણે ઈંગ્લેન્ડે વેસ્ટ ઈન્ડિઝને એકતરફી હરાવ્યું. રનનો પીછો કરતી વખતે બટલરે 45 બોલમાં 8 ચોગ્ગા અને 6 છગ્ગાની મદદથી 83 રન બનાવ્યા હતા. આ દરમિયાન તેનો સ્ટ્રાઈક રેટ 184.44 રનનો હતો.

બાર્બાડોસમાં રમાયેલી સીરિઝની બીજી T20માં ઈંગ્લેન્ડે ટોસ જીતીને બોલિંગ કરવાનો નિર્ણય લીધો હતો. પ્રથમ બેટિંગ કરવા આવેલી વેસ્ટ ઈન્ડિઝે 20 ઓવરમાં 158/8 રન બનાવ્યા હતા. આ દરમિયાન કેપ્ટન રોવમેન પોવેલે ટીમ માટે સૌથી મોટી ઇનિંગ રમી અને 41 બોલમાં 2 ફોર અને 2 સિક્સરની મદદથી 43 રન બનાવ્યા.

આ સિવાય ટીમના અન્ય તમામ બેટ્સમેન લગભગ ફ્લોપ દેખાયા હતા. ઈંગ્લેન્ડ તરફથી મુસલી, લિવિંગસ્ટોન અને શાકિબે 2-2 વિકેટ લીધી હતી. આ સિવાય આદિલ રાશિદ અને જોફ્રા આર્ચરે 1-1 વિકેટ લીધી હતી.

રનચેઝમાં ઇંગ્લેન્ડે એકતરફી મેચ જીતી હતી

પીછો કરતી વખતે, જોસ બટલરે ઇંગ્લેન્ડ માટે શાનદાર ઇનિંગ રમી હતી, જેના પરિણામે ટીમે માત્ર 14.5 ઓવરમાં 161/3 રન બનાવીને જીત મેળવી હતી. બટલરે 45 બોલમાં 8 ચોગ્ગા અને 6 છગ્ગાની મદદથી 83 રન બનાવ્યા હતા.

રન ચેઝ માટે મેદાનમાં ઉતરેલી ઈંગ્લેન્ડને પહેલો ફટકો ફિલ સોલ્ટના રૂપમાં લાગ્યો હતો જે પહેલા બોલ પર જ ગોલ્ડન ડકનો શિકાર બન્યો હતો. ત્યારબાદ બીજી વિકેટ માટે જોસ બટલર અને વિલ જેક્સે 72 બોલમાં 129 રનની ભાગીદારી કરી, જે 13મી ઓવરમાં જેક્સની વિકેટ સાથે પૂરી થઈ. વિલ જેક્સે 29 બોલમાં 5 ચોગ્ગા અને 1 છગ્ગાની મદદથી 38 રન બનાવ્યા હતા. આ પછી સારી ઇનિંગ રમી રહેલો જોસ બટલર પણ 13મી ઓવરમાં પેવેલિયન પરત ફર્યો હતો. ત્યારબાદ જેકબ બેથેલ અને લિયામ લિવિંગસ્ટોને 13 બોલમાં 31 રનની અતૂટ ભાગીદારી કરીને ટીમને જીત અપાવી હતી.

આ પણ વાંચો : IND vs SA: એક બોલરે ભારત પાસેથી જીત છીનવી, વરુણ ચક્રવર્તીનો પંજો બેકાર; 3 વિકેટે હાર્યું",https://gujarati.abplive.com/sports/cricket/eng-vs-wi-2nd-t20i-highlights-england-won-by-7-wickets-against-west-indies-at-barbados-jos-buttler-player-of-the-match-read-article-in-gujarati-917573,11,2025-04-01 18:44:03
,,,https://gujarati.abplive.com/sports/cricket/ind-vs-sa-2nd-t20-score-live-updates-india-vs-south-africa-ball-by-ball-commentary-gqeberha-917517,11,2025-04-01 18:44:08
,,"IND vs SA 2nd T20 Match Report: દક્ષિણ આફ્રિકાએ બીજી T20 મેચમાં ભારતને 3 વિકેટે હરાવ્યું છે. આ સાથે આફ્રિકાએ ચાર ટી20 મેચોની શ્રેણી એક પોઈન્ટથી બરાબર કરી લીધી છે. આ લો સ્કોરિંગ મેચમાં પ્રથમ બેટિંગ કરતા ભારતીય ટીમે નિર્ધારિત 20 ઓવરમાં 124 રન બનાવ્યા હતા. જવાબમાં યજમાન દક્ષિણ આફ્રિકાએ 6 બોલ બાકી રહેતા ટાર્ગેટ હાંસલ કરી લીધો હતો. ટ્રિસ્ટન સ્ટબ્સ અને ગેરાલ્ડ કોએત્ઝીએ યજમાન આફ્રિકાની જીતમાં સૌથી મહત્વપૂર્ણ યોગદાન આપ્યું હતું.

A thriller in Gqeberha as South Africa win the 2nd T20I by 3 wickets to level the series 1-1#TeamIndia will aim to bounce back in the next matchScorecard - https://t.co/ojROEpNVp6#SAvIND pic.twitter.com/Cjw0ik0m4q

આજની મેચમાં ભારતીય ટીમ માટે અભિષેક શર્મા ફરી નિષ્ફળ રહ્યો હતો, જે માત્ર 4 રન બનાવી શક્યો હતો. છેલ્લી મેચમાં સદી ફટકારનાર સંજુ સેમસન આ મુકાબલામાં શૂન્યના સ્કોર પર આઉટ થયો હતો. કેપ્ટન સૂર્યકુમાર યાદવના બેટમાંથી માત્ર 4 રન આવ્યા હતા. તિલક વર્માએ ફરી શરૂઆત મેળવી, પરંતુ 20 રનને મોટી ઇનિંગમાં બદલી શક્યો નહીં. ભારત તરફથી હાર્દિક પંડ્યાએ સૌથી વધુ રન બનાવ્યા હતા, પરંતુ 45 બોલમાં 39 રન ફટકારવા બદલ તે ઘણો ટ્રોલ થયો હતો.

એક બોલરે ભારત પાસેથી જીત છીનવી લીધીદક્ષિણ આફ્રિકા એક સમયે હાર તરફ આગળ વધી રહ્યું હતું કારણ કે ટીમે 86 રનના સ્કોર સુધી 7 વિકેટ ગુમાવી દીધી હતી. યજમાન ટીમ હજુ જીતથી 39 રન દૂર હતી અને આવી સ્થિતિમાં ગેરાલ્ડ કોએત્ઝીએ 12 બોલમાં 23 રનની વિસ્ફોટક  ઈનિંગ રમીને પોતાની ટીમની જીતમાં મોટો ફાળો આપ્યો હતો. તો બીજી તરફ ભારત  તરફથી વરુણ ચક્રવર્તિએ શાનદાર બોલિંગ કરી હતી. તેણે પાંચ વિકેટ લીધી હતી. પરંતુ ટીમની હાર થતા તે બેકાર ગઈ હતી.

ભારતની પ્લેઈંગ ઈલેવન: સંજુ સેમસન (વિકેટકીપર), અભિષેક શર્મા, સૂર્યકુમાર યાદવ (કેપ્ટન), તિલક વર્મા, હાર્દિક પંડ્યા, રિંકુ સિંહ, અક્ષર પટેલ, અર્શદીપ સિંહ, રવિ બિશ્નોઈ, વરુણ ચક્રવર્તી, આવેશ ખાન.

એડન માર્કરમ (કેપ્ટન), રેયાન રિકલ્ટન, રીઝા હેન્ડ્રિક્સ, ટ્રિસ્ટન સ્ટબ્સ, હેનરિક ક્લાસેન (વિકેટકીપર), ડેવિડ મિલર, માર્કો યાન્સેન, એન્ડીલે સિમેલેન, ગેરાલ્ડ કોત્ઝી, કેશવ મહારાજ અને કબાયોમઝી પીટર.

આ પણ વાંચો...",https://gujarati.abplive.com/sports/cricket/india-lost-to-south-africa-by-3-wickets-second-t20-match-917541,11,2025-04-01 18:44:12
,,"Rohit Sharma: રવિવાર અને સોમવારે ભારતીય ખેલાડીઓ બોર્ડર-ગાવસ્કર ટ્રોફી માટે ઓસ્ટ્રેલિયા જવા રવાના થશે, પરંતુ ભારતીય કેપ્ટન રોહિત શર્મા ટીમ સાથે ઓસ્ટ્રેલિયા જશે નહીં. મીડિયા રિપોર્ટ્સ અનુસાર, રોહિત શર્મા અંગત કારણોસર ભારતીય ટીમ સાથે ઓસ્ટ્રેલિયા જઈ શકશે નહીં.

રોહિત શર્મા ટીમ સાથે ઓસ્ટ્રેલિયા કેમ નહીં જાય ?

જો કે હજુ સુધી એ સ્પષ્ટ નથી થયું કે રોહિત શર્માનો ભાવિ પ્લાન શું છે? ભારતીય ટીમ ઓસ્ટ્રેલિયા રવાના થાય તે પહેલા મુખ્ય કોચ ગૌતમ ગંભીર પ્રેસ કોન્ફરન્સ કરશે. ભારતીય ટીમના ખેલાડીઓ રવિવાર અને સોમવારે 2 બેચમાં ઓસ્ટ્રેલિયા જવા રવાના થશે. હાલમાં જ સમાચાર આવ્યા હતા કે રોહિત શર્મા ઓસ્ટ્રેલિયા સામે બોર્ડર-ગાવસ્કર ટ્રોફીની પ્રથમ ટેસ્ટ ચૂકી શકે છે. મીડિયા રિપોર્ટ્સનું માનીએ તો રોહિત શર્મા બીજી વખત પિતા બનવા જઈ રહ્યો છે. આ કારણોસર તેણે પરિવાર સાથે સમય વિતાવવાનું નક્કી કર્યું છે.

ટેસ્ટ ફોર્મેટમાં રોહિત શર્માનું ભવિષ્ય શું છે?

તાજેતરમાં જ ભારતીય ટીમને ન્યૂઝીલેન્ડ સામેની ટેસ્ટ શ્રેણીમાં 3-0થી હારનો સામનો કરવો પડ્યો હતો. ન્યૂઝીલેન્ડે ટીમ ઈન્ડિયાને ઘરની ધરતી પર 3-0થી હરાવીને ઈતિહાસ રચ્યો હતો. ભારતીય ટીમ લગભગ 12 વર્ષ પછી તેની ધરતી પર ટેસ્ટ સિરીઝ હારી છે.  આ હાર પછી, રોહિત શર્માના ભવિષ્ય પર પ્રશ્નાર્થ ચિન્હ છે. ટેસ્ટ ફોર્મેટમાં રોહિત શર્માનું ભવિષ્ય કેવું હશે ? રોહિત શર્મા ક્યાં સુધી કેપ્ટન તરીકે રહેશે ? આ સવાલોના જવાબ આવવાના બાકી છે, પરંતુ માનવામાં આવે છે કે ઓસ્ટ્રેલિયા સામે બોર્ડર-ગાવસ્કર ટ્રોફી બાદ રોહિત શર્માના ભવિષ્ય અંગે મોટો નિર્ણય શક્ય છે. આ સિવાય ગૌતમ ગંભીરને ટેસ્ટ ફોર્મેટમાં મુખ્ય કોચ તરીકે ચાલુ રાખવા પર મોટો નિર્ણય લેવામાં આવી શકે છે.

ભારત અને ઓસ્ટ્રેલિયા વચ્ચે 22 નવેમ્બરથી બોર્ડર-ગાવસ્કર ટ્રોફી શરૂ થવા જઈ રહી છે. વર્લ્ડ ટેસ્ટ ચેમ્પિયનશિપના દૃષ્ટિકોણથી આ સિરીઝ ખૂબ જ મહત્વપૂર્ણ બની રહી છે. તેથી, બંને ટીમો આ 5 મેચની શ્રેણીની તૈયારીમાં વ્યસ્ત છે.  બોર્ડર ગાવસ્કર ટ્રોફી માટે ભારતીય ટીમ બે બેચમાં ઓસ્ટ્રેલિયા જશે. ટીમ ઈન્ડિયાની પહેલી બેચ 10 નવેમ્બરે ટેકઓફ થઈ શકે છે જ્યારે બીજી બેચ 11 નવેમ્બરે ટેકઓફ થઈ શકે છે.

બેક ટૂ બેક સેન્ચુરી બાદ સંજૂ સેમસને બનાવ્યો આ શર્મનાક રેકોર્ડ",https://gujarati.abplive.com/sports/cricket/rohit-sharma-is-not-travelling-with-the-indian-team-to-australia-917525,11,2025-04-01 18:44:16
,,"New Zealand vs Pakistan T20 Series: ન્યૂઝીલેન્ડ ક્રિકેટે 16 માર્ચથી શરૂ થનારી પાકિસ્તાન સામેની T20 સીરીઝ માટે પોતાની ટીમની જાહેરાત કરી છે. ટીમની કમાન માઈકલ બ્રેસવેલને સોંપવામાં આવી છે. રચિન રવિન્દ્ર, મિશેલ સેન્ટનર વગેરે જેવા ખેલાડીઓ, જેઓ 22 માર્ચથી શરૂ થનારી IPL લીગ (IPL 2025) માં રમશે, તેઓ આ T20 સીરીઝનો ભાગ નથી.

ચેમ્પિયન્સ ટ્રૉફી પછી બંને દેશો વચ્ચે આ પહેલી સીરીઝ છે. એકતરફ ન્યૂઝીલેન્ડ ચેમ્પિયન્સ ટ્રૉફીની ફાઇનલમાં પહોંચ્યું હતું જ્યારે યજમાન પાકિસ્તાન ગ્રુપ સ્ટેજમાંથી જ બહાર થઈ ગયું હતું. પાકિસ્તાન ન્યૂઝીલેન્ડ પ્રવાસ પર 5 મેચની T20 સીરીઝ પછી 3 મેચની ODI સીરીઝ રમશે. ન્યૂઝીલેન્ડે 5 મેચની T20 સીરીઝ માટે ટીમની જાહેરાત કરી છે. મિશેલ સેન્ટનરની ગેરહાજરીમાં માઈકલ બ્રેસવેલને કેપ્ટન બનાવવામાં આવ્યો છે.

IPL રમનારા ન્યૂઝીલેન્ડ ખેલાડી નહીં રમે પાકિસ્તાન વિરૂદ્ધ ટી20 સીરીઝ મિશેલ સેન્ટનર અને રચિન રવિન્દ્ર પાકિસ્તાન સામેની T20 સીરીઝની ટીમમાં સામેલ નથી, બંને IPLમાં રમશે. સેન્ટનર IPL 2025 માં મુંબઈ ઈન્ડિયન્સ તરફથી રમશે, જ્યારે રચિન રવિન્દ્રનો ચેન્નાઈ સુપર કિંગ્સમાં સમાવેશ કરવામાં આવ્યો છે. ન્યૂઝીલેન્ડના ખેલાડી ડેવોન કોનવે, જે CSK માં પણ સામેલ છે, તે પણ T20 સીરીઝનો ભાગ નથી.

ટીમની જાહેરાત કરતી વખતે, ન્યૂઝીલેન્ડે કહ્યું કે ટી20 નિયમિત ખેલાડીઓ ડેવોન કોનવે, લોકી ફર્ગ્યૂસન, ગ્લેન ફિલિપ્સ, રચિન રવિન્દ્ર અને મર્યાદિત ઓવરના કેપ્ટન મિશેલ સેન્ટનર IPL પ્રતિબદ્ધતાને કારણે ઉપલબ્ધ નથી.

પાકિસ્તાન વિરૂદ્ધ ટી20 સીરીઝ માટે ન્યૂઝીલેન્ડ સ્ક્વૉડ - માઈકલ બ્રેસવેલ (કેપ્ટન), ફિન એલન, માર્ક ચેપમેન, જેકબ ડફી, જેક ફોલ્કેસ (ચોથી અને પાંચમી મેચ માટે), મિચ હે, મેટ હેનરી (ચોથી અને પાંચમી મેચ માટે), કાયલ જેમીસન (પ્રથમ 3 મેચ માટે), ડેરિલ મિશેલ, જીમી નીશમ, વિલ ઓ'રોર્ક (પ્રથમ 3 મેચ માટે), ટિમ રોબિન્સન, બેન સીઅર્સ, ટિમ સીફર્ટ, ઇશ સોઢી.

ન્યૂઝીલેન્ડ વિરુદ્ધ પાકિસ્તાન T20 શિડ્યૂલ - પહેલી મેચ: રવિવાર, ૧૬ માર્ચ, હેગલી ઓવલ, ક્રાઇસ્ટચર્ચબીજી મેચ: મંગળવાર ૧૮ માર્ચ, યુનિવર્સિટી ઓફ ઓટાગો ઓવલ, ડ્યુનેડિનત્રીજી મેચ: શુક્રવાર ૨૧ માર્ચ, ઇડન પાર્ક, ઓકલેન્ડચોથી મેચ: રવિવાર 23 માર્ચ, બે ઓવલ, તૌરંગાપાંચમી મેચ: બુધવાર 25 માર્ચ, સ્કાય સ્ટેડિયમ, વેલિંગ્ટન",https://gujarati.abplive.com/sports/ipl/cricket-news-new-zealand-top-cricketers-will-not-play-against-pakistan-in-the-t20-series-where-announce-squad-for-t20-series-932360,12,2025-04-01 18:44:21
,,"Mohammad Amir IPL 2026: પાકિસ્તાન ક્રિકેટ ટીમના ખેલાડી મોહમ્મદ આમિરે IPL અંગે મોટી પ્રતિક્રિયા આપી છે. આમિરે કહ્યું છે કે તે ઇન્ડિયન પ્રીમિયર લીગમાં રમવા માંગે છે. એક અહેવાલ મુજબ, આમિરે કહ્યું કે તે 2026 સુધીમાં IPL રમવાની આશા રાખે છે. આમિર પાકિસ્તાન સિવાય બીજા કોઈ દેશની નાગરિકતા મેળવવાનો પ્રયાસ કરી રહ્યો છે.

આમિર પાકિસ્તાનનો ઘાતક બૉલર છે. તેણે ઘણી વખત ટીમ માટે શાનદાર પ્રદર્શન કર્યું છે. પણ હવે આઈપીએલમાં રમવા માંગુ છું. ભારતીય ક્રિકેટ કંટ્રોલ બોર્ડે પાકિસ્તાની ખેલાડીઓને IPLમાંથી પ્રતિબંધિત કરી દીધો છે. આઈપીએલમાં ફિક્સિંગ કેસ બાદ આ પગલું ભરવામાં આવ્યું હતું. 'ઇન્ડિયન એક્સપ્રેસ'ના એક અહેવાલ મુજબ, આમિરે કહ્યું, ""મને આવતા વર્ષ સુધીમાં IPLમાં રમવાની તક મળી શકે છે. જો એવું થશે તો હું આઈપીએલમાં રમીશ.

પ્રતિબંધ બાદ પણ આઇપીએલમાં કઇ રીતે રમી શકે છે આમિર - ખરેખર, મોહમ્મદ આમિરની પત્ની નરગીસ યૂકેની નાગરિક છે. મોહમ્મદ આમિરે યૂકેની નાગરિકતા માટે પણ અરજી કરી છે. જો તેને નાગરિકતા મળશે, તો તે પાકિસ્તાન છોડી દેશે. આવી સ્થિતિમાં, તે નિયમો અનુસાર IPLમાં રમી શકે છે. આમિરે કહ્યું, ""પાકિસ્તાની ક્રિકેટરોને IPLમાંથી પ્રતિબંધિત કરવામાં આવ્યા છે, પણ આપણા ભૂતપૂર્વ ક્રિકેટરો IPLમાં કૉમેન્ટ્રી કરે છે.

આમિરની અત્યાર સુધીની આવી રહી કેરિયર - મોહમ્મદ આમિરનું શાનદાર પ્રદર્શન અત્યાર સુધી જોવા મળ્યું છે. તેણે પાકિસ્તાન માટે 62 ટી20 મેચોમાં 71 વિકેટ લીધી છે. તેણે 61 ODI મેચોમાં 81 વિકેટ લીધી છે. આમિરે 36 ટેસ્ટ મેચ પણ રમી છે. તેણે આ ફોર્મેટમાં ૧૧૮ વિકેટ લીધી છે. આમિરે ટેસ્ટમાં પણ 751 રન બનાવ્યા છે. આમિરે પાકિસ્તાન પ્રીમિયર લીગમાં પણ સારું પ્રદર્શન કર્યું છે.",https://gujarati.abplive.com/sports/ipl/amir-said-will-eligible-to-play-and-pakistan-former-cricketer-mohammad-amir-wants-to-play-in-ipl-2026-eyes-on-ipl-contract-932358,12,2025-04-01 18:44:24
,,"Mayank Yadav Injury Update: IPL (IPL 2025) ની 18મી સીઝન 22 માર્ચથી શરૂ થવા જઈ રહી છે. બધી IPL ટીમોએ તૈયારીઓ શરૂ કરી દીધી છે. પરંતુ IPL શરૂ થાય તે પહેલા લખનઉ સુપર જાયન્ટ્સને મોટો ઝટકો લાગ્યો છે. ટીમનો યુવા બોલર મયંક યાદવ તેની ઈજામાંથી હજુ સુધી સ્વસ્થ થયો નથી. તે IPL 2025ના ફર્સ્ટ હાફમાં રમી શકશે નહીં તેવું માનવામાં આવે છે. તે IPLના બીજા હાફમાં રમી શકે છે.

મયંક યાદવે તેની સ્પીડથી બધાને પ્રભાવિત કર્યા છે, તે મોટા બેટ્સમેનોને પરેશાન કરતો જોવા મળ્યો હતો. આ જ કારણ હતું કે લખનઉ સુપર જાયન્ટ્સે તેને હરાજી પહેલા 11 કરોડ રૂપિયામાં રિટેન કર્યો હતો. આ તેમના IPL પગારમાં મોટો વધારો હતો કારણ કે લખનઉએ તેમને પાછલી સીઝનમાં 20 લાખ રૂપિયામાં ખરીદ્યા હતા.

મયંક યાદવ તેના આંતરરાષ્ટ્રીય ડેબ્યૂ પછી ઘાયલ થયો હતો

ગયા વર્ષે ઓક્ટોબરમાં બાંગ્લાદેશ સામે આંતરરાષ્ટ્રીય ક્રિકેટમાં ડેબ્યૂ કર્યા પછી મયંક યાદવ ઈજાગ્રસ્ત થયો હતો. મયંક યાદવને કમરના નીચેના ભાગમાં ઈજા થઈ હતી, જેમાંથી તે સ્વસ્થ થઈ રહ્યો છે. સારી વાત એ છે કે તેણે તાજેતરમાં બેંગલુરુના સેન્ટર ઓફ એક્સેલન્સમાં ફરી બોલિંગ શરૂ કરી છે.

ESPN રિપોર્ટ અનુસાર, BCCI એ મયંક યાદવની વાપસી માટે કોઈ તારીખ નક્કી કરી નથી. જો મયંક ફિટનેસના ધોરણોને પૂર્ણ કરે છે અને તેના વર્કલોડમાં વધારો કરે છે તો શક્ય છે કે તે IPL 2025ના બીજા ભાગમાં રમતો જોવા મળી શકે છે.

મયંક યાદવે IPL 2024માં 4 મેચ રમી હતી, જેમાં તેણે 7 વિકેટ લીધી હતી. તેમની ઇકોનોમી લગભગ 7 (6.99) હતી. ગયા વર્ષે તે પોતાની ઝડપી બોલિંગને કારણે ચર્ચામાં રહ્યો હતો. તેણે RCB સામે IPL 2024નો સૌથી ઝડપી બોલ (156.7) ફેંક્યો હતો.

લખનઉ સુપર જાયન્ટ્સની પહેલી મેચ 24 માર્ચે છે

લખનઉ સુપર જાયન્ટ્સ દિલ્હી કેપિટલ્સ સામે રમીને તેમની IPL 2025ની સફર શરૂ કરશે, તેમની પહેલી મેચ 24 માર્ચે રમાશે. IPL 2025 માટે ફ્રેન્ચાઇઝીએ ઋષભ પંતને તેના કેપ્ટન તરીકે પસંદ કર્યા છે, જેમને ટીમે હરાજીમાં 27 કરોડ રૂપિયામાં ખરીદ્યા હતા.",https://gujarati.abplive.com/sports/ipl/lsg-fast-bowler-mayank-yadav-set-to-miss-first-half-of-ipl-2025-932357,12,2025-04-01 18:44:27
,,"MI vs GG Highlights Today Match: મુંબઈ ઈન્ડિયન્સે ગુજરાત જાયન્ટ્સને 9 રનથી હરાવ્યું હતું. મુંબઈના બ્રેબોર્ન સ્ટેડિયમ ખાતે રમાયેલી આ મેચમાં મુંબઈએ પ્રથમ બેટિંગ કરતા 179 રનનો વિશાળ સ્કોર બનાવ્યો હતો. જેના જવાબમાં ગુજરાતની ટીમ નિર્ધારિત 20 ઓવરમાં માત્ર 170 રન જ કરી શકી હતી. ગુજરાતની અડધી ટીમ 70 રનના સ્કોર પર આઉટ થઈ ગઈ હતી, પરંતુ ભારતી ફૂલમાળીની 61 રનની તોફાની ઇનિંગ્સે મેચને રોમાંચક બનાવી દીધી હતી પરંતુ ટીમને વિજય અપાવી શકી ન હતી.

છેલ્લી મેચમાં ગુજરાત હારી ગયું

WPL 2025ના લીગ તબક્કામાં ગુજરાત જાયન્ટ્સની આ છેલ્લી મેચ હતી. મુંબઈને હરાવીને તેમના માટે સીધા ફાઇનલમાં જવાના દરવાજા ખુલી શક્યા હોત પરંતુ છેલ્લી 2 ઓવરમાં MI બોલરોએ આખી મેચ પલટી નાખી હતી. વાસ્તવમાં અમેલિયા કેરે 17મી ઓવરમાં ભારતી ફૂલમાળીની વિકેટ ઝડપી ત્યારે મેચની બાજી પલટાઇ હતી. ત્યાર બાદ ગુજરાતના નીચલા ક્રમના બેટ્સમેનો દબાણમાં આવી ગયા હતા. બીજી તરફ મુંબઈ ઇન્ડિયન્સ હવે સીધા ફાઇનલમાં પહોંચવાની નજીક છે.

ભારતી ફૂલમાળીની તોફાની ઇનિંગ

180 રનના લક્ષ્યાંકનો પીછો કરતા ગુજરાત જાયન્ટ્સે 70 રનના સ્કોરે 5 વિકેટ ગુમાવી દીધી હતી. અહીંથી ભારતી ફૂલમાળીએ સ્થિતિ સંભાળી હતી. તેણે માત્ર 22 બોલમાં પોતાની ફિફ્ટી પૂરી કરી અને 61 રનની તોફાની ઇનિંગથી મેચમાં ધમાલ મચાવી દીધી હતી. ભારતીએ આ ઇનિંગમાં 8 ચોગ્ગા અને 4 છગ્ગા પણ ફટકાર્યા હતા. ટીમને જીતવા માટે 38 રનની જરૂર હતી, ત્યારે ભારતી આઉટ થઈ હતી અને ગુજરાતે મેચ ગુમાવી હતી.

WPL 2025 ના પ્લેઓફમાં પહોંચેલી ટીમોમહિલા પ્રીમિયર લીગના ફોર્મેટ મુજબ, પોઈન્ટ ટેબલમાં પ્રથમ, બીજા અને ત્રીજા ક્રમે રહેલી ટીમો નોકઆઉટ તબક્કામાં પ્રવેશ કરે છે. ટેબલમાં ટોચ પર રહેનારી ટીમને ફાઇનલમાં સીધો પ્રવેશ મળે છે, જે હજુ સુધી નક્કી થયું નથી. દિલ્હી કેપિટલ્સ, મુંબઈ ઇન્ડિયન્સ અને ગુજરાત જાયન્ટ્સ એ ત્રણ ટીમો છે જે પ્લેઓફમાં પહોંચી છે.

ચેમ્પિયન્સ ટ્રોફીનો ખિતાબ જીત્યા બાદ રોહિત-વિરાટ મેદાનમાં જ ગરબા રમ્યા, આવું સેલિબ્રેશન ક્યારેય નહીં જોયું હોય",https://gujarati.abplive.com/sports/cricket/mumbai-indians-vs-gujarat-giants-mumbai-indians-beat-gujarat-giants-by-9-runs-932340,12,2025-04-01 18:44:30
,,"ટીમ ઈન્ડિયાને ચેમ્પિયન્સ ટ્રોફીનો ચેમ્પિયન બનાવ્યા બાદ કેપ્ટન રોહિત શર્મા સ્વદેશ પરત ફર્યો છે. દુબઈમાં યોજાયેલી ફાઇનલમાં ટીમ ઈન્ડિયાની જીતનો હીરો રહેલો કેપ્ટન રોહિત સોમવારે સાંજે મુંબઈમાં પોતાના ઘરે પાછો ફર્યો હતો. દરમિયાન રોહિતનું સ્વાગત કરવા માટે એરપોર્ટ પર ચાહકોની મોટી ભીડ હાજર હતી અને રોહિતે તેમના પ્રેમ માટે આભાર વ્યક્ત કર્યો હતો. ફક્ત રોહિત જ નહીં, ધીમે ધીમે દરેક ખેલાડી દુબઈથી પાછા ફરી રહ્યા છે.

A post shared by Mumbai Indians (@mumbaiindians)

એરપોર્ટ પર રોહિતનું ઉષ્માભર્યું સ્વાગત થયું.

9 માર્ચના રોજૂ રોહિતની કેપ્ટનશીપ હેઠળ ટીમ ઈન્ડિયાએ ન્યૂઝીલેન્ડને 4 વિકેટથી હરાવ્યું અને 12 વર્ષ પછી ચેમ્પિયન્સ ટ્રોફી પાછી મેળવી હતી. કેપ્ટન રોહિતે પોતે ફાઇનલમાં સૌથી વધુ 76 રન કરીને ટીમને ચેમ્પિયન બનાવવામાં સૌથી મોટી ભૂમિકા ભજવી હતી. આ જીતના એક દિવસ પછી સોમવાર 10 માર્ચે રોહિત તેના પરિવાર સાથે મુંબઈ પાછો ફર્યો હતો. દર વખતની જેમ આ વખતે પણ રોહિત એરપોર્ટ પર તેની પુત્રી સમાયરાને ખોળામાં લઈને બેઠો જોવા મળ્યો હતો.

રોહિતનું સ્વાગત કરવા માટે એરપોર્ટ પર ચાહકોની મોટી ભીડ એકઠી થઈ હતી અને બધાએ ભારતીય કેપ્ટનના નામના નારા લગાવીને તેનું ઉમળકાભેર સ્વાગત કર્યું હતું. તેમની રેન્જ રોવર કાર તેમને લેવા માટે એરપોર્ટની બહાર પહેલેથી જ તૈયાર હતી. ચાહકોના સ્વાગત અને પ્રેમ વચ્ચે રોહિત પોતાની કારમાં બેસીને ઘરે જવા રવાના થયો હતો. IPL ફ્રેન્ચાઇઝી મુંબઈ ઇન્ડિયન્સે પણ રોહિતનો એક વીડિયો ઇન્સ્ટાગ્રામ પર પોસ્ટ કર્યો છે.

આ વખતે ભારતીય ટીમ એક સાથે આવી નથી પરંતુ બધા ખેલાડીઓ અલગ અલગ રીતે ભારત પરત ફરી રહ્યા છે. કારણ કે આ વખતે BCCI દ્વારા કોઈ વિક્ટ્રી પરેડનું આયોજન કરવામાં આવ્યું નથી, જેમ કે T20 વર્લ્ડ ચેમ્પિયન બન્યા પછી 29 જૂને કરવામાં આવ્યું હતું. આવી સ્થિતિમાં બધા ખેલાડીઓ અલગ-અલગ રીતે ભારત પરત ફરી રહ્યા છે.

IPL 2025 થી વાપસી કરશે

આ જીત બાદ હવે કેપ્ટન રોહિત શર્મા સહિત તમામ ખેલાડીઓ આગામી થોડા દિવસો આરામ કરશે અને ટૂંક સમયમાં ફરી મેદાનમાં પાછા ફરશે. આ બધા સ્ટાર્સ હવે આગામી 2 મહિના માટે IPL 2025 સીઝનમાં જોવા મળશે. આ ટુર્નામેન્ટ 22 માર્ચથી શરૂ થશે, જ્યાં વિરાટ કોહલી અને વરુણ ચક્રવર્તી, હર્ષિત રાણા પહેલી જ મેચમાં એકબીજા સામે મેદાનમાં ઉતરશે, કારણ કે કોલકાતા નાઈટ રાઈડર્સ અને રોયલ ચેલેન્જર્સ બેંગલુરુ પહેલી જ મેચમાં ટકરાશે.",https://gujarati.abplive.com/sports/cricket/rohit-sharma-receives-welcome-in-mumbai-airport-932337,12,2025-04-01 18:44:34
,,"Ladki Behen Yojana: મહારાષ્ટ્રની છોકરી બહેનો માટે એક નિરાશાજનક સમાચાર સામે આવ્યા છે. રાજ્યના નાયબ મુખ્યમંત્રી અને નાણાપ્રધાન અજિત પવારે 'લડકી બહિન યોજના' અંતર્ગત લાભાર્થીઓને ₹1500ના બદલે ₹2100 આપવાની વાતનો સ્પષ્ટપણે ઇનકાર કર્યો છે. અજિત પવારે જણાવ્યું કે તેમણે ક્યારેય એવું વચન આપ્યું જ નથી કે આ યોજના હેઠળ ₹2100 આપવામાં આવશે, જો કે મહાયુતિ ગઠબંધનના ચૂંટણી ઢંઢેરામાં તેનો ઉલ્લેખ જરૂર કરવામાં આવ્યો હતો. તેમના આ નિવેદનથી યોજના હેઠળ વધુ લાભની આશા રાખીને બેઠેલી છોકરી બહેનોને મોટો ઝટકો લાગ્યો છે.

મીડિયા દ્વારા પૂછવામાં આવેલા સવાલોના જવાબ આપતા અજિત પવારે પ્રતિસાદ આપ્યો હતો કે, ""તમે મને કોઈ એવું નિવેદન બતાવી શકો છો જેમાં મેં ₹2100 આપવાની વાત કરી હોય?"" તેમણે વધુમાં જણાવ્યું હતું કે, ""મેં આવું ક્યારેય નથી કહ્યું, પરંતુ હા, એ વાત સાચી છે કે મહાયુતિના પક્ષોએ તેમના ચૂંટણી ઘોષણાપત્રમાં ચોક્કસપણે આ બાબતનો ઉલ્લેખ કર્યો હતો. અમે હાલમાં તેના પર વિચારણા કરી રહ્યા છીએ."" તેમના આ નિવેદનથી યોજનાના અમલીકરણ અને રકમ અંગે અનેક સવાલો ઉભા થયા છે.

નાયબ મુખ્યમંત્રી અજિત પવારે યોજનાના અમલ અંગે વધુ માહિતી આપતા ઉમેર્યું હતું કે, ""જ્યારે રાજ્યની આર્થિક સ્થિતિ મજબૂત થશે, અને જ્યારે આપણે આર્થિક રીતે સદ્ધર બનીશું, ત્યારે અમે આ વચનને ચોક્કસપણે પૂર્ણ કરીશું. આ ત્યારે જ શક્ય બનશે જ્યારે અમને ખાતરી થશે કે અમારી આર્થિક સ્થિતિ સારી અને સુરક્ષિત છે. હાલમાં આ માટે કોઈ ચોક્કસ સમયમર્યાદા નક્કી નથી, પરંતુ તેના પર કામગીરી ચાલુ છે. યોગ્ય સમય આવ્યે અમે આ પ્રસ્તાવને કેબિનેટ સમક્ષ રજૂ કરીશું અને આગળ વધીશું."" અજિત પવારના આ નિવેદનથી સ્પષ્ટ થાય છે કે નજીકના ભવિષ્યમાં આ યોજના હેઠળ ₹2100 મળવાની શક્યતા ઓછી છે.

બીજી તરફ, મહારાષ્ટ્રના પૂર્વ મુખ્યમંત્રી અને શિવસેના યુબીટીના પ્રમુખ ઉદ્ધવ ઠાકરેએ રાજ્ય સરકાર દ્વારા રજૂ કરવામાં આવેલા બજેટને 'જુમલા' બજેટ ગણાવ્યું હતું. તેમણે કહ્યું હતું કે, ""આ બજેટ સંપૂર્ણપણે આ સરકાર જેવું જ છે – જુમલાઓથી ભરેલું. ખેડૂતો માટે આ બજેટમાં કોઈ ખાસ જોગવાઈ નથી, અને તેમાં સરકાર દ્વારા લડકી બહિન યોજના હેઠળ ₹2100 આપવાના વચનનો પણ સમાવેશ કરવામાં આવ્યો નથી. આ સરકારના તમામ વચનો માત્ર ચૂંટણી જીતવા માટેના જુમલા હતા."" ઉદ્ધવ ઠાકરેએ બજેટ અને સરકારની નીતિઓ પર આકરા પ્રહાર કર્યા હતા.

મહારાષ્ટ્ર સરકારે આગામી નાણાકીય વર્ષ 2025-26 માટે રજૂ કરેલા ₹700020 કરોડના બજેટમાં 'લડકી બહેન યોજના' માટે ₹36000 કરોડની ફાળવણી કરી છે. જો કે, મુખ્ય પ્રધાન દેવેન્દ્ર ફડણવીસે અગાઉ જણાવ્યું હતું કે મહાયુતિ સરકારનું આ ચૂંટણી વચન રાજકોષીય સંતુલન પ્રાપ્ત થયા બાદ જ પૂર્ણ કરવામાં આવશે, અને તે એપ્રિલ મહિનાથી અમલમાં આવે તેવી શક્યતા નથી. સરકારે બજેટમાં રાજકોષીય ખાધ ₹136234 કરોડ અને કુલ ખર્ચ ₹700020 કરોડ રહેવાનો અંદાજ મૂક્યો છે, જે આર્થિક પડકારોનો સંકેત આપે છે.

આ પણ વાંચો...

તેઓ ખાલી ફોટામાં જ... ': PM મોદી અને CM યોગીને લઈ આ શું કહી દીધું શંકરાચાર્ય અવિમુક્તેશ્વરાનંદે",https://gujarati.abplive.com/sports/cricket/maharashtra-budget-2025-ajit-pawar-denies-rs-2100-ladki-behen-yojana-announcement-932307,12,2025-04-01 18:44:37
,,"Team India next match: ટીમ ઈન્ડિયાએ ન્યૂઝીલેન્ડને હરાવીને ચેમ્પિયન્સ ટ્રોફી 2025નો ખિતાબ પોતાના નામે કર્યો, અને હવે ક્રિકેટ ચાહકોના મનમાં એક જ સવાલ છે કે ચેમ્પિયન્સ ટ્રોફી પછી ટીમ ઈન્ડિયાની આગામી મેચ ક્યારે અને કઈ ટીમ સામે હશે? ચેમ્પિયન્સ ટ્રોફીની ધમાકેદાર જીત બાદ હવે સૌ કોઈની નજર ભારતીય ટીમની આગામી સિરીઝ પર મંડાયેલી છે.

ચેમ્પિયન્સ ટ્રોફીની ટૂર્નામેન્ટ પૂર્ણ થતાની સાથે જ ક્રિકેટ રસિકો ઇન્ડિયન પ્રીમિયર લીગ (IPL)ની 18મી સિઝનની આતુરતાથી રાહ જોઈ રહ્યા છે. IPLની રોમાંચક શરૂઆત 22 માર્ચથી થવા જઈ રહી છે. આ વખતે IPLની સિઝન થોડી અલગ અને વધુ રોમાંચક બની રહેશે, કારણ કે તાજેતરમાં યોજાયેલી મેગા ઓક્શન પછી તમામ ટીમોના ખેલાડીઓ બદલાઈ ગયા છે અને ટીમનું સંતુલન પણ નવું જોવા મળશે. IPLના ઉત્સાહની વચ્ચે ટીમ ઈન્ડિયાના ચાહકો એ જાણવા માટે ઉત્સુક છે કે ચેમ્પિયન્સ ટ્રોફી પછી ભારતની નેક્સ્ટ મેચ ક્યારે અને કોની સામે છે. તો ચાલો જાણીએ તમારા આ સવાલનો જવાબ.

ચેમ્પિયન્સ ટ્રોફી બાદ ભારતીય ટીમ તેની આગામી મેચ ઈંગ્લેન્ડ સામે રમશે. ટીમ ઈન્ડિયા જૂન મહિનામાં ઈંગ્લેન્ડના પ્રવાસે જશે, જ્યાં બન્ને ટીમો વચ્ચે 5 મેચોની ટેસ્ટ શ્રેણી રમાશે. આ ટેસ્ટ શ્રેણીનો પ્રારંભ 20 જૂનથી થશે. શ્રેણીની પ્રથમ ટેસ્ટ મેચ લીડ્સમાં 20 થી 24 જૂન દરમિયાન રમાશે. ત્યારબાદ બીજી ટેસ્ટ 2 જુલાઈથી 6 જુલાઈ સુધી બર્મિંગહામમાં, ત્રીજી ટેસ્ટ 10 જુલાઈથી 14 જુલાઈ સુધી લંડનમાં, ચોથી ટેસ્ટ 23 જુલાઈથી 27 જુલાઈ દરમિયાન માન્ચેસ્ટરમાં અને પાંચમી ટેસ્ટ 31 જુલાઈથી 4 ઓગસ્ટ દરમિયાન લંડનમાં રમાશે. ભારતીય સમય અનુસાર આ તમામ મેચો બપોરે 3:30 વાગ્યે શરૂ થશે.

ભારત વિરુદ્ધ ઇંગ્લેન્ડ ટેસ્ટ શ્રેણીનું સમયપત્રક

20 જૂન: ભારત વિ ઇંગ્લેન્ડ, લીડ્ઝ ટેસ્ટ, બપોરે 3:30 વાગ્યે

2 જુલાઈ: ભારત વિ. ઈંગ્લેન્ડ, બર્મિંગહામ ટેસ્ટ, બપોરે 3:30 વાગ્યે

10 જુલાઇ: ભારત vs ઇંગ્લેન્ડ, લોર્ડ્સ, લંડન ટેસ્ટ, બપોરે 3:30 વાગ્યે

23 જુલાઇ: ભારત vs ઇંગ્લેન્ડ, માન્ચેસ્ટર ટેસ્ટ, બપોરે 3:30 વાગ્યે

31 જુલાઈ: ભારત વિ ઈંગ્લેન્ડ, ધ ઓવલ, લંડન ટેસ્ટ, બપોરે 3:30 વાગ્યે

ઉલ્લેખનીય છે કે જ્યારે ભારતીય ટીમે છેલ્લે ઇંગ્લેન્ડનો પ્રવાસ કર્યો હતો, ત્યારે વિરાટ કોહલીની કેપ્ટન્સી હેઠળ ભારતે શ્રેણીમાં 2-1થી લીડ મેળવી હતી. જો કે, શ્રેણીની છેલ્લી મેચ કોવિડના કારણે રદ કરવામાં આવી હતી, જે પછી 2022માં રમાઈ હતી, જેમાં ઇંગ્લેન્ડે જીત મેળવીને શ્રેણી 2-2થી બરાબર કરી હતી.

ઈંગ્લેન્ડનો આગામી પ્રવાસ ભારતીય ટીમ માટે અનેક રીતે મહત્વપૂર્ણ સાબિત થવાનો છે. આ પ્રવાસ માટે ભારતીય ટીમમાં કેટલાક ફેરફારો પણ જોવા મળી શકે છે. એવી શક્યતા છે કે રોહિત શર્મા આ સિરીઝમાં ટીમ ઈન્ડિયાનો ભાગ ન પણ હોય અને તેના સ્થાને કોઈ નવા ખેલાડીને કેપ્ટનશીપ સોંપવામાં આવી શકે છે. તાજેતરમાં જ ટીમ ઈન્ડિયાએ ઓસ્ટ્રેલિયામાં બોર્ડર-ગાવસ્કર ટ્રોફી રમી હતી, જેમાં ભારતને 4-1થી કારમી હારનો સામનો કરવો પડ્યો હતો. આ હાર બાદ રોહિત શર્માની કેપ્ટનશિપ પર અનેક સવાલો ઉભા થયા હતા, જેના કારણે ટીમમાં કેટલાક નવા ફેરફારો થવાની સંભાવના છે.

આ પણ વાંચો...

ચેમ્પિયન્સ ટ્રોફી જીતવા બદલ ભારતને મળ્યા 20 કરોડ રૂપિયા, કોણ આપશે આ રકમ, ICC કે પાકિસ્તાન?",https://gujarati.abplive.com/sports/cricket/india-s-upcoming-cricket-matches-in-2025-schedule-and-details-932306,12,2025-04-01 18:44:44
,,"ICC Best XI Champions Trophy 2025: ICCએ ચેમ્પિયન્સ ટ્રોફી 2025ની ધમાકેદાર પૂર્ણાહુતિ બાદ ટુર્નામેન્ટની સર્વશ્રેષ્ઠ પ્લેઈંગ ઈલેવનની જાહેરાત કરી છે. આ ટીમમાં ભારતીય ખેલાડીઓનો દબદબો જોવા મળ્યો છે, જેમાં કુલ પાંચ ભારતીય ખેલાડીઓએ સ્થાન મેળવ્યું છે. જો કે, ક્રિકેટ જગતને ચોંકાવનારી વાત એ છે કે પાકિસ્તાન, ઓસ્ટ્રેલિયા અને ઈંગ્લેન્ડ જેવી દિગ્ગજ ટીમોના એક પણ ખેલાડીને આ સર્વશ્રેષ્ઠ ટીમમાં સ્થાન મળ્યું નથી.

ચેમ્પિયન્સ ટ્રોફી 2025ની આ શ્રેષ્ઠ ટીમમાં કુલ 11 ખેલાડીઓ અને 12મા ખેલાડી તરીકે રિપ્લેસમેન્ટનો સમાવેશ થાય છે. ભારતના પાંચ ખેલાડીઓ ઉપરાંત, ન્યૂઝીલેન્ડના ચાર અને અફઘાનિસ્તાનના બે ખેલાડીઓએ પણ આ યાદીમાં સ્થાન મેળવ્યું છે.

ચેમ્પિયન્સ ટ્રોફી 2025ની સર્વશ્રેષ્ઠ ટીમમાં સ્થાન પામેલા પાંચ ભારતીય ખેલાડીઓ છે - વિરાટ કોહલી, શ્રેયસ અય્યર, કેએલ રાહુલ (વિકેટકીપર), મોહમ્મદ શમી અને વરુણ ચક્રવર્તી. આ ખેલાડીઓએ સમગ્ર ટૂર્નામેન્ટ દરમિયાન શાનદાર પ્રદર્શન કર્યું હતું અને ટીમને ચેમ્પિયન બનાવવામાં મહત્વની ભૂમિકા ભજવી હતી. વિરાટ કોહલીએ સમગ્ર ટૂર્નામેન્ટમાં બેટિંગમાં ધૂમ મચાવી હતી અને 218 રન બનાવ્યા હતા, જ્યારે શ્રેયસ અય્યરે 243 રન સાથે ભારત માટે સૌથી વધુ રન બનાવ્યા હતા. બોલિંગમાં મોહમ્મદ શમી અને વરુણ ચક્રવર્તીએ પણ કમાલ કરી હતી અને બંનેએ 9-9 વિકેટ ઝડપી હતી. અક્ષર પટેલને 12મા ખેલાડી તરીકે ટીમમાં સ્થાન આપવામાં આવ્યું છે.

ન્યૂઝીલેન્ડના ખેલાડીઓએ પણ આ ટીમમાં પ્રભાવશાળી હાજરી નોંધાવી છે. ઓપનિંગ બેટ્સમેન તરીકે સ્થાન મેળવનાર રચિન રવિન્દ્રને ‘પ્લેયર ઓફ ધ ટુર્નામેન્ટ’ અને ‘ગોલ્ડન બેટ’ એવોર્ડથી નવાજવામાં આવ્યો હતો. તેણે ટૂર્નામેન્ટમાં 263 રન બનાવ્યા હતા અને 3 વિકેટ પણ લીધી હતી. આ ઉપરાંત, ફાસ્ટ બોલર મેટ હેનરી, જે ‘ગોલ્ડન બોલ’ એવોર્ડનો વિજેતા રહ્યો હતો અને ટૂર્નામેન્ટમાં 10 વિકેટ ઝડપી હતી, તેને પણ ટીમમાં સ્થાન મળ્યું છે. ન્યૂઝીલેન્ડના ગ્લેન ફિલિપ્સ અને મિશેલ સેન્ટનરનો પણ સર્વશ્રેષ્ઠ ટીમમાં સમાવેશ કરવામાં આવ્યો છે, અને સેન્ટનરને ટીમના કેપ્ટન તરીકે નિયુક્ત કરવામાં આવ્યા છે. અફઘાનિસ્તાનના ઇબ્રાહિમ ઝદરાન અને અઝમતુલ્લા ઓમરઝાઈ પણ આ ટીમમાં સ્થાન મેળવવામાં સફળ રહ્યા છે.

ચેમ્પિયન્સ ટ્રોફી 2025ની સર્વશ્રેષ્ઠ પ્લેઈંગ ઈલેવન:

રચિન રવિન્દ્ર (ન્યૂઝીલેન્ડ)

ઇબ્રાહિમ ઝદરાન (અફઘાનિસ્તાન)

વિરાટ કોહલી (ભારત)

શ્રેયસ અય્યર (ભારત)

કેએલ રાહુલ (વિકેટકીપર) (ભારત)

ગ્લેન ફિલિપ્સ (ન્યૂઝીલેન્ડ)

અઝમતુલ્લા ઓમરઝાઈ (અફઘાનિસ્તાન)

મિશેલ સેન્ટનર (કેપ્ટન) (ન્યૂઝીલેન્ડ)

મોહમ્મદ શમી (ભારત)

મેટ હેનરી (ન્યૂઝીલેન્ડ)

વરુણ ચક્રવર્તી (ભારત)

અક્ષર પટેલ (12મો ખેલાડી) (ભારત)",https://gujarati.abplive.com/sports/cricket/virat-kohli-shreyas-iyer-varun-chakravarthy-in-icc-best-xi-2025-932303,12,2025-04-01 18:44:48
,,,https://gujarati.abplive.com/photo-gallery/sports/cricket-pakistan-faces-economic-loss-as-india-refuses-to-play-in-icc-champions-trophy-2025-932301,12,2025-04-01 18:44:51
,,"Ravindra Jadeja ODI retirement news: ચેમ્પિયન્સ ટ્રોફી 2025 ટૂર્નામેન્ટ શરૂ થાય તે પહેલાં, ક્રિકેટ જગતમાં વિરાટ કોહલી, રોહિત શર્મા અને રવિન્દ્ર જાડેજાના વનડે ફોર્મેટમાંથી નિવૃત્તિ લેવાની અફવાઓ જોરમાં હતી. ચેમ્પિયન્સ ટ્રોફીની ફાઇનલમાં રવિન્દ્ર જાડેજાએ પોતાનો સ્પેલ પૂરો કર્યા બાદ વિરાટ કોહલીને ગળે લગાવ્યો, ત્યારે જાડેજાની નિવૃત્તિની અફવાઓને ફરીથી વેગ મળ્યો હતો. જો કે, હવે રવિન્દ્ર જાડેજાએ પોતે જ આ નિવૃત્તિના સમાચારો પર મૌન તોડીને સ્પષ્ટતા કરી છે.

રવિન્દ્ર જાડેજાએ સોશિયલ મીડિયા પર એક પોસ્ટ શેર કરીને નિવૃત્તિની અફવાઓને નકારી કાઢી છે. તેણે લખ્યું છે કે, ""નકામી અફવાઓ ન ફેલાવો. આભાર."" જાડેજાના આ નિવેદનથી ચાહકો અને ક્રિકેટ રસિકોને રાહત થઈ છે. ઉલ્લેખનીય છે કે જાડેજાએ ગત વર્ષે ભારતે ટી20 વર્લ્ડ કપ જીત્યો તે બાદ ટી20 ફોર્મેટમાંથી સંન્યાસ લઈ લીધો હતો. હવે એવું લાગી રહ્યું છે કે 36 વર્ષીય જાડેજાએ 2027ના વનડે વર્લ્ડ કપને પોતાનું લક્ષ્ય બનાવી લીધું છે. જો કે, વર્લ્ડ કપ 2027 યોજાવાને હજુ બે વર્ષ જેટલો સમય બાકી છે અને ત્યાં સુધીમાં જાડેજા 38 વર્ષનો થઈ જશે.

ચેમ્પિયન્સ ટ્રોફી 2025માં રવિન્દ્ર જાડેજાના પ્રદર્શનની વાત કરીએ તો, તેણે 3 ઇનિંગ્સમાં બેટિંગ કરતા માત્ર 27 રન બનાવ્યા હતા. પરંતુ, આ આંકડા પરથી તેના પ્રદર્શનનું યોગ્ય મૂલ્યાંકન કરવું યોગ્ય નથી, કારણ કે જાડેજા મોટે ભાગે આઠમા ક્રમે બેટિંગ કરવા ઉતર્યો હતો, જ્યાં તેને બેટિંગ કરવાની ઓછી તક મળી હતી. બોલિંગમાં તેણે પોતાના ફરતા બોલથી ટૂર્નામેન્ટમાં કુલ 5 બેટ્સમેનોને આઉટ કર્યા હતા અને ટીમની જીતમાં મહત્વનું યોગદાન આપ્યું હતું.

Ravindra Jadeja's Instagram story.- SIR JADEJA IS HERE TO STAY...!!! 🇮🇳 pic.twitter.com/nTQNtNxEKo

ચેમ્પિયન્સ ટ્રોફી 2025ની ફાઈનલ મેચ પહેલાં એવી અટકળો ચાલી રહી હતી કે રોહિત શર્મા પણ વનડે ફોર્મેટમાંથી નિવૃત્તિ લઈ શકે છે, કારણ કે તેણે ગત વર્ષે જ તેની ટી20 આંતરરાષ્ટ્રીય કારકિર્દીનો અંત લાવી દીધો હતો. પરંતુ, ચેમ્પિયન્સ ટ્રોફી જીત્યા પછી પ્રેસ કોન્ફરન્સમાં રોહિત શર્માએ સ્પષ્ટતા કરી હતી કે, ""હું વનડે ફોર્મેટમાંથી નિવૃત્તિ લઈ રહ્યો નથી. કૃપા કરીને ભવિષ્યમાં આવી ખોટી અફવાઓ ન ફેલાવો."" આ સિવાય, તાજેતરમાં એવા અહેવાલો પણ સામે આવ્યા છે કે વિરાટ કોહલી પણ ઓછામાં ઓછા 2027ના વનડે વર્લ્ડ કપ સુધી રમવાનું ચાલુ રાખશે. જો કે, આ અંગે હજી સુધી કોઈ સત્તાવાર પુષ્ટિ મળી નથી.

આ પણ વાંચો...

ચેમ્પિયન્સ ટ્રોફીનો ખિતાબ જીત્યા બાદ રોહિત-વિરાટ મેદાનમાં જ ગરબા રમ્યા, આવું સેલિબ્રેશન ક્યારેય નહીં જોયું હોય",https://gujarati.abplive.com/sports/cricket/jadeja-clears-air-on-odi-retirement-after-india-s-champions-trophy-victory-932296,12,2025-04-01 18:44:54
,,"Rohit Sharma ODI retirement news: રોહિત શર્માની કપ્તાની હેઠળ ભારતીય ટીમે વધુ એક મોટી જીત હાંસલ કરીને દેશને ગૌરવ અપાવ્યું છે. ટી20 વર્લ્ડ કપ બાદ, ટીમે ચેમ્પિયન્સ ટ્રોફી 2025 પણ જીતી લીધી છે. દુબઈમાં રમાયેલી ફાઇનલમાં ભારતે ન્યુઝીલેન્ડને હરાવીને ખિતાબ પોતાના નામે કર્યો. આ જીતની ખુશી વચ્ચે, એવી અટકળો પણ ચાલી રહી હતી કે કેપ્ટન રોહિત શર્મા આ મેચ બાદ વનડે ફોર્મેટમાંથી નિવૃત્તિ જાહેર કરી શકે છે. જોકે, રોહિતે ટ્રોફી જીતીને આ બધી અફવાઓ પર પાણી ફેરવી દીધું છે અને સ્પષ્ટ કર્યું છે કે તે હાલમાં નિવૃત્તિ લેવાનો નથી.

ફાઇનલ મેચ પહેલાં, મીડિયા અને સોશિયલ મીડિયા પર એવી અફવાઓ વહેતી થઈ હતી કે રોહિત શર્મા આ ફાઇનલ પછી નિવૃત્તિ લેશે, પછી ભલે ટીમ જીતે કે હારે. કેટલાક લોકોનું માનવું હતું કે આ રોહિતની છેલ્લી વનડે મેચ હશે. ટીમે ચેમ્પિયન્સ ટ્રોફી જીત્યા બાદ, બધાની નજર રોહિતની જાહેરાત પર હતી. પ્રેઝન્ટેશન દરમિયાન રોહિતે આ મુદ્દે કોઈ વાત ન કરી, જેના કારણે સૌની ઉત્સુકતા વધી ગઈ હતી. બાદમાં, પ્રેસ કોન્ફરન્સમાં ભારતીય કેપ્ટને બધાને ચોંકાવી દીધા.

પ્રેસ કોન્ફરન્સમાં જ્યારે રોહિત જવા માટે ઊભો થયો, ત્યારે તેણે પાછું ફરીને કહ્યું, “અને હા, એક છેલ્લી વાત… હું આ ફોર્મેટમાંથી નિવૃત્તિ લઈ રહ્યો નથી. હું આ સ્પષ્ટતા કરવા માંગુ છું જેથી વધુ અફવાઓ ન ફેલાય.” રોહિતના આ નિવેદનથી ભારતીય ટીમ અને તેના ચાહકોમાં ખુશીની લહેર ફેલાઈ ગઈ હતી. કેપ્ટને માત્ર ટીમને ચેમ્પિયન જ નથી બનાવી, પરંતુ ફાઇનલમાં સૌથી વધુ રન પણ બનાવ્યા અને નિવૃત્તિની અફવાઓનો પણ અંત લાવી દીધો.

🚨 ROHIT SHARMA IS COMING FOR 2027 WORLD CUP 🚨 - The Hitman Rohit Sharma is not going anywhere..!!!! 🇮🇳 pic.twitter.com/heCvXQ90nz

રોહિતે અગાઉ પણ સંકેત આપ્યો હતો કે તે 2027નો ODI વર્લ્ડ કપ પણ રમવા માંગે છે. તેણે કહ્યું હતું કે તે આ ખિતાબ જીતવા માટે ઉત્સુક છે. T20 વર્લ્ડ કપ અને ચેમ્પિયન્સ ટ્રોફી જીતનાર રોહિત હજુ સુધી વનડે વર્લ્ડ કપ જીતી શક્યો નથી. વર્લ્ડ કપ 2023માં તેની કપ્તાની હેઠળ ભારતીય ટીમે શાનદાર પ્રદર્શન કર્યું હતું, પરંતુ ફાઇનલમાં ઓસ્ટ્રેલિયા સામે હારનો સામનો કરવો પડ્યો હતો. હવે, રોહિતે તેના ચાહકોને આશા આપી છે કે તે વર્લ્ડ કપ 2027માં પોતાનું સપનું પૂરું કરી શકે છે.

આ પણ વાંચો.....

ચેમ્પિયન્સ ટ્રોફીમાં ટીમની જીત પર પીએમ મોદીએ કહ્યું, 'અસાધારણ રમતના અસાધારણ પરિણામો...'",https://gujarati.abplive.com/sports/cricket/rohit-sharma-not-retiring-from-odi-cricket-confirms-after-ct-2025-win-932280,12,2025-04-01 18:44:56
,,"Rohit Sharma silent hero: ચેમ્પિયન્સ ટ્રોફી 2025ની ફાઈનલમાં ન્યૂઝીલેન્ડને હરાવીને ટીમ ઈન્ડિયાએ શાનદાર જીત મેળવી, અને આ જીતનો શ્રેય કેપ્ટન રોહિત શર્માએ આખી ટીમને આપ્યો. પરંતુ, પ્રેસ કોન્ફરન્સ દરમિયાન, રોહિતે એક ખાસ ખેલાડીનો ઉલ્લેખ કર્યો જેને તેમણે ટીમનો 'સાયલન્ટ હીરો' ગણાવ્યો - બીજો કોઈ નહીં પણ મિડલ ઓર્ડર બેટ્સમેન શ્રેયસ અય્યર.  રોહિતે જણાવ્યું કે અય્યરે સમગ્ર ટૂર્નામેન્ટ દરમિયાન મુશ્કેલ પરિસ્થિતિઓમાં ટીમને સંભાળી અને મહત્વપૂર્ણ યોગદાન આપ્યું.

ચેમ્પિયન્સ ટ્રોફી 2025માં ટીમ ઈન્ડિયા અજેય રહી અને સાતમી વખત ICC ટ્રોફી પોતાના નામે કરી.  ફાઈનલ જીત્યા બાદ કેપ્ટન રોહિત શર્માએ ટીમના દરેક ખેલાડીના પ્રયાસોને બિરદાવ્યા, પરંતુ તેમણે ખાસ કરીને શ્રેયસ અય્યરની પ્રશંસા કરી. રોહિતે જણાવ્યું કે અય્યરને ઘણી વખત તેમનો હક મળતો નથી, પરંતુ સમગ્ર ટૂર્નામેન્ટમાં જ્યારે પણ ટીમ મુશ્કેલીમાં હતી ત્યારે અય્યરે આગળ આવીને બેટથી શાનદાર ઇનિંગ્સ રમી અને ટીમને મુશ્કેલીમાંથી બહાર કાઢી.

રોહિતે કહ્યું કે શ્રેયસ અય્યર ચેમ્પિયન્સ ટ્રોફી 2025માં ટીમ ઈન્ડિયાનો સાચો 'સાયલન્ટ હીરો' હતો.  અય્યરે મધ્યમ ક્રમમાં બેટિંગ કરીને ટીમની જીતમાં મહત્વની ભૂમિકા ભજવી હતી. એટલું જ નહીં, શ્રેયસ અય્યર આ સમગ્ર ચેમ્પિયન્સ ટ્રોફીમાં ભારત માટે સૌથી વધુ રન બનાવનાર ખેલાડી પણ રહ્યો. ફાઇનલમાં જ નહીં, સેમિફાઇનલ અને લીગ મેચોમાં પણ અય્યરે ઘણી પ્રભાવશાળી ઇનિંગ્સ રમી હતી અને ટીમને જીત અપાવવામાં મદદ કરી હતી.

ફાઈનલ મેચ પછી યોજાયેલી પ્રેસ કોન્ફરન્સમાં રોહિત શર્માએ કહ્યું, “મને આ ટીમ પર ખૂબ ગર્વ છે. મને ખબર હતી કે પરિસ્થિતિઓ મુશ્કેલ હશે, પણ ટીમે ખૂબ સારી રીતે અનુકૂલન સાધ્યું.  બાંગ્લાદેશ સામેની પ્રથમ મેચમાં ભલે અમે માત્ર 230 રન બનાવ્યા હોય, પરંતુ વિકેટ ધીમી હોવાથી અમે જાણતા હતા કે ભાગીદારી મહત્વપૂર્ણ છે. અમારા બેટ્સમેનોએ મોટી ભાગીદારી કરી. અને આપણે શ્રેયસ અય્યરને ભૂલવો ન જોઈએ, જે આખી ટુર્નામેન્ટનો મૂક હીરો હતો. તે ખરેખર તેજસ્વી રહ્યો. મધ્ય ઓવરો દરમિયાન તે ટીમ માટે ખૂબ જ મહત્વપૂર્ણ સાબિત થયો. ઓસ્ટ્રેલિયા સામેની સેમિફાઇનલમાં તેણે અન્ય બેટ્સમેનો સાથે ભાગીદારી કરી, અને વિરાટની ઇનિંગ્સ પણ તે સમયે ઘણી મહત્વની હતી.”

વધુમાં રોહિતે શ્રેયસ અય્યરની પ્રશંસા કરતા કહ્યું, “ગ્રુપ સ્ટેજમાં પાકિસ્તાન અને ન્યુઝીલેન્ડ સામેની મેચોમાં પણ, જ્યારે હું આઉટ થયો ત્યારે ભારતે શરૂઆતમાં ત્રણ વિકેટ ગુમાવી દીધી હતી.  ત્યારે ફરીથી ટીમને 50 થી 70 રનની ભાગીદારીની જરૂર હતી અને શ્રેયસે તે કામ કર્યું. જ્યારે આવા પ્રદર્શન થાય છે, અને જ્યારે તમે પરિસ્થિતિઓને સમજીને ઝડપથી અનુકૂલન સાધો છો, ત્યારે તેનાથી ટીમને ઘણો ફાયદો થાય છે."" રોહિતના આ શબ્દોએ શ્રેયસ અય્યરના મહત્વને ઉજાગર કર્યું, જેણે શાંતિથી પરંતુ નિર્ણાયક રીતે ચેમ્પિયન્સ ટ્રોફીમાં ભારતીય ટીમની જીતમાં યોગદાન આપ્યું હતું.",https://gujarati.abplive.com/sports/cricket/rohit-sharma-names-india-s-unsung-hero-of-champions-trophy-2025-932289,12,2025-04-01 18:44:59
,,"Manish Pandey divorce news: ભારતે ચેમ્પિયન્સ ટ્રોફી 2025માં ન્યૂઝીલેન્ડને હરાવીને ભવ્ય જીત મેળવી છે, જેનાથી દેશભરમાં ખુશીનો માહોલ છે. આ જીતના ઉત્સાહ વચ્ચે, ભારતીય ક્રિકેટર મનીષ પાંડે અને તેમની પત્ની અભિનેત્રી અશ્રિતા શેટ્ટીના છૂટાછેડાની અફવાઓએ ફરી એકવાર માથું ઊંચક્યું છે. યુઝવેન્દ્ર ચહલ અને ધનશ્રી વર્માના અલગ થવાની અટકળો બાદ, હવે મનીષ અને અશ્રિતાના સંબંધોમાં તિરાડના સમાચાર ચર્ચામાં છે.

આ અફવાઓ કોઈ નવી નથી, પરંતુ જાન્યુઆરી મહિનાથી સોશિયલ મીડિયા પર વહેતી થઈ છે. તાજેતરમાં, ભારતીય ટીમે ચેમ્પિયન્સ ટ્રોફી જીતી, અને ત્યારબાદ આ અફવાઓને ફરીથી બળ મળ્યું છે. મીડિયા રિપોર્ટ્સ અનુસાર, મનીષ પાંડે અને અશ્રિતા શેટ્ટીના છૂટાછેડા થઈ રહ્યા છે. નોંધનીય છે કે, આ દંપતીએ ઇન્સ્ટાગ્રામ પર એકબીજાને અનફોલો કરી દીધા છે. એટલું જ નહીં, અશ્રિતાએ તેમના એકાઉન્ટ પરથી મનીષ સાથેના તમામ ફોટા પણ ડિલીટ કરી દીધા હોવાનું કહેવાય છે.

વધુમાં, મનીષ અને અશ્રિતા છેલ્લા ઘણા સમયથી કોઈ પણ જાહેર સ્થળે સાથે જોવા મળ્યા નથી. જો કે, બંનેમાંથી કોઈએ પણ આ અફવાઓ અંગે કોઈ સત્તાવાર નિવેદન આપ્યું નથી કે તેમનું ખંડન કર્યું નથી. તાજેતરમાં, વિરલ ભાયાણીએ પણ આ મામલે એક પોસ્ટ શેર કરી છે, જેના પર સોશિયલ મીડિયા યુઝર્સે વિવિધ પ્રતિક્રિયાઓ આપી છે. એક યુઝરે ટિપ્પણી કરતાં લખ્યું કે, ""ક્રિકેટ જગતમાં છૂટાછેડા એક સામાન્ય બાબત બની ગઈ છે.""

અન્ય એક યુઝરે રમૂજી ટિપ્પણી કરી કે, ""હજુ એક બેટ્સમેન છૂટાછેડા લઈ રહ્યો છે."" જ્યારે ત્રીજા યુઝરે હળવા અંદાજમાં લખ્યું કે, ""હાર્દિક પંડ્યા બાદ મનીષ પાંડે જલ્દી જ કમબેક કરશે."" અન્ય એક યુઝરે 'તળવું શું છે?' જેવી અર્થહીન ટિપ્પણી કરી. લોકો આ પોસ્ટ પર આવી અનેક ટિપ્પણીઓ કરી રહ્યા છે. ઉલ્લેખનીય છે કે, તાજેતરમાં જ ભારતીય ટીમના સ્પિનર યુઝવેન્દ્ર ચહલ અને તેમની પત્ની ધનશ્રી વર્માના અલગ થવાના સમાચાર વહેતા થયા હતા, અને હવે મનીષ પાંડે અને અશ્રિતા શેટ્ટી વિશે પણ આવી જ અફવાઓ ઉડી રહી છે. જો કે, આ અફવાઓની હજુ સુધી કોઈ સત્તાવાર પુષ્ટિ થઈ નથી.

આ પણ વાંચો...

અરે કંઈ ન ઘટે.... ICC ટૂર્નામેન્ટનો અસલી હીરો છે રોહિત શર્મા, આ આંકડા જોઈને તમે પણ દંગ રહી જશો",https://gujarati.abplive.com/sports/cricket/reports-manish-pandey-and-wife-ashrita-shetty-to-divorce-soon-932282,12,2025-04-01 18:45:04
,,"ICC Champions Trophy 2025: ભારતે રવિવારે (૯ માર્ચ, ૨૦૨૫) ICC ચેમ્પિયન્સ ટ્રૉફી ૨૦૨૫ જીતી. ફાઇનલ મેચ દુબઈમાં યોજાઈ હતી, જ્યાં ભારતે ન્યૂઝીલેન્ડને હરાવ્યું હતું. આ અંગે પાકિસ્તાની નિષ્ણાત કમર ચીમા કહે છે કે જો આ મેચ પાકિસ્તાનના લાહોર સ્ટેડિયમમાં રમાઈ હોત અને ભારત જીતી ગયું હોત તો વધુ મજા આવત. તેમણે એ પણ સવાલ ઉઠાવ્યો કે પાકિસ્તાન ક્રિકેટ બોર્ડ (PCB) ના ચેરમેન મોહસીન નકવી ટ્રૉફી આપવા માટે દુબઈ કેમ ન ગયા. જો પાકિસ્તાન યજમાન હોય તો તેણે દુબઈમાં હાજર રહેવું જોઈતું હતું.

કમર ચીમાએ કહ્યું કે જ્યારે પાકિસ્તાનને તક મળી તો તેમણે કંઈ કેમ ન કર્યું. ભારતને જે જોઈએ તે કરવાની છૂટ હતી. તેમણે પોતાની ઇચ્છા મુજબ દુબઈમાં મેચોનું આયોજન પણ કરાવ્યું. તેમણે કહ્યું કે હવે એવું સાંભળવામાં આવી રહ્યું છે કે ભારત આગામી વર્લ્ડકપ અને T-20 વર્લ્ડકપનું પણ આયોજન કરશે કારણ કે તેઓ ક્રિકેટમાં પ્રભુત્વ ધરાવે છે. ભારત પાસે શ્રેષ્ઠ પિચો છે.

કમર ચીમાએ કહ્યું કે જો ભારતીય ટીમ પાકિસ્તાનના લાહોરમાં ચેમ્પિયન્સ ટ્રૉફી જીતી હોત તો મજા આવી હોત. પાકિસ્તાની મીડિયાએ એ પણ બતાવ્યું કે જુઓ, ભારતે પાકિસ્તાનની અંદર પાકિસ્તાની ટીમને હરાવી દીધી. તેમણે એમ પણ કહ્યું કે જ્યારે ભારતની પહેલી મેચ દુબઈમાં થઈ હતી, ત્યારે ICC એ ત્યાં યજમાન પાકિસ્તાનનું નામ લખ્યું ન હતું, જ્યારે યજમાનનું નામ લખેલું છે.

તેમણે કહ્યું કે પાકિસ્તાને આ અંગે પ્રશ્નો ઉઠાવ્યા. પછી ICC એ કહ્યું કે માફ કરશો, તે ભૂલ હતી, પરંતુ ICC ના ચેરમેન જય શાહ ત્યાં બેઠા હતા અને પાકિસ્તાન સામે આખી રમત રમી રહ્યા હતા.

કમર ચીમાએ કહ્યું, 'પાકિસ્તાને એવું કર્યું કે ભારતનું રાષ્ટ્રગીત વગાડવામાં આવ્યું નહીં, પછી ભારતીય ટીમ આવી ન હોવાથી ધ્વજવંદન અંગે સમસ્યાઓ હતી, તેથી સમગ્ર ટૂર્નામેન્ટ દરમિયાન બંને દેશો વચ્ચે આ શીત યુદ્ધ ચાલુ રહ્યું.' પણ મને એ વાત સમજાતી નથી કે પાકિસ્તાન સંપૂર્ણપણે નાશ પામ્યું હતું અને તેઓ તેમની સામે પોતાનો કેસ પણ રજૂ કરી શક્યા નહીં. તેમણે આપણું શું કર્યું છે?

કમર ચીમાએ કહ્યું કે રમતનું આયોજન કરનારો દેશનું નેતૃત્વ ત્યાં હાજર નહોતું અને તે દેશે પોતાનો દૃષ્ટિકોણ રજૂ કર્યો નહીં અને પોતાને ગેરહાજર રાખ્યો. તેમણે કહ્યું, 'મને આ વાત ખૂબ જ નિરાશાજનક લાગી અને મને ખૂબ જ દુઃખ થયું કે મોહસીન નકવી ત્યાં નહોતા.' મેં ગુગલ દ્વારા જાણવાનો પ્રયાસ કર્યો કે મોહસીન નકવી બીમાર છે કે કોઈ લગ્નમાં ગયા હતા અને તેઓ ત્યાં પહોંચ્યા નહીં.

આ પણ વાંચો

અરે કંઈ ન ઘટે.... ICC ટૂર્નામેન્ટનો અસલી હીરો છે રોહિત શર્મા, આ આંકડા જોઈને તમે પણ દંગ રહી જશો",https://gujarati.abplive.com/sports/cricket/pakistani-famous-expert-qamar-cheema-on-team-india-won-icc-champions-trophy-2025-and-says-if-final-in-lahore-stadium-932276,12,2025-04-01 18:45:07
,,"ભારતીય ટીમે ICC ચેમ્પિયન્સ ટ્રોફી 2025ની ફાઇનલમાં ન્યૂઝીલેન્ડને 4 વિકેટથી હરાવ્યું હતું. ભારતીય ટીમે આ ટુર્નામેન્ટ ત્રીજી વખત જીતી છે. પ્રથમ વખત ભારતીય ટીમ વર્ષ 2002માં શ્રીલંકા સાથે સંયુક્ત વિજેતા રહ્યું હતું. ત્યારબાદ વર્ષ 2013માં ભારતીય ટીમ એમએસ ધોનીની કેપ્ટનશીપમાં ચેમ્પિયન બની હતી. હવે રોહિત શર્માના નેતૃત્વમાં ભારતીય ટીમે ઇતિહાસ રચ્યો છે.

ફાઇનલ મેચ પછીના વિવાદ પર ICC ની સ્પષ્ટતા

ચેમ્પિયન્સ ટ્રોફીની ફાઇનલ પછી એવોર્ડ સમારંભ દરમિયાન વિવાદ થયો હતો. હકીકતમાં પાકિસ્તાન ક્રિકેટ બોર્ડ (PCB)નો કોઈ અધિકારી સ્ટેજ પર હાજર નહોતો. આ ટુર્નામેન્ટ પાકિસ્તાનના યજમાનીમાં આયોજિત કરવામાં આવી હતી. હવે આંતરરાષ્ટ્રીય ક્રિકેટ પરિષદ (ICC) એ સમગ્ર મામલે સ્પષ્ટતા આપી છે. ICC એ યજમાન પાકિસ્તાનને યોગ્ય જવાબ આપ્યો છે.

ICCના પ્રવક્તાએ જણાવ્યું હતું કે PCBના વડા મોહસીન નકવી ઉપલબ્ધ નહોતા અને તેઓ દુબઈ ગયા ન હતા. મારા મતે ફક્ત બોર્ડના અધિકારીઓને જ પ્રેઝન્ટેશન સમારોહ માટે બોલાવી શકાય છે. આ માટે PCB તરફથી કોઈ અધિકારી ઉપલબ્ધ નહોતા. તેઓ (પીસીબી) યજમાન હતા, તેમને ત્યાં હોવું જોઈતું હતું.

પાકિસ્તાનના ભૂતપૂર્વ ફાસ્ટ બોલર શોએબ અખ્તરે પોતાના X એકાઉન્ટ પર એક વીડિયો પોસ્ટ કર્યો હતો અને કહ્યું હતું કે, 'ભારતીય ટીમે ચેમ્પિયન્સ ટ્રોફી જીતી હતી પરંતુ ફાઇનલ પછી PCBનો કોઈ પ્રતિનિધિ નહોતો.' પાકિસ્તાન યજમાન હતું. મને સમજાયું નહીં કે PCB માંથી કોઈ ત્યાં કેમ નહોતું.

પાકિસ્તાની મીડિયા રિપોર્ટ્સ અનુસાર, પીસીબીના ચેરમેન મોહસીન નકવી દુબઈ જઈ શક્યા નહીં કારણ કે તેમની પાસે ગૃહમંત્રી તરીકે કેટલીક વ્યસ્તતાઓ હતી. ICC પ્રમુખ જય શાહ, BCCI પ્રમુખ રોજર બિન્ની અને સચિવ દેવજીત સૈકિયાએ ખેલાડીઓને મેડલ, ટ્રોફી અને જેકેટ આપ્યા હતા.

સૂત્રોએ દાવો કર્યો હતો કે PCBના મુખ્ય કાર્યકારી અધિકારી સુમૈર અહેમદ દુબઈ ગયા હતા, પરંતુ તેમને એવોર્ડ સમારોહમાં આમંત્રણ આપવામાં આવ્યું ન હતું. જોકે, ICC પ્રવક્તાના નિવેદનથી સ્પષ્ટ થાય છે કે આ દાવો ખોટો હતો. ICC એ સ્પષ્ટ કર્યું કે ફાઇનલ મેચ દરમિયાન PCBનો કોઈ અધિકારી સ્ટેડિયમમાં હાજર નહોતો.

ચેમ્પિન્ય ટ્રોફી બાદ જીતના જશ્નમાં શ્રેયસ અય્યરનો ડાન્સ સ્ટેપ થયો વાયરલ, જુઓ વીડિયો",https://gujarati.abplive.com/sports/cricket/champions-trophy-2025-ends-in-another-fresh-controversy-over-pcbs-absence-at-presentation-932248,12,2025-04-01 18:45:13
,,"ચેમ્પિયન્સ ટ્રોફી 2025નું સમાપન રવિવારે રાત્રે થયું. ભારતે ફાઈનલમાં ન્યૂઝીલેન્ડને ચાર વિકેટથી હરાવ્યું અને ICC ટ્રોફી જીતી. ચેમ્પિયન્સ ટ્રોફીની વાત કરીએ તો ભારત છેલ્લા ત્રણ વખતથી ફાઈનલમાં પહોંચતું હતું અને હવે બે વખત ચેમ્પિયન બન્યું છે. એકંદરે, ભારતે ત્રીજી વખત ચેમ્પિયન્સ ટ્રોફીનો ખિતાબ જીત્યો છે. કોઈપણ ટૂર્નામેન્ટમાં ટીમને ચેમ્પિયન બનાવવા માટે બોલરોનું પ્રદર્શન ખૂબ જ મહત્વપૂર્ણ છે. આ સિરીઝમાં, ચાલો એક નજર કરીએ એવા ચાર બોલરો પર જેમણે ચેમ્પિયન્સ ટ્રોફીની આ આવૃત્તિમાં સૌથી વધુ વિકેટ લીધી.

મિચેલ સેન્ટનર

રનર અપ ટીમના કેપ્ટન મિચેલ સેન્ટનરે પોતાની સ્પિન બોલિંગથી ન્યૂઝીલેન્ડને ફાઇનલમાં પહોંચવામાં મદદ કરી હતી. સેન્ટનરે તમામ પાંચ મેચમાં 10 ઓવર ફેંકી અને નવ વિકેટ લીધી. તેણે સેમિફાઈનલમાં દક્ષિણ આફ્રિકા સામે શાનદાર બોલિંગ કરી અને વચ્ચેની ઓવરોમાં દક્ષિણ આફ્રિકાના સૌથી મોટા બેટ્સમેનોને પેવેલિયનનો રસ્તો બતાવ્યો.

મોહમ્મદ શમી

ચેમ્પિયન ભારતીય ટીમના સૌથી અનુભવી ઝડપી બોલર મોહમ્મદ શમીએ ટૂર્નામેન્ટની પ્રથમ મેચમાં જ બાંગ્લાદેશ સામે પોતાના પંજા ખોલી દીધા હતા. જો કે આ પછી તે પાકિસ્તાન સામેની આગામી મેચમાં ફોર્મમાં જોવા મળ્યો ન હતો. શમીએ ટૂર્નામેન્ટની પાંચ મેચોમાં કુલ 41.2 ઓવર નાંખી અને નવ વિકેટ પોતાના નામે કરી.

વરુણ ચક્રવર્તી

ભારતે લીગ તબક્કાની પ્રથમ બે મેચોમાં વરુણ ચક્રવર્તીને મેદાનમાં ઉતાર્યા ન હતા. જોકે આ ભારતની રણનીતિ હતી. લીગ તબક્કાની છેલ્લી મેચમાં વરુણ ન્યુઝીલેન્ડ સામે મેદાનમાં ઉતર્યો હતો અને આ મેચમાં તેણે પોતાના શાનદાર પ્રદર્શનથી ભારતને જીત અપાવી હતી. આ મેચથી ખબર પડી કે વરુણ ભારતનું ટ્રમ્પ કાર્ડ છે. ઓસ્ટ્રેલિયા સામેની સેમીફાઈનલમાં પણ વરુણનું પ્રદર્શન શાનદાર રહ્યું હતું અને તેણે બે વિકેટ ઝડપી હતી. વરુણને ફાઇનલમાં પણ બે વિકેટ મળી હતી. માત્ર ત્રણ મેચમાં નવ વિકેટ લઈને તેણે ભારતને ચેમ્પિયન બનાવવામાં મહત્વની ભૂમિકા ભજવી હતી.

મેટ હેનરી

ઈજાના કારણે ફાઈનલ મેચ ન રમી શકનાર કિવી ફાસ્ટ બોલર મેટ હેનરીએ ટૂર્નામેન્ટમાં સૌથી વધુ વિકેટ લીધી હતી. હેનરીએ ચાર મેચમાં 31.2 ઓવર નાખી અને 10 વિકેટ લીધી. આ ટુર્નામેન્ટમાં માત્ર ચાર બોલર જ પાંચ વિકેટ લઈ શક્યા જેમાંથી હેનરી એક હતો.

IND vs NZ Final: કોહલી ખિતાબ જીત્યા બાદ મોહમ્મદ શમીની માતાને પગે લાગ્યો, આ રીતે જીત્યું ફેન્સનું દિલ",https://gujarati.abplive.com/sports/cricket/varun-chakravarthy-including-4-bowlers-who-took-most-wickets-in-champions-trophy-2025-932247,12,2025-04-01 18:45:17
,,"ભારતીય ક્રિકેટ ટીમના ડ્રેસિંગ રૂમમાં દરેક મેચ પછી બેસ્ટ ફિલ્ડરનો એવોર્ડ ખાસ રીતે આપવામાં આવે છે. ચેમ્પિયન્સ ટ્રોફીની ફાઇનલમાં ન્યૂઝીલેન્ડને ચાર વિકેટે હરાવીને ચેમ્પિયન બનેલી ટીમ ઇન્ડિયાના ડ્રેસિંગ ફોર્મનો વધુ એક ખાસ વીડિયો સામે આવ્યો છે. ફાઈનલ મેચના બેસ્ટ ફિલ્ડર મેડલ વિજેતાનું નામ સામે આવ્યું છે. ફિલ્ડિંગ કોચ ટી દિલીપે નામ જાહેર કરતા પહેલા ટીમના તમામ ખેલાડીઓના વખાણ કર્યા અને કહ્યું કે દરેક મેચમાં ફિલ્ડિંગનું સ્તર વધી રહ્યું છે. ચાલો જાણીએ કે છેલ્લી મેચમાં સર્વશ્રેષ્ઠ ફિલ્ડરનો એવોર્ડ કોને મળ્યો.

𝗗𝗿𝗲𝘀𝘀𝗶𝗻𝗴 𝗥𝗼𝗼𝗺 𝗕𝗧𝗦 | 𝗙𝗶𝗲𝗹𝗱𝗲𝗿 𝗼𝗳 𝘁𝗵𝗲 𝗠𝗮𝘁𝗰𝗵 | #Final For one final time in the #ChampionsTrophy 🏆The winner of the fielding medal goes to 🥁WATCH 🎥🔽 #TeamIndia | #INDvNZ

જ્યારે ભારતના ફિલ્ડિંગ કોચ દિલીપે આ એવોર્ડ આપવા માટે વાતચીત શરૂ કરી તો તેમણે કહ્યું કે ટીમે સમગ્ર ટૂર્નામેન્ટ દરમિયાન મેદાન પર ખૂબ જ સારું પ્રદર્શન કર્યું હતું. જોકે, ફાઈનલ મેચમાં મેડલ જીતવા માટે માત્ર બે ખેલાડીઓના નામ શોર્ટલિસ્ટ કરવામાં આવ્યા હતા. પહેલું નામ રવિન્દ્ર જાડેજાનું અને બીજું નામ કેપ્ટન રોહિત શર્માનું હતું. દિલીપે વધુ સમય ન લીધો અને ઝડપથી રવિંદ્ર જાડેજાને મેડલ વિજેતા જાહેર કર્યા હતા.

ચેમ્પિયન્સ ટ્રોફી 2025નું ટાઈટલ જીતી લીધું

ભારતે ન્યૂઝીલેન્ડને 4 વિકેટે હરાવીને ચેમ્પિયન્સ ટ્રોફી 2025નું ટાઈટલ જીતી લીધું છે. ઈતિહાસમાં આ ત્રીજી વખત છે જ્યારે ટીમ ઈન્ડિયાએ ચેમ્પિયન્સ ટ્રોફી જીતી છે. દુબઈ ઈન્ટરનેશનલ સ્ટેડિયમમાં ભારતને 252 રનનો ટાર્ગેટ હતો, જે ટીમ ઈન્ડિયાએ 6 બોલ બાકી રહેતા હાંસલ કરી લીધો હતો.

ભારત ત્રીજી વખત વર્લ્ડ ચેમ્પિયન બન્યું છે

ભારતે કુલ ત્રીજી વખત ચેમ્પિયન્સ ટ્રોફીનો ખિતાબ જીત્યો છે. હવે ભારત સૌથી વધુ વખત ચેમ્પિયન્સ ટ્રોફી જીતનાર દેશ પણ બની ગયો છે. તમને જણાવી દઈએ કે ઓસ્ટ્રેલિયા પણ બે વખત ચેમ્પિયન્સ ટ્રોફી જીતી ચુક્યું છે. ભારતે 2002માં શ્રીલંકા સાથે ચેમ્પિયન્સ ટ્રોફી શેર કરી હતી, ત્યારબાદ 2013માં ટીમ ઈન્ડિયાએ ધોનીની કપ્તાનીમાં ટ્રોફી જીતી હતી. હવે 2025માં ભારત ન્યૂઝીલેન્ડને 5 વિકેટથી હરાવીને ત્રીજી વખત ચેમ્પિયન ઓફ ચેમ્પિયન બન્યું છે.

IND vs NZ Final: કોહલી ખિતાબ જીત્યા બાદ મોહમ્મદ શમીની માતાને પગે લાગ્યો, આ રીતે જીત્યું ફેન્સનું દિલ",https://gujarati.abplive.com/sports/cricket/ravindra-jadeja-won-best-fielder-medal-in-team-india-dressing-room-after-champions-trophy-final-932243,12,2025-04-01 18:45:20
,,"champions trophy 2025: ગઈકાલનો દિવસ તમામ ભારતીય ક્રિકેટ પ્રેમીઓ માટે યાદગાર દિવસ બની ગયો છે. ચેમ્પિયન્સ ટ્રોફી 2025ની ફાઈનલ 9 માર્ચે રમાઈ હતી જેમાં ભારતે ન્યૂઝીલેન્ડને હરાવીને ખિતાબ જીતી લીધો હતો. જીત બાદ તમામ ખેલાડીઓના ચહેરા પર એક અલગ જ ખુશી જોવા મળી હતી. તમે પણ મેચ જોઈ હશે અને જીતની ઉજવણી કરી હશે. આ દરમિયાન તમે જોયું જ હશે કે ટીમ સાથે ફોટો ક્લિક કરાવવા આવેલા શ્રેયસ અય્યર ડાન્સ કરી રહ્યો હતો. તેનો આ  ડાન્સ સ્ટેપ વાયરલ થયો છે.  ચાલો તમને જણાવીએ કે વીડિયોમાં શું જોવા મળે છે.

સોશિયલ મીડિયા પર વિડીયો વાયરલ

હાલ જે વીડિયો વાયરલ થઈ રહ્યો છે તેમાં બે ક્લિપ્સ મર્જ થઈ ગઈ હોય તેવું દેખાઈ રહ્યું છે. ચેમ્પિયન બન્યા બાદ દરેક ફોટો ક્લિક કરાવવા માટે એકઠા થયા છે. શ્રેયસ અય્યર ડાન્સ કરતો ત્યાં પહોંચે છે. હવે બીજી ક્લિપમાં, તારક મહેતા કા ઉલ્ટા ચશ્માનું એક પાત્ર છે જે આ જ ડાન્સ કરી રહ્યો છે. એ પાત્ર છે અય્યર. તે પણ આ જ સ્ટેપ્સમાં ડાન્સ કરી રહ્યો છે. હવે બંનેને જોડતો વીડિયો વાયરલ થઈ રહ્યો છે.  ચેમ્પિયન્સ ટ્રોફીની શાનદાર જીત બાદ ટીમ ઈન્ડિયાના અન્ય ખેલાડીઓ પણ મેદાન પર ઉજવણી અને ડાન્સ કરતા જોવા મળ્યા હતા.

Iyer😂 pic.twitter.com/Ov4TI0MKyL

ટૂર્નામેન્ટમાં કોહલીનું પ્રદર્શન

ટૂર્નામેન્ટમાં ભારત માટે સૌથી વધુ રન બનાવવાના મામલે વિરાટ કોહલી બીજા સ્થાને રહ્યો. કોહલીએ 5 મેચમાં 218 રન બનાવ્યા હતા. જોકે તે ફાઇનલમાં કંઇ ખાસ કરી શક્યો નહોતો. ભારત તરફથી સૌથી વધુ રન બનાવવાના મામલે શ્રેયસ અય્યર ટોચ પર રહ્યો. અય્યરે 5 મેચમાં 243 રન બનાવ્યા હતા.

રોહિત શર્માની કેપ્ટનશિપ ઇનિંગ્સ અને શ્રેયસ અય્યર, અક્ષર પટેલ, કેએલ રાહુલ અને કુલદીપ યાદવના સંયુક્ત પ્રયાસોને કારણે ભારતે ન્યૂઝીલેન્ડને હરાવીને ચેમ્પિયન્સ ટ્રોફીનો ખિતાબ જીત્યો.  ભારતે આ ખિતાબ ત્રીજી વખત જીત્યો છે, જ્યારે રોહિત શર્માએ કેપ્ટન તરીકે સતત બીજી ICC ટ્રોફી જીતી છે. રોહિત શર્માને તેમની શાનદાર ઇનિંગ માટે પ્લેયર ઓફ ધ મેચનો એવોર્ડ મળ્યો હતો.

રોહિત શર્માએ ફાઈનલમાં બનાવ્યો આ મોટો રેકોર્ડ, બાબર આઝમને છોડી દિધો પાછળ",https://gujarati.abplive.com/sports/cricket/after-winning-the-champions-trophy-2025-shreyas-iyers-dance-step-went-viral-932239,12,2025-04-01 18:45:27
,,"Champions Trophy 2025 Final IND vs NZ: ટીમ ઈન્ડિયાએ રવિવારે ચેમ્પિયન્સ ટ્રોફી 2025નો ખિતાબ જીત્યો. જીત બાદ ભારતીય ટીમના ખેલાડીઓ પરિવાર સાથે જોવા મળ્યા હતા. આ દરમિયાન વિરાટ કોહલીએ ચાહકોનું દિલ જીતી લીધું હતું. કોહલી ફાસ્ટ બોલર મોહમ્મદ શમીની માતાને મળ્યો હતો. કોહલીનો એક વીડિયો સોશિયલ મીડિયા પર શેર કરવામાં આવ્યો છે. કોહલીએ શમીના પરિવાર સાથે ક્લિક કરેલો ફોટો પણ મેળવ્યો હતો.

ખેલાડીઓના પરિવાર સાથે જોડાયેલા લોકો પણ ભારત અને ન્યુઝીલેન્ડ વચ્ચેની ફાઈનલ મેચ જોવા માટે આવ્યા હતા. ટીમ ઈન્ડિયાના બોલર શમીનો પરિવાર પણ પહોંચ્યો હતો. ભારતની જીત બાદ શમીએ તેની માતાનો વિરાટ સાથે પરિચય કરાવ્યો હતો. આ દરમિયાન કોહલી  મોહમ્મદ શમીના માતાને પગે લાગ્યો હતો.  તેનો વીડિયો સોશિયલ મીડિયા પર ખૂબ વાયરલ થઈ રહ્યો છે. શમીએ ફાઈનલ મેચમાં મહત્વની ભૂમિકા ભજવી હતી. તેણે એક વિકેટ લીધી હતી.

ચેમ્પિયન્સ ટ્રોફીમાં શમીનું ઘાતક પ્રદર્શન -

મોહમ્મદ શમી ચેમ્પિયન્સ ટ્રોફી 2025માં ભારત માટે ખૂબ જ મહત્વપૂર્ણ સાબિત થયો હતો. તેણે ટીમ ઈન્ડિયા માટે 5 મેચમાં 9 વિકેટ લીધી હતી. શમીએ 41 ઓવર નાંખી. આ દરમિયાન 233 રન આપ્યા. ભારત માટે સૌથી વધુ વિકેટ લેવાના મામલે શમી સંયુક્ત પ્રથમ સ્થાને રહ્યો. વરુણ ચક્રવર્તીએ 3 મેચમાં 9 વિકેટ લીધી છે.

Here is the clip https://t.co/MBWpwfp45U pic.twitter.com/zHE3A8KTAR

ટૂર્નામેન્ટમાં કોહલીનું પ્રદર્શન

ટૂર્નામેન્ટમાં ભારત માટે સૌથી વધુ રન બનાવવાના મામલે વિરાટ કોહલી બીજા સ્થાને રહ્યો. કોહલીએ 5 મેચમાં 218 રન બનાવ્યા હતા. જોકે તે ફાઇનલમાં કંઇ ખાસ કરી શક્યો નહોતો. ભારત તરફથી સૌથી વધુ રન બનાવવાના મામલે શ્રેયસ અય્યર ટોચ પર રહ્યો. અય્યરે 5 મેચમાં 243 રન બનાવ્યા હતા.

રોહિત શર્માની કેપ્ટનશિપ ઇનિંગ્સ અને શ્રેયસ અય્યર, અક્ષર પટેલ, કેએલ રાહુલ અને કુલદીપ યાદવના સંયુક્ત પ્રયાસોને કારણે ભારતે ન્યૂઝીલેન્ડને હરાવીને ચેમ્પિયન્સ ટ્રોફીનો ખિતાબ જીત્યો.  ભારતે આ ખિતાબ ત્રીજી વખત જીત્યો છે, જ્યારે રોહિત શર્માએ કેપ્ટન તરીકે સતત બીજી ICC ટ્રોફી જીતી છે. રોહિત શર્માને તેમની શાનદાર ઇનિંગ માટે પ્લેયર ઓફ ધ મેચનો એવોર્ડ મળ્યો હતો.

રોહિત શર્માએ ફાઈનલમાં બનાવ્યો આ મોટો રેકોર્ડ, બાબર આઝમને છોડી દિધો પાછળ",https://gujarati.abplive.com/sports/cricket/kohli-touch-feet-mohammed-shami-mother-team-india-wins-champions-trophy-2025-ind-vs-nz-final-932238,12,2025-04-01 18:45:32
,,"India Wins Champion Trophy: ભારતીય ટીમ ચેમ્પિયન્સ ટ્રૉફી જીત્યા બાદ દુનિયાભરમાં જશ્નનો માહોલ છે, પરંતુ પાકિસ્તાનમાં રોવા-ધોવાનું શરૂ થઇ ગયુ છે. ભારતની જીતને પાકિસ્તાનીઓ શંકાસ્પદ રીતે જોઇ રહ્યાં છે, અને વિચિત્ર નિવેદનો આપી રહ્યાં છે. સમા ટીવી સાથે વાત કરતા પાકિસ્તાનના પૂર્વ ક્રિકેટર શાહિદ આફ્રિદીએ કહ્યું કે જે રીતે ભારત એક જ મેદાન પર રમી રહ્યું હતું. ટૂર્નામેન્ટ દરમિયાન તેને મુસાફરી કરવાની જરૂર નહોતી, તે એક જ મેદાન પર સતત રમીને પિચને સારી રીતે સમજી શકતા હતા, તેથી અલબત્ત તેણે જીતવું જ હતું. જો ટીમ ઈન્ડિયા ન જીતી હોત તો મને આશ્ચર્ય થયું હોત. એન્કર ફરીથી જુનો રાગ આલાપવા લાગ્યો અને પૂછ્યું કે શું ટીમ ઈન્ડિયાએ ચેમ્પિયન્સ ટ્રૉફીનો ખિતાબ ફક્ત એટલા માટે જીત્યુ કારણ કે તેઓ એક જ મેદાન પર રમ્યા હતા.

પીચના હિસાબથી ટીમ ઇન્ડિયાની પ્લેઇંગ-11 કૉમ્બિનેશન સારુ રહ્યું -શાહિદ આફ્રિદીએ ફરી એક જ મેદાન પર રમવાના ફાયદા વિશે વાત કરી. જોકે તેમણે પાછળથી કહ્યું કે તે પહેલાથી જ નક્કી થઈ ગયું છે તો હવે તેના વિશે વાત કેમ કરવી. ચેમ્પિયન્સ ટ્રૉફી જીતવા બદલ ટીમ ઈન્ડિયાને અભિનંદન આપતા આફ્રિદીએ કહ્યું, ""ટીમ ઈન્ડિયા જાણતી હતી કે દુબઈમાં સ્પિનરોને મદદ મળશે, તેથી તેમણે તે મુજબ સારી ટીમ બનાવી.""

શાહિદ આફ્રિદીએ પણ પાકિસ્તાનની મજાક ઉડાવી. તેમણે કહ્યું કે, ""પાકિસ્તાનને ચેમ્પિયન્સ ટ્રૉફીમાં 4 સ્પિનરો રમવાના હતા, પરંતુ તેઓએ તેમને ત્યાં રમાડ્યા નહીં અને હવે તેઓ ન્યૂઝીલેન્ડ સામેની સીરીઝમાં 4 સ્પિનરો લઈ રહ્યા છે જ્યાં તેની જરૂર નથી."" આફ્રિદી આ કહેતી વખતે પોતાનું હાસ્ય પણ રોકી શક્યો નહીં.

આ પણ વાંચો

ચેમ્પિયન્સ ટ્રોફી જીતવા બદલ ભારતને મળ્યા 20 કરોડ રૂપિયા, કોણ આપશે આ રકમ, ICC કે પાકિસ્તાન?",https://gujarati.abplive.com/sports/cricket/pakistani-shahid-afridi-says-i-would-have-been-surprised-if-the-rohit-sharma-led-indian-cricket-team-had-not-won-the-champions-trophy-final-2025-932223,12,2025-04-01 18:45:34
,,,https://gujarati.abplive.com/photo-gallery/sports/cricket-champions-trophy-2025-most-runs-for-india-virat-kohli-shreyas-iyer-932212,12,2025-04-01 18:45:38
,,"WPL 2025 Playoff Teams List: શનિવારે રમાયેલી મહિલા પ્રીમિયર લીગ મેચમાં UP વોરિયર્સે RCB ને 12 રનથી હરાવ્યું હતું. આ હારથી રોયલ ચેલેન્જર્સ બેંગલુરુ પ્લેઓફની રેસમાંથી બહાર થઈ ગયું છે. આ મેચમાં યુપીએ પ્રથમ બેટિંગ કરતા 225 રનનો રેકોર્ડ સ્કોર બનાવ્યો હતો, જે WPL ઇતિહાસમાં સૌથી મોટો સ્કોર પણ છે. જવાબમાં બેંગલુરુની આખી ટીમ 213 રનમાં ઓલઆઉટ થઈ ગઈ. યુપી અને આરસીબી WPL 2025માંથી બહાર થઈ ગયા હોવાથી પ્લેઓફમાં જતી બધી ટીમોના નામ પણ જાહેર કરવામાં આવ્યા છે.

Roaring at the 🔝 🦁Delhi Capitals are on top of the Points Table with two more matches to go in the League stage 😎 Which team will enter the Finals directly? 😏#TATAWPL | @DelhiCapitals pic.twitter.com/365IApVOOb

WPL 2025ના પ્લેઓફમાં પહોંચેલી ટીમો

મહિલા પ્રીમિયર લીગના ફોર્મેટ મુજબ, પોઈન્ટ ટેબલમાં પ્રથમ, બીજા અને ત્રીજા ક્રમે રહેલી ટીમો નોકઆઉટ તબક્કામાં પ્રવેશ કરે છે. ટેબલમાં ટોચ પર રહેનારી ટીમને ફાઇનલમાં સીધો પ્રવેશ મળે છે, જે હજુ સુધી નક્કી થયું નથી. દિલ્હી કેપિટલ્સ, મુંબઈ ઇન્ડિયન્સ અને ગુજરાત જાયન્ટ્સ એ ત્રણ ટીમો છે જે પ્લેઓફમાં પહોંચી છે.

દિલ્હીની બધી મેચ પૂરી થઈ ગઈ છે પરંતુ મુંબઈ ઈન્ડિયન્સની 2 મેચ બાકી છે. ગુજરાત જાયન્ટ્સની પણ એક મેચ બાકી છે. દિલ્હી હાલમાં 10 પોઈન્ટ સાથે ટોચ પર છે પરંતુ મુંબઈ અને ગુજરાત બંને પાસે સીધા ફાઇનલમાં પ્રવેશવાની તક છે. જો મુંબઈ તેની બાકીની બંને મેચ જીતી જાય છે તો તેને ફાઇનલમાં સીધો પ્રવેશ મળશે. બીજા અને ત્રીજા ક્રમે રહેલી ટીમો માટે એલિમિનેટર મેચોનું આયોજન કરવામાં આવે છે. એલિમિનેટર મેચ જીતનાર ટીમ ફાઇનલમાં ટેબલ ટોપર સામે ટકરાશે.

WPL પોઈન્ટ ટેબલની વર્તમાન સ્થિતિ

લીગ સ્ટેજમાં હજુ 2 મેચ બાકી છે, જે WPL પોઈન્ટ ટેબલ પર અસર કરી શકે છે. જો આપણે વર્તમાન પરિસ્થિતિ પર નજર કરીએ તો, દિલ્હી કેપિટલ્સ 10 પોઈન્ટ સાથે ટોચ પર છે, લીગ તબક્કામાં તેની બધી મેચ રમાઈ ચૂકી છે. ગુજરાત જાયન્ટ્સની એક મેચ બાકી છે અને તે હાલમાં 8 પોઈન્ટ સાથે બીજા સ્થાને છે. મુંબઈ ઈન્ડિયન્સની 2 મેચ બાકી છે અને તેમના પણ ફક્ત 8 પોઈન્ટ છે, પરંતુ નેટ રન-રેટના સંદર્ભમાં તેઓ ગુજરાતથી પાછળ છે.

IND vs NZ: ચેમ્પિયન ટ્રોફીની ફાઇનલે રચ્યો ઈતિહાસ, ઓનલાઇન વ્યુઅરશિપ 90 કરોડ પહોચી, તોડ્યા તમામ રેકોર્ડ",https://gujarati.abplive.com/sports/ipl/wpl-2025-qualification-scenarios-who-will-make-the-playoffs-in-the-womens-premier-league-932210,13,2025-04-01 18:45:47
,,"ICC ચેમ્પિયન્સ ટ્રોફી 2025ની ફાઈનલમાં જીત બાદ ટીમ ઈન્ડિયાના ખેલાડીઓ જીતની ઉજવણીમાં ડૂબી ગયા હતા. ટીમ ઈન્ડિયાએ 12 વર્ષ બાદ આઈસીસીનો આ ખિતાબ જીત્યો છે. ફાઈનલ મેચમાં ટીમ ઈન્ડિયાનો મુકાબલો દુબઈ ઈન્ટરનેશનલ ક્રિકેટ સ્ટેડિયમમાં ન્યુઝીલેન્ડ સામે થયો હતો. ટીમ ઈન્ડિયાએ આ મેચ 4 વિકેટે જીતી લીધી હતી. મેચ બાદ ટીમ ઈન્ડિયાનો વિકેટ કીપર બેટ્સમેન ઋષભ પંત પણ મસ્તીમાં મગ્ન દેખાયો.

સોશિયલ મીડિયા પર વાયરલ થઈ રહેલા એક વીડિયોમાં પંત મેચ બાદ એક બાળક સાથે રમતા જોવા મળે છે. આ વીડિયોમાં પંત એક સુંદર છોકરીની પાછળ દોડી રહ્યો છે. વાસ્તવમાં આ નાની છોકરી બીજું કોઈ નહીં પણ રવિન્દ્ર જાડેજાની દીકરી છે. મેચ બાદ પંત અને જાડેજાની પુત્રીએ સ્ટેડિયમમાં ખૂબ જ મસ્તી કરી હતી, જેને ચાહકો ખૂબ જ પસંદ કરી રહ્યા છે.

રવિન્દ્ર જાડેજાએ ચોગ્ગો મારીને ભારતીય ટીમને જીત અપાવી, આ દરમિયાન તે જુસ્સામાં દોડ્યો અને ન્યૂઝીલેન્ડના ફાસ્ટ બોલર વિલિયમ ઓ'રોર્ક સાથે ટકરાયો હતો પરંતુ  જાડેજાએ શાંત મગજ રાખી ઉજવણી ચાલુ રાખી હતી.

JADEJA FINISHES OFF IN STYLE! 🇮🇳TEAM INDIA WIN THE CHAMPIONS TROPHY 2025 🏆#ChampionsTrophyOnJioStar #INDvNZ #ChampionsTrophy pic.twitter.com/ismVCQQndD

એક સમયે ટીન ઇન્ડિયા જીતથી દૂર લાગી રહી હતી પરંતુ કેએલ રાહુલે પરિસ્થિતિને અનુકૂળ રહીને બેટિંગ કરીને ટીમને જીત અપાવી હતી. જીત સાથે વરૂણ ચક્રવર્તી,વાશિગ્ટન સુંદર મેદાનમાં દોડાયા હતા અને જીતનનું જશ્ન મનાવ્યું હતું. સિનિયર ખેલાડી ગૌતમ ગંભીરે ચેન્જ રૂમની બહાર ખેલાડીઓ સાથે જીતની ઉજવણી કરી હતી.

TEAM INDIA ARE CHAMPIONS AGAIN! 🏆🇮🇳#ChampionsTrophyOnJioStar #INDvNZ #ChampionsTrophy2025 pic.twitter.com/Uh6EZWFfSL

જીતની આ ક્ષણે આતિશબાજીથી આકાશ રંગીન થઇ ગયું હતું. તો સ્ટેડિયમમાં પણ તિરંગો લહેરાઇ રહ્યો હતો. ચક દે ઇન્ડિયા ધૂન પર લોકો નાચી ઝૂમી ઉઠ્યાં હતા.

દુબઈ ઈન્ટરનેશનલ સ્ટેડિયમમાં 2025ની ચેમ્પિયન્સ ટ્રોફીની ફાઇનલમાં અજેય ભારત એક ઓવર ટુ બાકી રહેતા જીત્યું હતું. તે 252 રનનો અઘરો ટાર્ગેટ ન હતો, પરંતુ સ્લીક સપાટીનો અર્થ એ હતો કે તેમાં પૂરતા ઉતાર-ચઢાવ હતા.

લક્ષ્યનો પીછો કરતી વખતે શરૂઆતમાં થોડો નાટકિય માહોલ રહ્યો,,કારણ કે બે મોટા ઓવર બાદ રોહિત શર્માએ 76 રન બનાવ્યા સ્ટેમ્પ આઉટ થયો હતો. સલામી બેટ્સમેનની ધમાકેદાર શરૂઆત બાદ દર્શકોએ અવાજ બુલંદ કરી હતી. પરંતુ રોહિત આઉટ થયા બાદ સન્નાટો છવાઇ ગયો હતો.

ભારત 105/0ના આરામદાયક સ્કોરથી 122/3 પર સમેટાઇ ગઇ અને જલ્દી જલ્દી વિકેટ પડવાથી ન્યુઝીલેન્ડની ટીમ ફરી ફોર્મમાં જોવા  મળી .

252 રનના લક્ષ્યનો પીછો કરતા ભારતે ધમાકેદાર શરૂઆત કરી હતી અને રોહિતે ધૈર્ય સાથે રન બનાવવા પર ધ્યાન કેન્દ્રિત કર્યું તેમને શાનદાર શોર્ટ લગાવ્યા. રોહિતે બેસ્ચ પિકઅપ,. કવર ડ્રાઇવ, અને અર્ધશતક દરમિયાન શાનદાર સ્ટ્રોક લગાવ્યા આ સમયે તેમણે લક્ષ્યનો પીછો કરવાની એક ખાસ લય નક્કી કરી અને તેને ફોલો કરી.  તો તેમની સામે શુભમન ગિલ વેઇટિંગ ગેમ રમવામાં ખુશ હતા કારણે કે રોહિતે ઝડપથી અર્ધશતક કરીને ઝડપથી રન બનાવ્યાં.

રવિવારનું ફાઇનલ એક એવો દુર્લભ અવસર હતો કે તેમણે ગિયર બદલ્યુ અને બેટિંગ કરવાનું શરૂ કર્યું . સ્પિનની સામે રન બનાવાવા મુશ્કેલ હતા. મિશેલ સેટનર માઇકલ બ્રેસવેલ અને રચિન જેવા ખેલાડીઓએ ભારતીય ઇનિંગને ઘીમી પાડી દીધી, જો કે જીતની તરફ વધવા કરાયેલી મક્કમ બેટિંગે ફરી જીતની આશા જગાડી

𝗖. 𝗛. 𝗔. 𝗠. 𝗣. 𝗜. 𝗢. 𝗡. 𝗦! 🇮🇳🏆 🏆 🏆The Rohit Sharma-led #TeamIndia are ICC #ChampionsTrophy 2025 𝙒𝙄𝙉𝙉𝙀𝙍𝙎 👏 👏Take A Bow! 🙌 🙌#INDvNZ | #Final | @ImRo45 pic.twitter.com/ey2llSOYdG

One TeamOne DreamOne Emotion!🇮🇳🇮🇳🇮🇳#TeamIndia pic.twitter.com/MbqZi9VGoG

જ્યારે શ્રેયસ અય્યરે અક્ષર પટેલ  સાથે મળીને 61 રનની ભાગેદારી કરી તો બંનેએ રન બનાવવાની ગતિ પણ  વધારી. અય્યરે ફાઇનલ મેચમાં સ્પિનરો સામે સારી બેટિંગ કરી એટલું જ નહી આખી ટૂર્નામેન્ટ દરમિયાન પણ તે નંબર 4 પર ભારતનો મજબૂત બેટસમેન રહ્યો. તમામને લાગતુ હતું કે અય્યર મેચ ફિનિશ કરશે પરંતુ તે પહેલા રચિન રવિન્દ્રના શાનદાર કેચે તેને પેવેલિયન ભેગો કરી દીધો હતો.

When a picture speaks for itself 🇮🇳🇮🇳#TeamIndia CHAMPIONS! pic.twitter.com/cWY0CctTzu",https://gujarati.abplive.com/sports/india-became-the-champion-of-champions-for-the-third-time-this-moment-of-victory-became-memorable-in-the-history-of-cricket-932208,13,2025-04-01 18:45:51
,,"ચેમ્પિયન્સ ટ્રોફીની ફાઇનલ મેચમાં ભારતે ન્યૂઝીલેન્ડને ચાર વિકેટથી હરાવીને ટાઇટલ જીત્યું હતું. દુબઈમાં આયોજિત આ મેચ જોવા માટે મોટી સંખ્યામાં લોકો સ્ટેડિયમ પહોંચ્યા હતા. સ્ટેડિયમ કરતા અનેક ગણા વધુ લોકો આ મેચ ઓનલાઈન સ્ટ્રીમ કરી રહ્યા હતા અને અહીં ઇતિહાસ રચાયો હતો. એક સમયે ફાઇનલ મેચ સ્ટ્રીમ કરનારા લોકોની સંખ્યા 90 કરોડ સુધી પહોંચી ગઈ હતી. આ પોતાનામાં એક નવો રેકોર્ડ છે.

દર્શકોની સંખ્યા 90 કરોડ સુધી પહોંચી

ન્યૂઝીલેન્ડે ટોસ જીતીને પ્રથમ બેટિંગ કરી અને 251 રન કર્યા હતા. ભારતીય ટીમે આ મેચ 6 વિકેટ ગુમાવીને જીતી લીધી હતી. આ મેચ JioHotstar પર લાઈવ સ્ટ્રીમ થઈ રહી હતી અને અહીં દર્શકોની સંખ્યાના બધા રેકોર્ડ તૂટી ગયા હતા. JioHotstar ના ડેટા અનુસાર, એક સમયે વિશ્વભરમાં 90 કરોડ લોકો આ મેચ જોઈ રહ્યા હતા. દર્શકોની સંખ્યાની દ્રષ્ટિએ આ એક નવો રેકોર્ડ છે. તેણે 2017માં ભારત અને પાકિસ્તાન વચ્ચેની ચેમ્પિયન્સ ટ્રોફીની ફાઇનલ મેચના દર્શકોનો રેકોર્ડ (36.6 કરોડ) પણ તોડી નાખ્યો છે.

આ ટુર્નામેન્ટમાં ઘણા રેકોર્ડ બન્યા

આ વખતે ચેમ્પિયન્સ ટ્રોફી દરમિયાન ક્રિકેટના ઘણા નવા રેકોર્ડ જ બન્યા નહીં, પરંતુ દર્શકોની દ્રષ્ટિએ પણ ઘણા રેકોર્ડ જોવા મળ્યા હતા. ૨૩ ફેબ્રુઆરીએ રમાયેલી ભારત અને પાકિસ્તાન વચ્ચેની મેચને 60.2 કરોડ દર્શકો મળ્યા હતા. તેવી જ રીતે ભારત અને ઓસ્ટ્રેલિયા વચ્ચેની સેમિફાઇનલ પણ 66 કરોડ લોકોએ સ્ટ્રીમ કરી હતી.

ઓછી કિંમતે સ્ટ્રીમ કરવાની તક મળી રહી છે

JioHotstar પર ક્રિકેટ સહિત ઘણી રમતોનું લાઇવ સ્ટ્રીમિંગ થાય છે. કંપની સસ્તા પ્લાન દ્વારા લોકોને તેનો આનંદ માણવાની તક આપી રહી છે. JioHotstar નો સૌથી સસ્તો પ્લાન 149 રૂપિયાનો છે. આ જાહેરાત-સપોર્ટેડ પ્લાન 3 મહિના સુધી ચાલે છે. એક વર્ષનો જાહેરાત-સપોર્ટેડ પ્લાન 449 રૂપિયામાં મેળવી શકાય છે. 1499 રૂપિયામાં એક વર્ષનો પ્રીમિયમ પ્લાન મેળવી શકાય છે.

ભારતની જીત પર વિરાટ કોહલીની પ્રથમ પ્રતિક્રિયા, કહ્યું- આગામી 8 વર્ષ સુધી ટીમ ઈન્ડિયાની સામે....""",https://gujarati.abplive.com/sports/cricket/ind-vs-nz-champions-trophy-2025-jio-hotstar-live-streaming-viewership-surges-over-90-1-crore-932205,13,2025-04-01 18:45:55
,,"Shoaib Akhtar reaction India Champions Trophy: ભારતે ચેમ્પિયન્સ ટ્રોફી 2025 જીતીને ક્રિકેટ જગતમાં ડંકો વગાડી દીધો છે, અને આ જીત પર પાકિસ્તાન તરફથી પણ પ્રતિક્રિયાઓ આવવાની શરૂ થઈ ગઈ છે. પાકિસ્તાનના પૂર્વ ફાસ્ટ બોલર શોએબ અખ્તરે ચેમ્પિયન્સ ટ્રોફી જીતવા બદલ ટીમ ઈન્ડિયાને અભિનંદન પાઠવ્યા છે.

ચેમ્પિયન્સ ટ્રોફી 2025ની ફાઇનલમાં ભારતીય સ્પિનરોએ શાનદાર બોલિંગનું પ્રદર્શન કર્યું, જેના કારણે ન્યૂઝીલેન્ડની ટીમ મોટો સ્કોર નોંધાવી શકી નહીં. ભારતે ફાઈનલમાં ન્યૂઝીલેન્ડને 4 વિકેટે હરાવીને 15 વર્ષ બાદ ફરીથી ચેમ્પિયન્સ ટ્રોફીનો ખિતાબ જીત્યો છે અને ઇતિહાસ રચ્યો છે. આ જીત સાથે, ભારતીય ટીમ હવે સૌથી વધુ વખત ચેમ્પિયન્સ ટ્રોફી જીતનારી ટીમ બની ગઈ છે.

શોએબ અખ્તરે પોતાના વીડિયો સંદેશમાં ભારતીય ટીમને અભિનંદન આપતા કહ્યું કે, ""ભારત છેલ્લા 10 વર્ષમાં ICC ટૂર્નામેન્ટમાં સર્વશ્રેષ્ઠ ટીમ બની છે. ટીમ ઈન્ડિયાએ ગયા વર્ષે પણ ટ્રોફી જીતી હતી. ભારતે ચેમ્પિયન્સ ટ્રોફીમાં અદ્ભુત પ્રદર્શન કર્યું છે. વરુણ ચક્રવર્તીના આગમનથી માંડીને વિરાટ કોહલીના પુનરાગમન સુધી અને રોહિત શર્માએ ફાઇનલમાં જે રીતે બેટિંગ કરી છે તે પ્રશંસનીય છે. ભારતને આ ટ્રોફી જીતવા બદલ ખૂબ ખૂબ અભિનંદન.""

The best team of the tournament has won the Champions Trophy. That too without dropping a single match!! #India #championstrophy2025 pic.twitter.com/KUytSNyQi7

અખ્તરે ફાઇનલમાં ભારતીય બોલિંગની પણ પ્રશંસા કરી હતી. તેમણે કહ્યું કે ચેમ્પિયન્સ ટ્રોફીની ફાઈનલ મેચમાં ભારતના સ્પિનરોએ ન્યૂઝીલેન્ડના બેટ્સમેનોને બાંધી રાખ્યા હતા અને તેમને મોટો સ્કોર કરવા દીધો ન હતો. જોકે શરૂઆતમાં ન્યૂઝીલેન્ડ મજબૂત સ્થિતિમાં દેખાતું હતું, પરંતુ ભારતીય બોલરોએ વાપસી કરીને મેચ પર પોતાનો દબદબો જમાવ્યો હતો.

ભારતે ચેમ્પિયન્સ ટ્રોફી 2025 જીતીને વધુ એક ICC ટ્રોફી પોતાના નામે કરી છે. આ સાથે ભારતની ICC ટ્રોફીની સંખ્યા 7 થઈ ગઈ છે, જેમાં ત્રણ ચેમ્પિયન્સ ટ્રોફીનો સમાવેશ થાય છે. ભારત વિશ્વ ક્રિકેટની ટોચની ટીમોમાંનું એક છે, જેણે 2003 ODI વર્લ્ડ કપ, 2017 ચેમ્પિયન્સ ટ્રોફી, 2023 ODI વર્લ્ડ કપ અને વર્લ્ડ ટેસ્ટ ચેમ્પિયનશિપ (WTC) 2019-21 અને 2021-23 સાયકલમાં બે વખત ફાઇનલમાં સ્થાન મેળવ્યું છે.

આ પણ વાંચો...

રોહિત શર્માએ પ્રથમ વખત આવી અડધી સદી ફટકારી, ચેમ્પિયન્સ ટ્રોફીની ફાઇનલમાં રચ્યો ઈતિહાસ",https://gujarati.abplive.com/sports/cricket/shoaib-akhtar-reacts-after-india-defeats-nz-in-champions-trophy-final-932200,13,2025-04-01 18:45:59
,,"champion trophy 2025: ભારતે દુબઈ ઈન્ટરનેશનલ સ્ટેડિયમમાં ચેમ્પિયન્સ ટ્રોફી 2025 જીતી હતી. ભારતની જીત પર વિરાટ કોહલીએ ટીમ ઈન્ડિયાના યુવા ખેલાડીઓના વખાણ કર્યા હતા. તેણે એ પણ જણાવ્યું કે ભારતીય ટીમને આ જીતની કેટલી જરૂર હતી. વિરાટે કહ્યું, ""અમે ઓસ્ટ્રેલિયાના કઠિન પ્રવાસ બાદ બાઉન્સ બેક કરવા અને મોટી ટુર્નામેન્ટ જીતવા માંગતા હતા, તેથી ચેમ્પિયન્સ ટ્રોફી જીતવી શાનદાર છે.""

વિરાટ કોહલીએ કહ્યું, ""ડ્રેસિંગ રૂમમાં ઘણી પ્રતિભાઓ છે, તેઓ તેમની રમતને આગળ વધારવાનો પ્રયાસ કરી રહ્યા છે અને અમે તેમને મદદ કરવા માટે ખુશ છીએ. અમે અમારા યુવા ખેલાડીઓ સાથે અમારો અનુભવ શેર કરીએ છીએ અને તે જ આ ભારતીય ટીમને ખૂબ મજબૂત બનાવે છે. આ તે વસ્તુઓ છે જે તમે (ખિતાબ માટે) રમવા માંગો છો, દબાવમાં રમવું અને પોતાના હાથ ઉપર રાખવા માંગે છે. દરેક વ્યક્તિએ પ્રભાવશાળી પ્રદર્શન કર્યું છે, અમે એક શાનદાર ટીમનો ભાગ છીએ. મને લાગે છે કે અમારી પાસે એક એવી ટીમ છે જે આગામી 8 વર્ષ સુધી દુનિયા સામે મુકાબલો કરવા માટે તૈયાર છે.""

ભારતીય સ્ટાર બેટ્સમેન વિરાટ કોહલીએ ટીમની બેટિંગ અને બોલિંગની પ્રશંસા કરી હતી. તેણે કહ્યું, ""શુભમન ગીલે શાનદાર પ્રદર્શન કર્યું છે. શ્રેયસ અય્યરે કેટલીક શાનદાર ઇનિંગ્સ રમી છે. કેએલ રાહુલે મેચ ફિનિશકરી છે અને હાર્દિક પંડ્યાએ બેટથી શાનદાર પ્રદર્શન કર્યું છે."" વિરાટ કોહલીએ ન્યૂઝીલેન્ડ ટીમની ફિલ્ડિંગની ખૂબ પ્રશંસા કરી.

ભારતે ચેમ્પિયન્સ ટ્રોફી ટાઈટલ જીત્યું

ભારતે ન્યૂઝીલેન્ડને 4 વિકેટે હરાવીને ચેમ્પિયન્સ ટ્રોફી 2025નું ટાઈટલ જીતી લીધું છે. ઈતિહાસમાં આ ત્રીજી વખત છે જ્યારે ટીમ ઈન્ડિયાએ ચેમ્પિયન્સ ટ્રોફી જીતી છે. દુબઈ ઈન્ટરનેશનલ સ્ટેડિયમમાં ભારતને 252 રનનો ટાર્ગેટ હતો, જે ટીમ ઈન્ડિયાએ 6 બોલ બાકી રહેતા હાંસલ કરી લીધો હતો.

ચેમ્પિયન્સ ટ્રોફી 2025 પ્રાઈઝ મની

ચેમ્પિયન્સ ટ્રોફીના વિજેતા બનવા માટે ભારતને 2.24 મિલિયન યુએસ ડોલર એટલે કે ભારતીય ચલણમાં 19.45 કરોડ રૂપિયાની ઈનામી રકમ મળી. ન્યૂઝીલેન્ડને ટુર્નામેન્ટમાં રનર અપ રહેવા માટે 9.72 કરોડ રૂપિયા મળ્યા હતા. ચેમ્પિયન્સ ટ્રોફીમાં માત્ર વિજેતા અને ઉપવિજેતા ટીમો જ નહીં પરંતુ અન્ય ટીમોની પણ બલ્લે બલ્લે થઈ છે. સેમિફાઇનલમાં હારેલી ટીમો, એટલે કે ઓસ્ટ્રેલિયા અને દક્ષિણ આફ્રિકા, પ્રત્યેકને 4.86 કરોડ રૂપિયા ઈનામી તરીકે મળ્યા હતા.",https://gujarati.abplive.com/sports/cricket/india-wins-champion-trophy-2025-ind-vs-nz-virat-kohli-first-reaction-ready-to-take-on-world-for-next-8-years-932197,13,2025-04-01 18:46:05
,,"India Champions Trophy 2025 heroes: રોહિત શર્માની કેપ્ટનશિપ ઇનિંગ્સ અને શ્રેયસ અય્યર, અક્ષર પટેલ, કેએલ રાહુલ અને કુલદીપ યાદવના સંયુક્ત પ્રયાસોને કારણે ભારતે ન્યૂઝીલેન્ડને હરાવીને ચેમ્પિયન્સ ટ્રોફીનો ખિતાબ જીત્યો.  ભારતે આ ખિતાબ ત્રીજી વખત જીત્યો છે, જ્યારે રોહિત શર્માએ કેપ્ટન તરીકે સતત બીજી ICC ટ્રોફી જીતી છે. રોહિત શર્માને તેમની શાનદાર ઇનિંગ માટે પ્લેયર ઓફ ધ મેચનો એવોર્ડ મળ્યો હતો.

ભારતીય ટીમ ચેમ્પિયન્સ ટ્રોફીની શાન વગરનો રાજા બની ગયો છે. ટીમ ઈન્ડિયાએ ચેમ્પિયન્સ ટ્રોફીના ઇતિહાસમાં રેકોર્ડ ત્રીજી વખત ખિતાબ જીત્યો છે અને આ સમગ્ર ટૂર્નામેન્ટમાં અજેય રહી છે. દુબઈમાં રમાયેલી ફાઇનલમાં ભારતે ન્યુઝીલેન્ડને 4 વિકેટે પરાજય આપ્યો હતો.  252 રનના લક્ષ્યનો પીછો કરતા, રોહિત શર્માએ 76 રનની કેપ્ટનશિપ ઇનિંગ રમીને મજબૂત જીતનો પાયો નાખ્યો હતો.

ફાઈનલ મેચમાં ઘણા ઉતાર-ચઢાવ આવ્યા, પરંતુ ભારતીય ખેલાડીઓએ દબાણ હેઠળ પણ પોતાની શાંતિ જાળવી રાખી.  કેપ્ટન રોહિત શર્માએ આગળ વધીને ટીમનું નેતૃત્વ કર્યું અને રવિન્દ્ર જાડેજાએ વિનિંગ રન બનાવીને મેચ પુરી કરી.  ભારતને ચેમ્પિયન બનાવવા માટે સમગ્ર ટીમે યોગદાન આપ્યું, પરંતુ પાંચ ખેલાડીઓ એવા હતા જેમણે મુશ્કેલ પરિસ્થિતિમાં આગળ વધીને ટીમને વિજય અપાવ્યો. આ ખેલાડીઓને 'પાંચ પાંડવો' તરીકે ઓળખવામાં આવે છે:

ભારતીય કેપ્ટન રોહિત શર્માએ ટોસ હાર્યા બાદ પણ ટીમ માટે સર્વશ્રેષ્ઠ પ્રદર્શન કર્યું હતું.  ફાઇનલમાં પાંચ સ્પિનરો સાથે ઉતરેલા રોહિતે અદ્ભુત બોલિંગ સંભાળી અને રન ગતિને નિયંત્રિત કરી.  ત્યારબાદ, લક્ષ્યનો પીછો કરતી વખતે, તેણે 83 બોલમાં 76 રનની શાનદાર ઇનિંગ રમીને જીતનો મજબૂત પાયો નાખ્યો.  શુભમન ગિલ સાથે મળીને પ્રથમ વિકેટ માટે 105 રનની ભાગીદારી કરી હતી.

રોહિત શર્મા, શુભમન ગિલ અને વિરાટ કોહલીના આઉટ થયા બાદ, જ્યારે ટીમ પર દબાણ હતું ત્યારે શ્રેયસ અય્યરે બેટિંગની જવાબદારી સંભાળી હતી.  વચ્ચેની ઓવરોમાં અક્ષર પટેલ સાથે મળીને 61 રનની મહત્વપૂર્ણ ભાગીદારી કરી અને ટીમને સંકટમાંથી બહાર કાઢી.  શ્રેયસ અય્યર અડધી સદી ચૂકી ગયો, પરંતુ તેણે 48 રનની મેચ વિનિંગ ઇનિંગ રમી જે નિર્ણાયક સાબિત થઈ.

કેએલ રાહુલે સેમીફાઈનલમાં ઓસ્ટ્રેલિયા સામે વિનિંગ શોટ ફટકારીને ટીમને ફાઇનલમાં પહોંચાડી હતી અને ફાઇનલમાં પણ એ જ ફોર્મ જાળવી રાખ્યું.  તેણે ફાઇનલમાં 34 રનની અણનમ ઇનિંગ રમી અને અંત સુધી ક્રિઝ પર ટકી રહીને ભારતની જીત સુનિશ્ચિત કરી.  કેએલ રાહુલે વિકેટકીપિંગમાં પણ બોલરોને મદદ કરી હતી.

ટોસ હાર્યા બાદ ભારતને પ્રથમ બોલિંગ કરવાનું મળ્યું હતું. પ્રથમ પાવરપ્લેમાં 57 રન બન્યા બાદ ન્યૂઝીલેન્ડ ઝડપથી આગળ વધી રહ્યું હતું.  ત્યારે વરુણ ચક્રવર્તીએ વિલ યાંગને આઉટ કરીને ભારતને પહેલી સફળતા અપાવી અને ન્યૂઝીલેન્ડની રનગતિ પર બ્રેક લગાવી.  તેણે ગ્લેન ફિલિપ્સને પણ આઉટ કરીને કીવી ટીમને બેકફૂટ પર ધકેલી દીધી.

કુલદીપ યાદવે સેટ બેટ્સમેન રચિન રવિન્દ્રને પોતાની સ્પિનમાં ફસાવીને પેવેલિયન મોકલ્યો. આ પછી, ન્યૂઝીલેન્ડના અનુભવી કેપ્ટન કેન વિલિયમસનને કેચ આઉટ કરીને ટીમને મોટો ઝટકો આપ્યો હતો.  કુલદીપ યાદવે મેચમાં માત્ર બે મહત્વની વિકેટો જ ના લીધી, પરંતુ રન રેટ પર પણ ચુસ્ત નિયંત્રણ રાખ્યું, જે ટીમને ફાયદાકારક રહ્યું.",https://gujarati.abplive.com/sports/cricket/top-5-players-who-helped-india-win-champions-trophy-2025-932196,13,2025-04-01 18:46:09
,,"Champions Trophy 2025 Prize Money: ભારતે ન્યૂઝીલેન્ડને 4 વિકેટે હરાવીને ચેમ્પિયન્સ ટ્રોફી 2025નું ટાઈટલ જીતી લીધું છે. ઈતિહાસમાં આ ત્રીજી વખત છે જ્યારે ટીમ ઈન્ડિયાએ ચેમ્પિયન્સ ટ્રોફી જીતી છે. દુબઈ ઈન્ટરનેશનલ સ્ટેડિયમમાં ભારતને 252 રનનો ટાર્ગેટ હતો, જે ટીમ ઈન્ડિયાએ 6 બોલ બાકી રહેતા હાંસલ કરી લીધો હતો. અહીં જાણો ભારતને ચેમ્પિયન બનવા માટે કેટલી ઈનામી રકમ મળશે અને ન્યુઝીલેન્ડને રનર અપ બનવા પર કેટલી ઈનામી રકમ આપવામાં આવશે.

ચેમ્પિયન્સ ટ્રોફી 2025 પ્રાઈઝ મની

ચેમ્પિયન્સ ટ્રોફીના વિજેતા બનવા માટે ભારતને 2.24 મિલિયન યુએસ ડોલર એટલે કે ભારતીય ચલણમાં 19.45 કરોડ રૂપિયાની ઈનામી રકમ મળી. ન્યૂઝીલેન્ડને ટુર્નામેન્ટમાં રનર અપ રહેવા માટે 9.72 કરોડ રૂપિયા મળ્યા હતા. ચેમ્પિયન્સ ટ્રોફીમાં માત્ર વિજેતા અને ઉપવિજેતા ટીમો જ નહીં પરંતુ અન્ય ટીમોની પણ બલ્લે બલ્લે થઈ છે. સેમિફાઇનલમાં હારેલી ટીમો, એટલે કે ઓસ્ટ્રેલિયા અને દક્ષિણ આફ્રિકા, પ્રત્યેકને 4.86 કરોડ રૂપિયા ઈનામી તરીકે મળ્યા હતા.

વિજેતા – રૂ. 19.45 કરોડરનર અપ – રૂ. 9.72 કરોડસેમિફાઇનલ (હારનાર ટીમો) – દરેક રૂ. 4.86 કરોડ

જે ટીમો નોકઆઉટમાં ન ગઈ તેમને પણ ઈનામો મળ્યા

પાકિસ્તાન, બાંગ્લાદેશ, અફઘાનિસ્તાન અને ઈંગ્લેન્ડ, આ ચાર ટીમો નોકઆઉટ તબક્કામાં પ્રવેશ કરી શકી નથી. અફઘાનિસ્તાન પાંચમા સ્થાને છે જ્યારે બાંગ્લાદેશ છઠ્ઠા સ્થાને છે. અફઘાનિસ્તાન અને બાંગ્લાદેશને ચેમ્પિયન્સ ટ્રોફી 2025માં પાંચમા અને છઠ્ઠા સ્થાન પર રહેવા બદલ 3.04 કરોડ રૂપિયાની ઈનામી રકમ મળી હતી. જ્યારે સાતમા અને આઠમા સ્થાને રહેલી પાકિસ્તાન અને ઈંગ્લેન્ડને ઈનામ તરીકે 1.21 કરોડ રૂપિયા આપવામાં આવ્યા હતા.

ઈનામી રકમ અહીં જ અટકતી નથી કારણ કે ટીમને ટુર્નામેન્ટમાં દરેક જીત માટે 29.5 લાખ રૂપિયા મળ્યા હતા. ટુર્નામેન્ટમાં ભાગ લેનારી દરેક ટીમને ઓછામાં ઓછા રૂ. 1.08 કરોડનું ઇનામ મળશે. ICCએ ચેમ્પિયન્સ ટ્રોફી માટે 59.9 કરોડ રૂપિયાનો ઈનામી પૂલ રાખ્યો હતો.

ભારત ત્રીજી વખત વર્લ્ડ ચેમ્પિયન બન્યું છે

ભારતે કુલ ત્રીજી વખત ચેમ્પિયન્સ ટ્રોફીનો ખિતાબ જીત્યો છે. હવે ભારત સૌથી વધુ વખત ચેમ્પિયન્સ ટ્રોફી જીતનાર દેશ પણ બની ગયો છે. તમને જણાવી દઈએ કે ઓસ્ટ્રેલિયા પણ બે વખત ચેમ્પિયન્સ ટ્રોફી જીતી ચુક્યું છે. ભારતે 2002માં શ્રીલંકા સાથે ચેમ્પિયન્સ ટ્રોફી શેર કરી હતી, ત્યારબાદ 2013માં ટીમ ઈન્ડિયાએ ધોનીની કપ્તાનીમાં ટ્રોફી જીતી હતી. હવે 2025માં ભારત ન્યૂઝીલેન્ડને 5 વિકેટથી હરાવીને ત્રીજી વખત ચેમ્પિયન ઓફ ચેમ્પિયન બન્યું છે.

રોહિત, શ્રેયસ અને..., સમગ્ર ટીમ ઈન્ડિયાએ કમાલ કરી હતી

ચેમ્પિયન્સ ટ્રોફી 2025ની ફાઈનલ મેચમાં ન્યૂઝીલેન્ડે પ્રથમ બેટિંગ કરતા સ્કોરબોર્ડ પર 251 રન બનાવ્યા હતા. કિવિઝ તરફથી સૌથી વધુ રન ડેરિલ મિશેલે બનાવ્યા, જેણે 63 રનની ઇનિંગ રમી. પરંતુ ટીમ ઈન્ડિયાને ન્યુઝીલેન્ડની ઈનિંગ્સની પ્રથમ 10 ઓવરમાં ચોક્કસપણે નુકસાન થયું હતું કારણ કે છેલ્લી 10 ઓવરમાં કિવિઓએ 79 રન બનાવ્યા હતા. માઈકલ બ્રેસવેલે 40 બોલમાં 53 રનની ઈનિંગ રમીને ન્યૂઝીલેન્ડને 251 રન સુધી પહોંચાડ્યું હતું.

IND vs NZ: રોમાંચક ફાઈનલમાં ન્યૂઝીલેન્ડને હરાવી ભારતે ત્રીજી વખત ચેમ્પિયન્સ ટ્રોફીનો ખિતાબ જીત્યો",https://gujarati.abplive.com/sports/cricket/icc-champions-trophy-2025-prize-money-winner-runner-up-after-india-new-zealand-champions-trophy-2025-final-932193,13,2025-04-01 18:46:17
,,"Team India ICC white-ball dominance: ટીમ ઈન્ડિયાએ વધુ એક ICC ટાઇટલ જીતીને ક્રિકેટ જગતમાં ધૂમ મચાવી દીધી છે. રોહિત શર્માની કપ્તાની હેઠળ ભારતીય ટીમ હવે ચેમ્પિયન્સ ટ્રોફી 2025ની વિજેતા બની છે. જો આંકડા પર નજર કરીએ, તો રોહિત શર્મા ખરેખર ICC ટૂર્નામેન્ટનો અસલી હીરો સાબિત થાય છે. છેલ્લા ત્રણ ICC ટૂર્નામેન્ટમાં તેમની ટીમ માત્ર એક જ મેચ હારી છે, જે કેપ્ટન તરીકે તેમની અસાધારણ ક્ષમતા દર્શાવે છે. એક મેચમાં મળેલી હારને બાદ કરતાં, રોહિત શર્માએ બે ટૂર્નામેન્ટમાં જીત મેળવીને તેની ભરપાઈ કરી દીધી છે.

મર્યાદિત ઓવરોની ક્રિકેટ એટલે કે ODI અને T20 ઇન્ટરનેશનલ ફોર્મેટમાં રોહિત શર્મા જાદુઈ પ્રદર્શન કરી રહ્યા છે. ODI વર્લ્ડ કપ 2023થી લઈને અત્યાર સુધીમાં, ભારતે ICC ટૂર્નામેન્ટમાં કુલ 23 મેચ રમી છે, જેમાં 22 મેચમાં જીત મેળવી છે અને માત્ર એક મેચમાં હારનો સામનો કર્યો છે. ODI વર્લ્ડ કપ 2023માં ભારતીય ટીમે ફાઇનલ સુધી અવિરત 10 મેચ જીતી હતી. જો કે, ફાઇનલમાં તેઓ 11મી મેચ હારી ગયા હતા, જે ટૂર્નામેન્ટની સૌથી મહત્વપૂર્ણ મેચ હતી. ત્યારબાદ, 2024 T20 વર્લ્ડ કપમાં પણ ટીમ ઈન્ડિયાએ ફાઇનલ સુધી એક પણ મેચ હાર્યા વિના પ્રવાસ કર્યો અને ફાઇનલમાં દક્ષિણ આફ્રિકાને રોમાંચક મુકાબલામાં હરાવીને ટાઇટલ જીત્યું.

અને હવે, ચેમ્પિયન્સ ટ્રોફી 2025માં પણ ભારતે જીત સાથે શરૂઆત કરી. પ્રથમ મેચમાં બાંગ્લાદેશને હરાવ્યા બાદ પાકિસ્તાનને પરાજય આપ્યો. લીગ તબક્કાની છેલ્લી મેચમાં ન્યુઝીલેન્ડને પણ હરાવ્યું. સેમીફાઈનલમાં ઓસ્ટ્રેલિયાને હરાવી ફાઇનલમાં પ્રવેશ કર્યો અને ફાઇનલમાં ફરી એકવાર ન્યુઝીલેન્ડને હરાવીને ચેમ્પિયન્સ ટ્રોફીનો ખિતાબ જીતી લીધો. આ સાથે ભારતે ત્રણ વખત ICC ચેમ્પિયન્સ ટ્રોફી જીતવાનો રેકોર્ડ બનાવ્યો છે. આ પહેલીવાર છે જ્યારે ભારતે સતત બે વર્ષમાં બે ICC ટાઇટલ જીત્યા છે – 2024માં T20 વર્લ્ડ કપ અને 2025માં ચેમ્પિયન્સ ટ્રોફી. રોહિત શર્માની કેપ્ટનશીપમાં ભારતીય ટીમનો આ અદ્ભુત પ્રદર્શન ખરેખર પ્રશંસનીય છે.

નોંધનીય છે કે, ટીમ ઈન્ડિયાએ અત્યાર સુધીમાં કુલ ત્રણ વખત ચેમ્પિયન્સ ટ્રોફીનો ખિતાબ જીત્યો છે. જેમાં ત્રણ વખત ફાઇનલમાં પ્રવેશ કર્યો છે અને બે વખત જીત મેળવી છે.  વર્ષ 2002માં સૌરવ ગાંગુલીની કપ્તાનીમાં ભારતીય ટીમ પ્રથમ વખત ચેમ્પિયન્સ ટ્રોફીની સંયુક્ત વિજેતા બની હતી, જ્યાં ફાઇનલમાં વરસાદને કારણે મેચ રદ્દ થતા ભારત અને શ્રીલંકા બંનેને સંયુક્ત વિજેતા જાહેર કરાયા હતા. ત્યારબાદ, વર્ષ 2013માં ટીમ ઈન્ડિયા ફરીથી ચેમ્પિયન્સ ટ્રોફીની ફાઇનલમાં પહોંચી અને ઈંગ્લેન્ડને હરાવીને ટાઇટલ જીત્યું હતું. વર્ષ 2017માં ભારતીય ટીમ ફાઇનલમાં પહોંચી, પરંતુ પાકિસ્તાન સામે હારનો સામનો કરવો પડ્યો હતો. અને હવે, 2025માં રોહિત શર્માની કપ્તાનીમાં ટીમ ઈન્ડિયાએ ફરી ફાઇનલમાં શાનદાર જીત મેળવીને ચેમ્પિયન્સ ટ્રોફી પર કબ્જો કર્યો છે.

આ પણ વાંચો...

IND vs NZ ફાઈનલ: મેચ પહેલા વિરાટ કોહલીએ કર્યું કઈંક ખાસ, અનુષ્કા સાથેનો વીડિયો થયો વાયરલ!",https://gujarati.abplive.com/sports/cricket/india-s-dominance-in-icc-tournaments-22-wins-1-loss-under-rohit-932192,13,2025-04-01 18:46:20
,,,https://gujarati.abplive.com/photo-gallery/sports/cricket-indian-players-dance-on-the-field-after-winning-the-champions-trophy-title-2025-932190,13,2025-04-01 18:46:23
,,"Rohit Sharma back-to-back ICC Trophies: રોહિત શર્માની કેપ્ટન્સીમાં ટીમ ઈન્ડિયાએ વધુ એક ICC ટ્રોફી પોતાના નામે કરી લીધી છે. ચેમ્પિયન્સ ટ્રોફી 2025ની ફાઇનલમાં ભારતીય ટીમે ન્યૂઝીલેન્ડને ચાર વિકેટે હરાવ્યું હતું. આ જીત સાથે ભારતે આખી ટૂર્નામેન્ટમાં અજેય રહીને ખિતાબ પર કબજો જમાવ્યો હતો. બાંગ્લાદેશ સામે જીત સાથે શરૂ થયેલી વિજય યાત્રા ન્યુઝીલેન્ડ સામેની ફાઇનલ સુધી અવિરત રહી હતી. એમએસ ધોનીએ પોતાની કેપ્ટનશીપમાં ટીમ ઈન્ડિયાને ત્રણ ICC ખિતાબ અપાવ્યા છે, પરંતુ રોહિત શર્માએ જે સિદ્ધિ મેળવી છે, તે ધોની પણ નથી કરી શક્યા.

ટીમ ઈન્ડિયાએ અત્યાર સુધીમાં કુલ ત્રણ વખત ચેમ્પિયન્સ ટ્રોફીનો ખિતાબ જીત્યો છે. જેમાં ત્રણ વખત ફાઇનલમાં પ્રવેશ કર્યો છે અને બે વખત જીત મેળવી છે.  વર્ષ 2002માં સૌરવ ગાંગુલીની કપ્તાનીમાં ભારતીય ટીમ પ્રથમ વખત ચેમ્પિયન્સ ટ્રોફીની સંયુક્ત વિજેતા બની હતી, જ્યાં ફાઇનલમાં વરસાદને કારણે મેચ રદ્દ થતા ભારત અને શ્રીલંકા બંનેને સંયુક્ત વિજેતા જાહેર કરાયા હતા. ત્યારબાદ, વર્ષ 2013માં ટીમ ઈન્ડિયા ફરીથી ચેમ્પિયન્સ ટ્રોફીની ફાઇનલમાં પહોંચી અને ઈંગ્લેન્ડને હરાવીને ટાઇટલ જીત્યું હતું. વર્ષ 2017માં ભારતીય ટીમ ફાઇનલમાં પહોંચી, પરંતુ પાકિસ્તાન સામે હારનો સામનો કરવો પડ્યો હતો. અને હવે, 2025માં રોહિત શર્માની કપ્તાનીમાં ટીમ ઈન્ડિયાએ ફરી ફાઇનલમાં શાનદાર જીત મેળવીને ચેમ્પિયન્સ ટ્રોફી પર કબ્જો કર્યો છે.

જો એમએસ ધોનીની વાત કરીએ તો, તેમની કેપ્ટનશિપમાં ભારતીય ટીમે ત્રણ ICC ટાઇટલ જીત્યા છે. વર્ષ 2007માં ભારતે પ્રથમ વખત T20 વર્લ્ડ કપનો ખિતાબ જીત્યો હતો. ત્યારબાદ વર્ષ 2011માં વનડે વર્લ્ડ કપ અને વર્ષ 2013માં ચેમ્પિયન્સ ટ્રોફી જીતી હતી. ધોનીએ પ્રથમ ICC ટ્રોફી જીત્યા બાદ બીજી ટ્રોફી જીતવામાં ચાર વર્ષ લીધા હતા, અને બીજી અને ત્રીજી ટ્રોફી વચ્ચે બે વર્ષનો ગેપ હતો.  પરંતુ રોહિત શર્માએ માત્ર બે વર્ષના સમયગાળામાં બે ICC ટાઇટલ જીતીને એક અનોખો રેકોર્ડ બનાવ્યો છે. આ મામલે રોહિત શર્મા એમએસ ધોની કરતા પણ આગળ નીકળી ગયા છે, અને તેમણે એવો ચમત્કાર કરી બતાવ્યો છે જે એમએસ ધોની પણ નથી કરી શક્યા.

આ પણ વાંચો....

IND vs NZ ફાઈનલ: મેચ પહેલા વિરાટ કોહલીએ કર્યું કઈંક ખાસ, અનુષ્કા સાથેનો વીડિયો થયો વાયરલ!",https://gujarati.abplive.com/sports/cricket/rohit-sharma-wins-back-to-back-icc-trophies-for-india-in-2025-932189,13,2025-04-01 18:46:27
,,"India vs New Zealand Champions Trophy 2025: ભારતે ફાઇનલમાં ન્યૂઝીલેન્ડને હરાવીને ચેમ્પિયન્સ ટ્રોફી 2025 (Champions Trophy 2025)નું ટાઇટલ જીતી લીધું છે. રોહિત શર્માની કપ્તાની હેઠળ ટીમ ઈન્ડિયાએ 13 વર્ષ બાદ ચેમ્પિયન્સ ટ્રોફીનો ખિતાબ જીત્યો છે. ટીમ ઈન્ડિયાની આ જીતના મુખ્ય 3 કારણો હતા, જેણે ટીમને ચેમ્પિયન બનાવવામાં મહત્વની ભૂમિકા ભજવી હતી.

ન્યૂઝીલેન્ડે ટોસ જીતીને પ્રથમ બેટિંગ કરવાનો નિર્ણય કર્યો હતો અને શરૂઆત પણ સારી રહી હતી. વિલ યંગ અને રચિન રવિન્દ્રએ પ્રથમ વિકેટ માટે ઝડપી 57 રન બનાવ્યા હતા. પરંતુ ભારતીય સ્પિનરોએ મેચમાં શાનદાર વાપસી કરી. વરુણ ચક્રવર્તીએ પ્રથમ વિકેટ લીધી, ત્યારબાદ કુલદીપ યાદવે રચિન રવિન્દ્ર અને ખતરનાક કેન વિલિયમસનને વહેલા આઉટ કરીને કીવી ટીમ પર દબાણ વધાર્યું. કુલદીપ અને વરુણની સ્પિન જોડીએ ન્યુઝીલેન્ડની બેટિંગ લાઇનઅપને જકડી રાખી અને તેમને 252 રનમાં આઉટ કરી દીધા. આ ચુસ્ત બોલિંગના કારણે ભારત માટે જીતનો પાયો નાખવામાં આવ્યો.

JADEJA FINISHES OFF IN STYLE! 🇮🇳TEAM INDIA WIN THE CHAMPIONS TROPHY 2025 🏆#ChampionsTrophyOnJioStar #INDvNZ #ChampionsTrophy pic.twitter.com/ismVCQQndD

252 રનના લક્ષ્યનો પીછો કરવા ઉતરેલી ટીમ ઈન્ડિયાને રોહિત શર્મા અને શુભમન ગીલે જોરદાર શરૂઆત અપાવી હતી. બંને બેટ્સમેનોએ ન્યુઝીલેન્ડના બોલરોને કોઈ તક આપી નહીં અને પ્રથમ વિકેટ માટે 105 રનની શાનદાર ભાગીદારી નોંધાવી. ચેમ્પિયન્સ ટ્રોફીના ઈતિહાસમાં ફાઇનલમાં પ્રથમ વિકેટ માટે આ ત્રીજી સૌથી મોટી ભાગીદારી હતી. આ રેકોર્ડ ભાગીદારીએ મધ્યમ ક્રમના બેટ્સમેનો પરથી દબાણ ઘટાડ્યું અને જીતને સરળ બનાવી.

રોહિત અને શુભમનની સારી શરૂઆત બાદ ભારતે 3 વિકેટ ઝડપથી ગુમાવી દીધી અને ટીમ થોડી દબાણમાં આવી ગઈ હતી. પરંતુ મિડલ ઓર્ડરના બેટ્સમેનોએ પરિસ્થિતિને સંભાળી લીધી. શ્રેયસ અય્યરે મહત્વપૂર્ણ 48 રન બનાવ્યા અને અક્ષર પટેલે 29 રનની ઉપયોગી ઇનિંગ રમી. છેલ્લી ઓવરોમાં હાર્દિક પંડ્યાએ 18 રનનું યોગદાન આપ્યું, જ્યારે કેએલ રાહુલે અણનમ 34 રન બનાવીને ટીમને વિજયી લક્ષ્ય સુધી પહોંચાડી. મિડલ ઓર્ડરની આ સામૂહિક પ્રયાસના કારણે ભારત ચેમ્પિયન બનવામાં સફળ રહ્યું.

આ પણ વાંચો...

ભારતની બેટિંગ પહેલા જ શોએબ અખ્તરની ભવિષ્યવાણીથી ફફડાટ, કહ્યું - 'જો આજે રોહિત શર્મા...'",https://gujarati.abplive.com/sports/cricket/how-india-defeated-new-zealand-in-icc-champions-trophy-2025-final-932188,13,2025-04-01 18:46:31
,,"Virat Rohit Dandiya celebration: ભારતીય સ્પિનરોની શાનદાર બોલિંગની મદદથી ભારતે ચેમ્પિયન્સ ટ્રોફીની ફાઇનલમાં ન્યૂઝીલેન્ડને ચાર વિકેટે હરાવીને ટાઇટલ જીત્યું હતું. આ જીતથી સમગ્ર દેશમાં આનંદની લાગણી છવાઈ ગઈ છે.  પરંતુ જીત બાદ ક્રિકેટના મેદાન પર એક અનોખું દ્રશ્ય જોવા મળ્યું હતું, જેમાં ભારતીય સ્ટાર બેટ્સમેન વિરાટ કોહલી અને કેપ્ટન રોહિત શર્માનું મૈત્રીપૂર્ણ અને રમુજી વલણ જોવા મળ્યું હતું.

ખરેખર, જીત્યા બાદ આ બંને ખેલાડીઓ મેદાન પર હાથમાં વિકેટ લઈને દાંડિયા રમતા જોવા મળ્યા હતા. આ અણધાર્યું સેલિબ્રેશન જોઈને દર્શકો અને અન્ય ખેલાડીઓ પણ હસવા લાગ્યા હતા. રોહિત અને વિરાટને દાંડિયા કરતા જોઈને એ સ્પષ્ટ હતું કે તેઓ આ જીતની ખુશીમાં ડૂબી ગયા હતા અને તેને ખાસ રીતે ઉજવવા માગતા હતા.

મેચ જીત્યા બાદ ખેલાડીઓ વિવિધ રીતે ઉજવણી કરતા હોય છે, પરંતુ રોહિત શર્મા અને વિરાટ કોહલીનું આ દાંડિયા સેલિબ્રેશન ખરેખર અનોખું અને યાદગાર હતું. ક્રિકેટના મેદાન પર આવા દ્રશ્યો ભાગ્યે જ જોવા મળે છે, અને આ જ કારણે આ વીડિયો અને તસવીરો સોશિયલ મીડિયા પર ખૂબ જ વાયરલ થઈ રહ્યા છે.  લોકો આ જોડીના મૈત્રીપૂર્ણ સંબંધો અને રમૂજની ભાવનાના વખાણ કરી રહ્યા છે.

virat kohli and rohit sharma playing dandiya after winning champions trophy was not in my 2025 bucket list 😭 pic.twitter.com/dZsRRCU8Mt

ભારતે ન્યૂઝીલેન્ડને 4 વિકેટે હરાવીને ચેમ્પિયન્સ ટ્રોફી 2025નું ટાઈટલ પોતાના નામે કરી લીધું છે. ટીમ ઈન્ડિયાએ 12 વર્ષ બાદ ફરી ચેમ્પિયન્સ ટ્રોફીનો ખિતાબ જીત્યો છે. ભારતે સતત બીજા વર્ષે ICC ટ્રોફી પર કબજો કરીને દુબઈમાં ત્રિરંગો લહેરાવ્યો છે. આ પહેલા ભારતીય ટીમે 2024માં ટી20 વર્લ્ડ કપનો ખિતાબ પણ જીત્યો હતો.  છેલ્લી ઓવરોમાં રોહિત શર્માના 76 રન, શ્રેયસ અય્યરના 48 રન અને હાર્દિક પંડ્યાના 18 રનની કેમિયો ઈનિંગે પણ ટીમ ઈન્ડિયાની જીતમાં મહત્વનું યોગદાન આપ્યું હતું.

આ જીત સાથે ભારત ત્રીજી વખત વર્લ્ડ ચેમ્પિયન બન્યું છે અને સૌથી વધુ વખત ચેમ્પિયન્સ ટ્રોફી જીતનાર દેશ બની ગયો છે. ઓસ્ટ્રેલિયાએ બે વખત આ ટ્રોફી જીતી છે. ભારતે અગાઉ 2002માં શ્રીલંકા સાથે ટ્રોફી શેર કરી હતી, અને 2013માં એમએસ ધોનીની કપ્તાનીમાં ટ્રોફી જીતી હતી. હવે 2025માં ન્યૂઝીલેન્ડને હરાવીને ભારત ત્રીજી વખત ચેમ્પિયન ઓફ ચેમ્પિયન બન્યું છે.

ચેમ્પિયન્સ ટ્રોફી 2025ની ફાઈનલ મેચમાં ન્યૂઝીલેન્ડે પ્રથમ બેટિંગ કરતા 251 રન બનાવ્યા હતા. કિવિઝ તરફથી ડેરિલ મિશેલે 63 અને માઈકલ બ્રેસવેલે 53 રનની ઇનિંગ રમી હતી.  જવાબમાં 252 રનના લક્ષ્યનો પીછો કરવા ઉતરેલી ટીમ ઈન્ડિયાને રોહિત શર્મા અને શુભમન ગિલે જોરદાર શરૂઆત અપાવી હતી અને 105 રનની ભાગીદારી કરી હતી. રોહિત શર્માએ 76 અને શ્રેયસ અય્યરે 48 રન બનાવ્યા હતા, જ્યારે હાર્દિક પંડ્યાએ અંતમાં 18 રનની મહત્વપૂર્ણ ઇનિંગ રમી હતી. કેએલ રાહુલે પણ 34 રનનું યોગદાન આપ્યું હતું.

આ જીત સાથે ભારતે ન્યૂઝીલેન્ડ સામેનો 25 વર્ષ જૂનો બદલો પણ પૂરો કર્યો છે. વર્ષ 2000ની ચેમ્પિયન્સ ટ્રોફીની ફાઇનલમાં ન્યૂઝીલેન્ડે ભારતને હરાવ્યું હતું.  તે મેચમાં ક્રિસ કેર્ન્સની સદી ભારતના સૌરવ ગાંગુલીની સદી પર ભારે પડી હતી. આ વખતે દુબઈમાં રવિન્દ્ર જાડેજાએ વિનિંગ ચોગ્ગો ફટકારીને ભારતને શાનદાર જીત અપાવી હતી.",https://gujarati.abplive.com/sports/cricket/champions-trophy-2025-virat-kohli-rohit-sharma-celebrate-with-dandiya-932187,13,2025-04-01 18:46:35
,,"PM Modi congratulates Team India: વડાપ્રધાન નરેન્દ્ર મોદીએ ચેમ્પિયન્સ ટ્રોફી 2025 જીતવા બદલ ભારતીય ક્રિકેટ ટીમને અભિનંદન પાઠવ્યા છે. ભારતીય ટીમે ફાઇનલમાં ન્યૂઝીલેન્ડને 4 વિકેટે હરાવીને ચેમ્પિયન્સ ટ્રોફીનો ખિતાબ જીત્યો છે. આ જીત બાદ વડાપ્રધાન મોદીએ ટ્વિટર પર ભારતીય ટીમને શુભેચ્છા પાઠવી હતી.

પીએમ મોદીએ ટ્વિટ કર્યું, ""એક અસાધારણ રમત અને અસાધારણ પરિણામ. ICC ચેમ્પિયન્સ ટ્રોફી ઘરે લાવવા બદલ અમારી ક્રિકેટ ટીમ પર ગર્વ છે. તેઓએ સમગ્ર ટૂર્નામેન્ટમાં શાનદાર પ્રદર્શન કર્યું છે. શાનદાર પ્રદર્શન માટે અમારી ટીમને અભિનંદન.""

ચેમ્પિયન્સ ટ્રોફી 2025ની ફાઇનલમાં ભારતે ન્યૂઝીલેન્ડને 4 વિકેટે હરાવીને 25 વર્ષ જૂનો સ્કોર સરભર કર્યો હતો. ફાઈનલ મેચમાં ભારતીય કેપ્ટન રોહિત શર્માએ શાનદાર બેટિંગ કરી હતી અને ટીમને જીત અપાવી હતી. વડાપ્રધાન નરેન્દ્ર મોદી ઉપરાંત દેશના અન્ય ઘણા નેતાઓએ પણ ભારતીય ટીમને આ મોટી જીત બદલ અભિનંદન પાઠવ્યા છે.

An exceptional game and an exceptional result! Proud of our cricket team for bringing home the ICC Champions Trophy. They’ve played wonderfully through the tournament. Congratulations to our team for the splendid all around display.

ભારતે ન્યૂઝીલેન્ડને 4 વિકેટે હરાવીને ચેમ્પિયન્સ ટ્રોફી 2025નું ટાઈટલ પોતાના નામે કરી લીધું છે. ટીમ ઈન્ડિયાએ 12 વર્ષ બાદ ફરી ચેમ્પિયન્સ ટ્રોફીનો ખિતાબ જીત્યો છે. ભારતે સતત બીજા વર્ષે ICC ટ્રોફી પર કબજો કરીને દુબઈમાં ત્રિરંગો લહેરાવ્યો છે. આ પહેલા ભારતીય ટીમે 2024માં ટી20 વર્લ્ડ કપનો ખિતાબ પણ જીત્યો હતો.  છેલ્લી ઓવરોમાં રોહિત શર્માના 76 રન, શ્રેયસ અય્યરના 48 રન અને હાર્દિક પંડ્યાના 18 રનની કેમિયો ઈનિંગે પણ ટીમ ઈન્ડિયાની જીતમાં મહત્વનું યોગદાન આપ્યું હતું.

આ જીત સાથે ભારત ત્રીજી વખત વર્લ્ડ ચેમ્પિયન બન્યું છે અને સૌથી વધુ વખત ચેમ્પિયન્સ ટ્રોફી જીતનાર દેશ બની ગયો છે. ઓસ્ટ્રેલિયાએ બે વખત આ ટ્રોફી જીતી છે. ભારતે અગાઉ 2002માં શ્રીલંકા સાથે ટ્રોફી શેર કરી હતી, અને 2013માં એમએસ ધોનીની કપ્તાનીમાં ટ્રોફી જીતી હતી. હવે 2025માં ન્યૂઝીલેન્ડને હરાવીને ભારત ત્રીજી વખત ચેમ્પિયન ઓફ ચેમ્પિયન બન્યું છે.

ચેમ્પિયન્સ ટ્રોફી 2025ની ફાઈનલ મેચમાં ન્યૂઝીલેન્ડે પ્રથમ બેટિંગ કરતા 251 રન બનાવ્યા હતા. કિવિઝ તરફથી ડેરિલ મિશેલે 63 અને માઈકલ બ્રેસવેલે 53 રનની ઇનિંગ રમી હતી.  જવાબમાં 252 રનના લક્ષ્યનો પીછો કરવા ઉતરેલી ટીમ ઈન્ડિયાને રોહિત શર્મા અને શુભમન ગિલે જોરદાર શરૂઆત અપાવી હતી અને 105 રનની ભાગીદારી કરી હતી. રોહિત શર્માએ 76 અને શ્રેયસ અય્યરે 48 રન બનાવ્યા હતા, જ્યારે હાર્દિક પંડ્યાએ અંતમાં 18 રનની મહત્વપૂર્ણ ઇનિંગ રમી હતી. કેએલ રાહુલે પણ 34 રનનું યોગદાન આપ્યું હતું.

આ જીત સાથે ભારતે ન્યૂઝીલેન્ડ સામેનો 25 વર્ષ જૂનો બદલો પણ પૂરો કર્યો છે. વર્ષ 2000ની ચેમ્પિયન્સ ટ્રોફીની ફાઇનલમાં ન્યૂઝીલેન્ડે ભારતને હરાવ્યું હતું.  તે મેચમાં ક્રિસ કેર્ન્સની સદી ભારતના સૌરવ ગાંગુલીની સદી પર ભારે પડી હતી. આ વખતે દુબઈમાં રવિન્દ્ર જાડેજાએ વિનિંગ ચોગ્ગો ફટકારીને ભારતને શાનદાર જીત અપાવી હતી.

આ પણ વાંચો...

ક્રિકેટ જગતમાં ભૂકંપ: ચેમ્પિયન્સ ટ્રોફીની ફાઇનલ બાદ રોહિત શર્માની ODIમાંથી નિવૃત્તિ?",https://gujarati.abplive.com/sports/cricket/champions-trophy-2025-pm-modi-proudly-congratulates-team-india-932185,13,2025-04-01 18:46:39
,,"India wins Champions Trophy 2025: ભારતે ચેમ્પિયન્સ ટ્રોફી 2025નો ખિતાબ જીતી લીધો છે. દુબઈમાં રમાયેલી ફાઈનલ મેચમાં ભારતીય ટીમે ન્યૂઝીલેન્ડને હરાવીને ત્રીજી વખત ચેમ્પિયન્સ ટ્રોફીનો ખિતાબ જીત્યો હતો. આ જીત સાથે ભારતે પાકિસ્તાનના ઘા પર મીઠુ નાખ્યું છે. આ મીઠું પણ એક વાર નહિ પણ ત્રણ વાર છાંટવામાં આવ્યું છે. ભારતે ચેમ્પિયન્સ ટ્રોફી જીતીને પાકિસ્તાનને ત્રણ દર્દ આપ્યા છે. ચાલો તમને જણાવીએ કે ટીમ ઈન્ડિયાએ પાકિસ્તાન ક્રિકેટ બોર્ડ અને ત્યાંના ભૂતપૂર્વ ક્રિકેટરોને કેવો જવાબ આપ્યો છે જેઓ સતત તેના વિરુદ્ધ નિવેદનો આપી રહ્યા હતા.

સૌપ્રથમ, પાકિસ્તાન પાસેથી ડિફેન્ડિંગ ચેમ્પિયનનો તાજ છીનવાઈ ગયો છે. પાકિસ્તાને ચેમ્પિયન્સ ટ્રોફી 2025માં ડિફેન્ડિંગ ચેમ્પિયન તરીકે પ્રવેશ કર્યો હતો પરંતુ સેમિફાઇનલ માટે પણ ક્વોલિફાય કરી શક્યું ન હતું. હવે ભારતે ફાઇનલમાં જીત મેળવીને તેના ઘા પર મીઠું ચોળ્યું છે. વર્ષ 2017માં પાકિસ્તાનની ટીમે ફાઇનલમાં ભારતને હરાવ્યું હતું, પરંતુ આ વખતે ભારતે ફાઇનલ જીતીને ચેમ્પિયન ઓફ ચેમ્પિયનનો ખિતાબ પોતાના નામે કર્યો છે.

બીજું દર્દ એ છે કે ચેમ્પિયન્સ ટ્રોફીમાં ભારતે પાકિસ્તાનને ખરાબ રીતે હરાવ્યું હતું. પાકિસ્તાનની ટીમ દુબઈ આવી અને ભારતે 6 વિકેટે મેચ જીતી લીધી હતી. વિરાટ કોહલીએ શાનદાર સદી ફટકારી હતી. આ હાર બાદ જ પાકિસ્તાન ચેમ્પિયન્સ ટ્રોફીમાંથી બહાર થઈ ગયું હતું.

ત્રીજું દર્દ એ છે કે પાકિસ્તાન આ ટૂર્નામેન્ટનું સંપૂર્ણ આયોજન કરી શક્યું નથી. પાકિસ્તાન ચેમ્પિયન્સ ટ્રોફી ઘરઆંગણે યોજવા પર અડગ હતું. પરંતુ તેણે બીસીસીઆઈ સામે ઝુકવું પડ્યું અને ચેમ્પિયન્સ ટ્રોફીનું આયોજન હાઇબ્રિડ મોડલ હેઠળ કરવામાં આવ્યું હતું. ટીમ ઈન્ડિયાએ પોતાની તમામ મેચો દુબઈમાં રમી અને આખરે ચેમ્પિયન બની. પાકિસ્તાને ચેમ્પિયન્સ ટ્રોફી માટે તેના બે સ્ટેડિયમ પર કરોડો રૂપિયાનો ખર્ચ કર્યો હતો, પરંતુ આ ટૂર્નામેન્ટમાં તેને પ્રદર્શનના નામે નિષ્ફળતા મળી.

નોંધનીય છે કે, ભારતે ન્યૂઝીલેન્ડને 4 વિકેટે હરાવીને ચેમ્પિયન્સ ટ્રોફી 2025નું ટાઈટલ જીતી લીધું છે. ટીમ ઈન્ડિયાએ 12 વર્ષ બાદ ફરી ચેમ્પિયન્સ ટ્રોફીનો ખિતાબ જીત્યો છે. ભારતે સતત બીજા વર્ષે ICC ટ્રોફી પર કબજો કરીને દુબઈમાં ત્રિરંગો લહેરાવ્યો છે. આ પહેલા ભારતીય ટીમે 2024માં ટી20 વર્લ્ડ કપનો ખિતાબ પણ જીત્યો હતો. છેલ્લી ઓવરોમાં રોહિત શર્માના 76 રન, શ્રેયસ અય્યરના 48 રન અને હાર્દિક પંડ્યાના 18 રનની ઈનિંગે પણ ટીમ ઈન્ડિયાની જીતમાં મહત્વનું યોગદાન આપ્યું હતું.

આ પણ વાંચો...

પ્રેસ કોન્ફરન્સમાં ગિલની 10 મોટી વાતો: રોહિતની નિવૃત્તિ, અને ચેમ્પિયન્સ ટ્રોફી ફાઇનલને લઈ કર્યો મોટો ધડાકો!",https://gujarati.abplive.com/sports/cricket/ind-vs-nz-india-lifts-champions-trophy-sends-strong-message-to-pakistan-932184,13,2025-04-01 18:46:42
,,"IND vs NZ Match:  ટીમ ઈન્ડિયા કેપ્ટન રોહિત શર્માની શાનદાર ઇનિંગના કારણે ભારતે  ચેમ્પિયન્સ ટ્રોફી 2025નો ખિતાબ જીત્યો છે. ટીમ ઈન્ડિયાએ ત્રીજી વખત ચેમ્પિયન્સ ટ્રોફીનો ખિતાબ જીત્યો છે.  ભારતીય ટીમ આ સમગ્ર ટુર્નામેન્ટમાં અપરાજિત રહી છે. ભારતીય ટીમે પોતાની તમામ મેચમાં જીત મેળવી છે.

ભારતે ન્યૂઝીલેન્ડને 4 વિકેટે હરાવીને ચેમ્પિયન્સ ટ્રોફી 2025નું ટાઈટલ જીતી લીધું છે. ટીમ ઈન્ડિયાએ 12 વર્ષ બાદ ફરી ચેમ્પિયન્સ ટ્રોફીનો ખિતાબ જીત્યો છે. ભારતે સતત બીજા વર્ષે ICC ટ્રોફી પર કબજો કરીને દુબઈમાં ત્રિરંગો લહેરાવ્યો છે. આ પહેલા ભારતીય ટીમે 2024માં ટી20 વર્લ્ડ કપનો ખિતાબ પણ જીત્યો હતો. છેલ્લી ઓવરોમાં રોહિત શર્માના 76 રન, શ્રેયસ અય્યરના 48 રન અને હાર્દિક પંડ્યાના 18 રનની ઈનિંગે પણ ટીમ ઈન્ડિયાની જીતમાં મહત્વનું યોગદાન આપ્યું હતું.

𝗖. 𝗛. 𝗔. 𝗠. 𝗣. 𝗜. 𝗢. 𝗡. 𝗦! 🇮🇳🏆 🏆 🏆The Rohit Sharma-led #TeamIndia are ICC #ChampionsTrophy 2025 𝙒𝙄𝙉𝙉𝙀𝙍𝙎 👏 👏Take A Bow! 🙌 🙌#INDvNZ | #Final | @ImRo45 pic.twitter.com/ey2llSOYdG

ભારત ત્રીજી વખત વર્લ્ડ ચેમ્પિયન બન્યું છે

ભારતે કુલ ત્રીજી વખત ચેમ્પિયન્સ ટ્રોફીનો ખિતાબ જીત્યો છે. હવે ભારત સૌથી વધુ વખત ચેમ્પિયન્સ ટ્રોફી જીતનાર દેશ પણ બની ગયો છે. તમને જણાવી દઈએ કે ઓસ્ટ્રેલિયા પણ બે વખત ચેમ્પિયન્સ ટ્રોફી જીતી ચુક્યું છે. ભારતે 2002માં શ્રીલંકા સાથે ચેમ્પિયન્સ ટ્રોફી શેર કરી હતી, ત્યારબાદ 2013માં ટીમ ઈન્ડિયાએ ધોનીની કપ્તાનીમાં ટ્રોફી જીતી હતી. હવે 2025માં ભારત ન્યૂઝીલેન્ડને 5 વિકેટથી હરાવીને ત્રીજી વખત ચેમ્પિયન ઓફ ચેમ્પિયન બન્યું છે.

રોહિત, શ્રેયસ અને..., સમગ્ર ટીમ ઈન્ડિયાએ કમાલ કરી હતી

ચેમ્પિયન્સ ટ્રોફી 2025ની ફાઈનલ મેચમાં ન્યૂઝીલેન્ડે પ્રથમ બેટિંગ કરતા સ્કોરબોર્ડ પર 251 રન બનાવ્યા હતા. કિવિઝ તરફથી સૌથી વધુ રન ડેરિલ મિશેલે બનાવ્યા, જેણે 63 રનની ઇનિંગ રમી. પરંતુ ટીમ ઈન્ડિયાને ન્યુઝીલેન્ડની ઈનિંગ્સની પ્રથમ 10 ઓવરમાં ચોક્કસપણે નુકસાન થયું હતું કારણ કે છેલ્લી 10 ઓવરમાં કિવિઓએ 79 રન બનાવ્યા હતા. માઈકલ બ્રેસવેલે 40 બોલમાં 53 રનની ઈનિંગ રમીને ન્યૂઝીલેન્ડને 251 રન સુધી પહોંચાડ્યું હતું.

ભારતે ચેમ્પિયન્સ ટ્રોફી ટૂર્નામેન્ટની ફાઇનલમાં પહોંચવાની હેટ્રિક લગાવી હતી.  આ પહેલા ટીમ ઈન્ડિયાએ 2013માં ચેમ્પિયન્સ ટ્રોફીનો ખિતાબ જીત્યો હતો. ટીમ ઈન્ડિયાએ ચેમ્પિયન્સ ટ્રોફી જીતી ઈતિહાસ રચ્યો છે.

રોહિત શર્માની શાનદાર ઈનિંગ

ભારતીય કેપ્ટન રોહિત શર્માએ ચેમ્પિયન્સ ટ્રોફીની ફાઈનલ મેચમાં ખૂબ જ શાનદાર ઈનિંગ રમી હતી. રોહિતે 83 બોલમાં 76 રનની મહત્વપૂર્ણ ઈનિંગ રમી હતી. શ્રેયસ અય્યરે પણ 48 રનનું યોગદાન આપ્યું હતું. ભારત તરફથી કુલદીપ યાદવ અને વરુણ ચક્રવર્તીએ બે-બે વિકેટ લીધી હતી. આ સાથે જ જાડેજાને એક વિકેટ મળી હતી. શમીએ એક વિકેટ અને એક ખેલાડી રનઆઉટ થયો હતો.

ન્યૂઝીલેન્ડે ભારતને જીતવા 252 રનનો લક્ષ્યાંક આપ્યો હતો

ચેમ્પિયન્સ ટ્રોફી 2025ની ફાઇનલમાં ન્યૂઝીલેન્ડે ભારતને 252 રનનો લક્ષ્યાંક આપ્યો હતો.  ટોસ જીતીને પ્રથમ બેટિંગ કરવા ઉતરેલી કિવી ટીમ 50 ઓવરમાં સાત વિકેટ ગુમાવીને 251 રન બનાવી શકી હતી. છેલ્લી પાંચ ઓવરમાં 50 રન બનાવ્યા હતા, જેના કારણે ન્યૂઝીલેન્ડ આ આંકડાને સ્પર્શી શક્યું હતું. ન્યૂઝીલેન્ડની ટીમે શરુઆત ખૂબ જ સારી કરી હતી પરંતુ બાદમાં વિકેટો પડવાનું શરુ થયું હતું.

દુબઈ ઈન્ટરનેશનલ ક્રિકેટ સ્ટેડિયમમાં રમાઈ રહેલી આ ફાઈનલ મેચમાં ન્યૂઝીલેન્ડે ટોસ જીતીને પ્રથમ બેટિંગ કરવાનું પસંદ કર્યું હતું. રચિન રવિન્દ્ર અને વિલ યંગે ન્યૂઝીલેન્ડને શાનદાર શરૂઆત અપાવી હતી. રવિન્દ્રએ 29 બોલમાં 37 રનની શાનદાર ઇનિંગ રમી હતી. કેન વિલિયમસન માત્ર 11 રન બનાવીને આઉટ થયો હતો, પરંતુ ડેરિલ મિશેલ અને ગ્લેન ફિલિપ્સની 57 રનની ભાગીદારીએ ન્યૂઝીલેન્ડને ઘણી હદ સુધી મેચમાં પરત લાવી દીધું હતું. મિશેલે 63 અને ફિલિપ્સે 34 રન બનાવ્યા હતા.",https://gujarati.abplive.com/sports/cricket/ind-vs-nz-final-match-highlights-champions-trophy-2025-india-won-the-champions-trophy-932182,13,2025-04-01 18:46:45
,,,https://gujarati.abplive.com/sports/cricket/indvsnz-final-livescore-icc-championstrophy-2025-india-vs-new-zealand-live-updates-cricket-match-full-scorecard-commentary-jiohotstar-dubai-news-932105,13,2025-04-01 18:46:49
,,"Glenn Phillips catch Shubman Gill: દુબઈના મેદાન પર રમાઈ રહેલી ભારત અને ન્યુઝીલેન્ડ વચ્ચેની ફાઈનલ મેચમાં ટીમ ઈન્ડિયાને 252 રનનો ટાર્ગેટ મળ્યો છે. આ મેચમાં ભારતીય ટીમના ઓપનિંગ બેટ્સમેન શુભમન ગિલ 31 રન બનાવીને આઉટ થયો હતો, જેમાં ગ્લેન ફિલિપ્સે પોતાના કવર પર એવો શાનદાર કેચ લીધો હતો કે તેને જોઈને દરેક દંગ રહી ગયા હતા.

ચેમ્પિયન્સ ટ્રોફી 2025ની ટુર્નામેન્ટ ગ્લેન ફિલિપ્સની શાનદાર ફિલ્ડિંગ માટે પણ યાદ કરવામાં આવશે. ગ્રૂપ સ્ટેજની મેચોમાં જ્યાં તેણે એક પછી એક શાનદાર કેચ પકડ્યા હતા, ત્યાં ભારત સામેની ફાઈનલ મેચમાં પણ કંઈક આવું જ જોવા મળ્યું હતું. ફિલિપ્સે ફાઈનલ મેચમાં કવર પર ફિલ્ડિંગ કરતી વખતે ટીમ ઈન્ડિયાના ઓપનિંગ બેટ્સમેન શુભમન ગિલનો એક હાથે કેચ લઈને બધાને ચોંકાવી દીધા હતા, જેમાં આ કેચ પકડ્યા બાદ તે પોતે પણ આશ્ચર્યચકિત જોવા મળ્યો હતો. ગિલ અંતિમ મેચમાં 50 બોલમાં 31 રન બનાવીને આઉટ થયો હતો.

ફાઈનલ મેચમાં ટીમ ઈન્ડિયાને 252 રનનો ટાર્ગેટ મળ્યો હતો જેનો પીછો કરતા તેણે 18.3 ઓવરમાં 105 રન બનાવી લીધા હતા. આ પછી 19મી ઓવરના ચોથા બોલ પર મિશેલ સેન્ટનરના ફુલ બોલ પર શુભમન ગિલે કવર પર મોટો શોટ રમવાનો પ્રયાસ કર્યો, જેમાં એક સમયે બધાને લાગતું હતું કે તે ચોગ્ગો લાગશે, પરંતુ તે જ સમયે ત્યાં ફિલ્ડિંગ કરી રહેલા ગ્લેન ફિલિપ્સે હવામાં કૂદીને એક હાથથી કેચ પકડ્યો. આ અદ્ભુત કેચ જોયા બાદ ગિલ સહિત અન્ય ખેલાડીઓ અને સ્ટેડિયમમાં હાજર દર્શકો થોડીવાર માટે સ્તબ્ધ થઈ ગયા હતા. ફિલિપ્સને આ કેચ લેવા માટે માત્ર 0.78 સેકન્ડનો સમય મળ્યો હતો.

Flying man does it again 😱What a catch by Glenn Phillips 🫡#INDvsNZ #ChampionsTrophy2025 pic.twitter.com/CXlmPIJpfo

શુભમન ગિલે ICC ચેમ્પિયન્સ ટ્રોફી 2025 ટૂર્નામેન્ટની શરૂઆત ખૂબ જ સારી રીતે કરી હતી, જેમાં તેણે બાંગ્લાદેશ સામેની મેચમાં સદી ફટકારી હતી. જો કે આ પછી તે આગામી 4 મેચમાં 50 રનનો આંકડો પાર કરવામાં પણ સફળ થઈ શક્યો નહીં. આખી ટુર્નામેન્ટમાં 5 ઇનિંગ્સમાં બેટિંગ કરતા, ગીલે 47ની એવરેજથી કુલ 188 રન બનાવ્યા જેમાં તે 17 ફોર અને ત્રણ સિક્સર ફટકારવામાં સફળ રહ્યો.",https://gujarati.abplive.com/sports/cricket/champions-trophy-2025-glenn-phillips-spectacular-catch-dismisses-gill-932179,13,2025-04-01 18:46:52
,,"Rohit Sharma most ODI runs captain: રોહિત શર્માએ એક મોટી સિદ્ધિ મેળવી છે. તેણે વનડે ક્રિકેટમાં કેપ્ટન તરીકે સૌથી વધુ રન બનાવનાર ભારતીય ખેલાડીઓની યાદીમાં ક્રિકેટના દિગ્ગજ સચિન તેંડુલકરને પાછળ છોડી દીધા છે. રોહિત શર્માએ આ સાથે વનડે કેપ્ટન તરીકે 2500 રન પણ પૂરા કર્યા છે.

રોહિત શર્માને વનડેમાં કેપ્ટનશીપ સંભાળ્યાને ભલે ઓછો સમય થયો હોય, પરંતુ તેણે આ ટૂંકા સમયગાળામાં ઘણા રેકોર્ડ બનાવ્યા છે. હવે તેણે સચિન તેંડુલકરને પણ પાછળ છોડી દીધો છે, જે ક્રિકેટ જગતમાં ભગવાન તરીકે ઓળખાય છે.  જો કે, રોહિત શર્મા હજુ પણ ઘણા રેકોર્ડ્સમાં સચિન તેંડુલકરથી પાછળ છે, પરંતુ વનડેમાં ભારતીય ટીમની કેપ્ટનશીપ કરતી વખતે રન બનાવવાના મામલે તે સચિનથી આગળ નીકળી ગયો છે. હવે માત્ર થોડા જ ભારતીય કેપ્ટન રોહિત શર્માથી આગળ છે.

સચિન તેંડુલકરે તેમના કરિયરમાં ખૂબ ઓછા સમય માટે ટીમ ઇન્ડિયાનું કેપ્ટનપદ સંભાળ્યું હતું. કેપ્ટન તરીકે 73 વનડે મેચોમાં સચિન તેંડુલકરે 2454 રન બનાવ્યા હતા. તાજેતરમાં, ભારત અને ન્યુઝીલેન્ડ વચ્ચેની ચેમ્પિયન્સ ટ્રોફી મેચ પહેલાં, રોહિત શર્માએ કેપ્ટન તરીકે 55 વનડે મેચોમાં 2430 રન બનાવ્યા હતા. સચિન તેંડુલકરને પાછળ છોડવા માટે તેને માત્ર 25 રનની જરૂર હતી, જે તેણે પોતાની આગામી મેચમાં પૂરી કરી હતી. આજે રોહિત શર્મા કેપ્ટન તરીકે પોતાની 56મી વનડે મેચ રમી રહ્યો છે અને તેણે મોટા ભાગની મેચોમાં સચિન તેંડુલકર કરતાં વધુ રન બનાવ્યા છે.

ભારત માટે વનડેમાં સૌથી વધુ રન બનાવનાર કેપ્ટન મહેન્દ્રસિંહ ધોની છે. ધોનીએ 200 વનડે મેચોમાં કેપ્ટનશીપ કરતાં 6641 રન બનાવ્યા છે. આ યાદીમાં બીજા ક્રમે વિરાટ કોહલી છે, જેણે 95 વનડે મેચોમાં કેપ્ટનશીપ કરીને 5449 રન બનાવ્યા છે.

સચિન તેંડુલકરને પાછળ છોડ્યાની સાથે જ, રોહિત શર્માએ વનડેમાં કેપ્ટન તરીકે 2500 રન પણ પૂરા કરી લીધા છે. રોહિત શર્મા પહેલાં ભારતના માત્ર પાંચ કેપ્ટન જ આ સિદ્ધિ મેળવી શક્યા છે. હવે રોહિત શર્મા આ સ્થાન હાંસલ કરનાર છઠ્ઠો કેપ્ટન બની ગયો છે. તેણે ચેમ્પિયન્સ ટ્રોફી 2025ની ફાઇનલમાં જગ્યા બનાવવા માટે ટીમ ઈન્ડિયાને આક્રમક શરૂઆત અપાવી હતી. મેચના બીજા જ બોલ પર તેણે કાયલ જેમ્સનને સિક્સર ફટકારીને પોતાની રમતનો ઇરાદો સ્પષ્ટ કર્યો હતો. આ મેચમાં તેણે ઝડપી અડધી સદી પણ પૂરી કરી હતી. જો કે, જ્યારે તે સદી તરફ આગળ વધી રહ્યો હતો ત્યારે રચિન રવિન્દ્રએ તેને આઉટ કર્યો હતો અને તે સદી ચૂકી ગયો હતો.

આ મેચમાં રોહિત શર્માએ 76 રનની ઇનિંગ રમી હતી. તેણે 83 બોલમાં 7 ચોગ્ગા અને 3 છગ્ગા ફટકાર્યા હતા. શરૂઆતની દસ ઓવર પછી, રોહિત શર્માએ પોતાની બેટિંગની ગતિ થોડી ધીમી કરી હતી. જો કે, રોહિત શર્માને તેના સાથી ખેલાડીઓનો જોઈએ તેવો સાથ મળ્યો ન હતો. શુભમન ગિલ માત્ર 31 રન બનાવીને આઉટ થયો હતો, જ્યારે વિરાટ કોહલી માત્ર 1 રન બનાવી શક્યો હતો. જ્યારે રોહિત શર્મા આઉટ થયો ત્યારે 27 ઓવરમાં ટીમનો સ્કોર માત્ર 122 રન હતો. ત્યારબાદ શ્રેયસ અય્યર અને અક્ષર પટેલે ટીમની કમાન સંભાળી હતી.

આ પણ વાંચો...

10 વર્ષ પછી ODI માં નવો કિંગ? વિરાટ કોહલી તોડી નાખશે આ ખેલાડીનો જુના જમાનાનો રેકોર્ડ!",https://gujarati.abplive.com/sports/cricket/ind-vs-nz-rohit-sharma-becomes-highest-odi-run-scorer-as-indian-captain-932176,13,2025-04-01 18:46:57
,,"ભારત અને ન્યુઝીલેન્ડ વચ્ચે ICC ચેમ્પિયન્સ ટ્રોફી 2025ની ફાઈનલ મેચ દુબઈ ઈન્ટરનેશનલ ક્રિકેટ સ્ટેડિયમમાં રમાઈ રહી છે, જેમાં પ્રથમ બેટિંગ કરતા કિવી ટીમે 50 ઓવરમાં 7 વિકેટના નુકસાન પર 251 રન બનાવ્યા છે. લક્ષ્યનો પીછો કરતી વખતે કેપ્ટન રોહિત શર્મા અને શુભમન ગિલની ઓપનિંગ જોડીએ ટીમ ઈન્ડિયાને શાનદાર શરૂઆત અપાવી હતી અને પ્રથમ વિકેટ માટે સદીની ભાગીદારી કરી હતી. આ દરમિયાન કેપ્ટન રોહિતે પણ ક્રિસ ગેલનો ICC ODI ઈવેન્ટમાં મોટો રેકોર્ડ તોડ્યો છે.  રોહિત આખી ટૂર્નામેન્ટમાં મોટી ઇનિંગ્સ રમી શક્યો ન હતો તે ફાઇનલ મેચમાં બિલકુલ અલગ ફોર્મમાં જોવા મળ્યો હતો.

રોહિત શર્માએ ફાઈનલ મેચમાં સિક્સર ફટકારીને પોતાનું ખાતું ખોલાવ્યું હતું. આ પછી રોહિત એક છેડેથી સતત ઝડપી ગતિએ રન બનાવતો જોવા મળ્યો હતો. ટીમ ઈન્ડિયાનો સ્કોર પ્રથમ 10 ઓવરમાં કોઈપણ નુકશાન વિના 64 રન પર પહોંચી ગયો હતો. જ્યારે રોહિતે આ પછી તેની અડધી સદી પૂરી કરી, આ ઇનિંગમાં તેણે ત્રીજો છગ્ગો ફટકારતાની સાથે જ તે ICC ODI ઇવેન્ટમાં લક્ષ્યનો પીછો કરતી વખતે સૌથી વધુ સિક્સર મારનાર ખેલાડી બની ગયો. આ મામલે રોહિત શર્માએ ક્રિસ ગેલનો રેકોર્ડ તોડવાનું કામ કર્યું, જેના નામે કુલ 32 સિક્સર છે. જો રોહિતની વાત કરીએ તો તેણે અત્યાર સુધીમાં 33 સિક્સર ફટકારી છે.

ICC ODI ઇવેન્ટમાં લક્ષ્યનો પીછો કરતી વખતે સૌથી વધુ સિક્સર ફટકારનારા ખેલાડીઓ

રોહિત શર્મા - 33 સિક્સર

ક્રિસ ગેલ - 32 સિક્સર

ફખર ઝમાન - 21 સિક્સર

બ્રેન્ડન મેક્કુલમ - 21 સિક્સર

રોહિત અને ગિલ વચ્ચે સદીની ભાગીદારી

ICC ચેમ્પિયન્સ ટ્રોફી 2025માં રોહિત શર્મા અને શુભમન ગિલ વચ્ચે પ્રથમ વિકેટ માટે 105 રનની ભાગીદારી જોવા મળી હતી, જેમાં આ ટૂર્નામેન્ટની પ્રથમ સદીની ઓપનિંગ ભાગીદારી પણ છે. ટાઈટલ મેચમાં 50 બોલમાં 31 રનની ઈનિંગ રમ્યા બાદ ગિલે મિશેલ સેન્ટનર સામે પોતાની વિકેટ ગુમાવી હતી.

ન્યૂઝીલેન્ડે પ્રથમ બેટિંગ કરીને 251 રન બનાવ્યા હતા

આ પહેલા જ્યારે ન્યૂઝીલેન્ડની ટીમ બેટિંગ કરવા ઉતરી ત્યારે તે આખી 50 ઓવર રમીને પણ વધારે રન બનાવી શકી ન હતી. ટીમે સાત વિકેટના નુકસાન પર માત્ર 251 રન જ બનાવ્યા હતા. દુબઈની પીચ ચોક્કસપણે ધીમી છે, પરંતુ એટલી બધી નથી કે 250 રન પણ ન થાય. જોકે ભારતીય સ્પિનરોનું વર્ચસ્વ હતું, પરંતુ રોહિત શર્માએ જે રીતે બોલરોને બદલ્યા તેમાં પણ મોટો ફાળો હતો. ન્યુઝીલેન્ડની જે સાત વિકેટ પડી હતી તેમાંથી 5 વિકેટ સ્પિનરોને ગઈ હતી. મોહમ્મદ શમી એક વિકેટ લેવામાં સફળ રહ્યો હતો જ્યારે એક બેટ્સમેન રનઆઉટ થયો હતો.",https://gujarati.abplive.com/sports/cricket/rohit-sharma-break-chris-gayle-record-most-sixes-in-icc-odi-events-by-a-player-while-chasing-ind-vs-nz-champions-trophy-final-932169,13,2025-04-01 18:47:00
,,"Rohit Sharma first 50+ ICC final: ચેમ્પિયન્સ ટ્રોફી 2025ની ફાઇનલમાં ભારતીય કેપ્ટન રોહિત શર્માએ અદ્ભુત બેટિંગનું પ્રદર્શન કર્યું અને માત્ર 41 બોલમાં અડધી સદી ફટકારીને એક નવો ઇતિહાસ રચ્યો. આ ઇનિંગ્સ રોહિત માટે ખૂબ જ ખાસ હતી, કારણ કે ICCની ફાઇનલમાં આ પહેલીવાર બન્યું છે જ્યારે તેણે 50 રનનો આંકડો પાર કર્યો હોય. આ સિદ્ધિ સાથે રોહિતે ફાઇનલમાં ટીમ ઇન્ડિયાને શાનદાર શરૂઆત અપાવી.

રોહિત શર્માને ICC ટૂર્નામેન્ટ્સમાં તેના મજબૂત પ્રદર્શન માટે ઓળખવામાં આવે છે. તેણે અગાઉ પણ અનેક વખત મોટી ટૂર્નામેન્ટ્સમાં ભારત માટે મહત્વપૂર્ણ યોગદાન આપ્યું છે, પરંતુ ICC ટૂર્નામેન્ટની ફાઇનલમાં મોટી ઇનિંગ્સ રમવામાં તે ઘણી વખત ચૂકી ગયો હતો. 2023 ODI વર્લ્ડ કપની ફાઇનલમાં પણ તે મોટી ઇનિંગ્સ રમવામાં નિષ્ફળ રહ્યો હતો, પરંતુ દુબઈમાં ન્યુઝીલેન્ડ સામે તેણે અલગ અભિગમ અપનાવ્યો.

આ વખતે રોહિતે આક્રમક શરૂઆત કરી અને પોતાની વિકેટ પણ જાળવી રાખી. શુભમન ગિલ સાથે મળીને પ્રથમ 10 ઓવરમાં 64 રન જોડ્યા બાદ, તેણે સાવચેતીપૂર્વક રમત આગળ વધારી.  જો કે, આ ટૂર્નામેન્ટમાં ફાઇનલ પહેલાં રોહિતનું પ્રદર્શન જોઈએ તો, તેણે 4 ઇનિંગ્સમાં 26ની સરેરાશથી માત્ર 104 રન બનાવ્યા હતા. પરંતુ ફાઇનલમાં તેણે સૌથી મોટી અને યાદગાર ઇનિંગ રમીને ટીમને મજબૂત સ્થિતિમાં પહોંચાડી. વર્તમાન ટૂર્નામેન્ટમાં આ તેની સર્વોચ્ચ વ્યક્તિગત ઇનિંગ્સ પણ છે, જે ટીમ ઇન્ડિયા માટે ખૂબ જ લાભદાયક સાબિત થઈ.

રોહિત શર્માએ 2007 T20 વર્લ્ડ કપમાં પોતાની પ્રથમ ICC ફાઇનલ રમી હતી, જેમાં પાકિસ્તાન સામે તેણે 16 બોલમાં 30 રનનું યોગદાન આપ્યું હતું. ત્યારબાદ, ચેમ્પિયન્સ ટ્રોફી 2013ની ફાઇનલમાં ઇંગ્લેન્ડ સામે 14 બોલમાં 9 રન અને T20 વર્લ્ડ કપ 2014ની ફાઇનલમાં 26 બોલમાં 29 રન બનાવ્યા હતા. ચેમ્પિયન્સ ટ્રોફી 2017ની ફાઇનલમાં તે પાકિસ્તાન સામે ખાતું ખોલાવ્યા વિના આઉટ થયો હતો.

વર્લ્ડ ટેસ્ટ ચેમ્પિયનશિપ (WTC)ની બે ફાઇનલમાં પણ રોહિતનું પ્રદર્શન સામાન્ય રહ્યું હતું. WTC 2021માં ન્યુઝીલેન્ડ સામે તેણે 34 અને 30 રન બનાવ્યા હતા, જ્યારે WTC 2023માં ઓસ્ટ્રેલિયા સામે 15 અને 43 રન બનાવ્યા હતા. 2023 ODI વર્લ્ડ કપની ફાઇનલમાં ઓસ્ટ્રેલિયા સામે તે 31 બોલમાં 47 રન કરીને આઉટ થયો હતો અને T20 વર્લ્ડ કપ 2024ની ફાઇનલમાં દક્ષિણ આફ્રિકા સામે માત્ર 5 બોલમાં 9 રન બનાવી શક્યો હતો.

આ પણ વાંચો...

ક્રિકેટ જગતમાં ભૂકંપ: ચેમ્પિયન્સ ટ્રોફીની ફાઇનલ બાદ રોહિત શર્માની ODIમાંથી નિવૃત્તિ?",https://gujarati.abplive.com/sports/cricket/rohit-sharma-achieves-first-50-score-in-icc-finals-against-new-zealand-932166,13,2025-04-01 18:47:07
,,"Indian spinners record IND vs NZ: ભારત અને ન્યુઝીલેન્ડ વચ્ચે દુબઈમાં રમાઈ રહેલી ચેમ્પિયન્સ ટ્રોફી 2025ની ફાઇનલ મેચમાં ભારતીય સ્પિનરોએ એક અનોખો રેકોર્ડ પોતાના નામે કર્યો છે. ભારતીય સ્પિન બોલરોએ ફાઇનલ મેચમાં કીવી બેટ્સમેનોને જકડી રાખ્યા હતા અને સ્પિન ઓવરોની સંખ્યામાં ચેમ્પિયન્સ ટ્રોફીના ઇતિહાસમાં બીજું સ્થાન હાંસલ કર્યું છે.

દુબઈ ઇન્ટરનેશનલ સ્ટેડિયમમાં રમાયેલી ફાઇનલમાં ન્યુઝીલેન્ડે ટોસ જીતીને બેટિંગ પસંદ કરી હતી. ભારતીય કેપ્ટન રોહિત શર્માએ પરિસ્થિતિનો લાભ લેવા માટે સ્પિન બોલરોનો કુશળતાપૂર્વક ઉપયોગ કર્યો હતો. ભારતીય સ્પિનરોએ ન્યુઝીલેન્ડની ઇનિંગમાં કુલ 38 ઓવર ફેંકી, જે ચેમ્પિયન્સ ટ્રોફીની એક ઇનિંગમાં બીજી સૌથી વધુ સ્પિન ઓવર છે. આ શાનદાર બોલિંગના કારણે ભારતે ન્યુઝીલેન્ડને 251 રનના સ્કોર પર સીમિત રાખવામાં સફળતા મેળવી હતી.

ચેમ્પિયન્સ ટ્રોફીમાં સ્પિન ઓવરનો રેકોર્ડ:

ચેમ્પિયન્સ ટ્રોફીની એક મેચમાં સૌથી વધુ સ્પિન ઓવર ફેંકવાનો રેકોર્ડ શ્રીલંકાના નામે છે. વર્ષ 2002માં કોલંબોમાં ઓસ્ટ્રેલિયા સામે રમાયેલી સેમીફાઈનલ મેચમાં શ્રીલંકન સ્પિનરોએ 39.4 ઓવર ફેંકી હતી. આ યાદીમાં ભારત હવે બીજા ક્રમે છે, જ્યારે ત્રીજા ક્રમે પણ ભારત જ છે, જેમણે ચાલુ ચેમ્પિયન્સ ટ્રોફીમાં ન્યુઝીલેન્ડ સામેની ગ્રુપ સ્ટેજ મેચમાં 37.3 ઓવર સ્પિન બોલિંગ કરી હતી.

ચેમ્પિયન્સ ટ્રોફીની એક ઇનિંગમાં સૌથી વધુ સ્પિન ઓવર (ટોપ-4):

ક્રમ

ઓવર

ટીમ વિરુદ્ધ ટીમ

સ્થળ, વર્ષ

રાઉન્ડ

1

39.4

શ્રીલંકા વિ ઓસ્ટ્રેલિયા

કોલંબો આરપીએસ, 2002

સેમી-ફાઇનલ

2

38

ભારત વિ ન્યુઝીલેન્ડ

દુબઈ, 2025

ફાઇનલ

3

37.3

ભારત વિ ન્યુઝીલેન્ડ

દુબઈ, 2025

ગ્રુપ સ્ટેજ

4

36.5

શ્રીલંકા વિ ન્યુઝીલેન્ડ

ઢાકા, 1998

ક્વાર્ટર ફાઈનલ

જો વનડે ક્રિકેટની વાત કરીએ તો, એક ઇનિંગ્સમાં સૌથી વધુ સ્પિન ઓવર ફેંકવાના મામલે ભારત ત્રીજા ક્રમે આવે છે. ભારતે 2011માં વેસ્ટ ઈન્ડિઝ સામે 41.2 ઓવર સ્પિન બોલિંગ કરી હતી, જે વનડે ક્રિકેટમાં ભારતીય સ્પિનરો દ્વારા ફેંકવામાં આવેલી સૌથી વધુ ઓવર છે.

વનડે મેચમાં ભારતીય સ્પિનરો દ્વારા સૌથી વધુ ઓવર (ટોપ-4):

ક્રમ

ઓવર

વિરુદ્ધ ટીમ

સ્થળ, વર્ષ

1

41.2

વિ વેસ્ટ ઈન્ડિઝ

ઇન્દોર, 2011

2

39

વિ કેન્યા

ગ્વાલિયર, 1998

3

38

વિ ન્યુઝીલેન્ડ

દુબઈ, ચેમ્પિયન્સ ટ્રોફી 2025 ફાઇનલ

4

37.3

વિ ન્યુઝીલેન્ડ

દુબઈ, ચેમ્પિયન્સ ટ્રોફી 2025

ભારતીય સ્પિનરોએ ફાઇનલ મેચમાં કરેલા આ પ્રદર્શનથી ક્રિકેટ ચાહકો અને નિષ્ણાતો પ્રભાવિત થયા છે, અને ટીમના બોલિંગ આક્રમણની પ્રશંસા કરી રહ્યા છે.

આ પણ વાંચો...

ટીમ ઈન્ડિયા માટે 'રવિવાર' જ અસલી વિલન? ફાઇનલમાં ન્યૂઝીલેન્ડ સામે હારનું જોખમ તોળાઈ રહ્યું છે!",https://gujarati.abplive.com/sports/cricket/ind-vs-nz-indian-spinners-shine-create-unique-record-in-final-match-932163,13,2025-04-01 18:47:12
,,"રોહિત શર્મા ચેમ્પિયન્સ ટ્રોફીની ફાઇનલમાં બેટિંગ કરવા આવ્યો કે તરત જ તેણે બીજા જ બોલથી એક નવો રેકોર્ડ બનાવ્યો છે. આ પછી, જેમ જેમ તેણે વધુ રન બનાવ્યા, પાકિસ્તાનના પૂર્વ કેપ્ટન બાબર આઝમને પણ તેણે પાછળ છોડી દીધો છે. આજે પણ રોહિત શર્મા એ જ સ્ટાઈલમાં બેટિંગ કરે છે જેના માટે તે જાણીતો છે. આક્રમક શૈલીમાં, રોહિતે કાયલ જેમસનને પહેલી જ ઓવરમાં ધોઈ નાખ્યો.

રોહિત શર્માએ ન્યૂઝીલેન્ડ સામેની વનડેમાં 1000 રન પૂરા કર્યા

ન્યુઝીલેન્ડ સામેની આ મેચ પહેલા રોહિત શર્માએ વનડેમાં 997 રન બનાવ્યા હતા. એટલે કે તેને આ ટીમ સામે 1000 રન પૂરા કરવા માટે માત્ર ત્રણ વધુ રનની જરૂર હતી. તેણે પહેલા બોલ પર સ્ટ્રાઇક લીધી અને બીજા બોલ પર કાયલ જેમ્સનને સિક્સર ફટકારી. આ સાથે તેણે આ ટીમ સામે 1000 રન પૂરા કર્યા, તે પણ સ્ટાઇલમાં. આ પછી રોહિત શર્માએ  બાબર આઝમને પાછળ છોડી દીધો. પાકિસ્તાનના બાબર આઝમે ન્યૂઝીલેન્ડ સામે 23 વનડે મેચમાં 1009 રન બનાવ્યા હતા, પરંતુ રોહિત હવે તેનાથી આગળ નીકળી ગયો છે.

ન્યૂઝીલેન્ડે પ્રથમ બેટિંગ કરીને 251 રન બનાવ્યા હતા

આ પહેલા જ્યારે ન્યૂઝીલેન્ડની ટીમ બેટિંગ કરવા ઉતરી ત્યારે તે આખી 50 ઓવર રમીને પણ વધારે રન બનાવી શકી ન હતી. ટીમે સાત વિકેટના નુકસાન પર માત્ર 251 રન જ બનાવ્યા હતા. દુબઈની પીચ ચોક્કસપણે ધીમી છે, પરંતુ એટલી બધી નથી કે 250 રન પણ ન થાય. જોકે ભારતીય સ્પિનરોનું વર્ચસ્વ હતું, પરંતુ રોહિત શર્માએ જે રીતે બોલરોને બદલ્યા તેમાં પણ મોટો ફાળો હતો. ન્યુઝીલેન્ડની જે સાત વિકેટ પડી હતી તેમાંથી 5 વિકેટ સ્પિનરોને ગઈ હતી. મોહમ્મદ શમી એક વિકેટ લેવામાં સફળ રહ્યો હતો જ્યારે એક બેટ્સમેન રનઆઉટ થયો હતો.

ટીમ ઈન્ડિયા સતત ત્રીજી વખત ચેમ્પિયન્સ ટ્રોફીની ફાઈનલ રમી રહી છે

ભારતીય ટીમ સતત ત્રીજી વખત ICC ચેમ્પિયન્સ ટ્રોફીની ફાઈનલ રમી રહી છે. આ પહેલા ટીમ ઈન્ડિયાએ વર્ષ 2013ની ફાઈનલ રમી હતી, જેમાં ભારતે ઈંગ્લેન્ડને હરાવીને ટાઈટલ જીત્યું હતું. આ પછી ભારતીય ટીમ 2017ની ચેમ્પિયન્સ ટ્રોફીની ફાઇનલમાં પણ પહોંચી હતી. જો કે તે સમયે ભારતને હારનો સામનો કરવો પડ્યો હતો. હવે ભારત પાસે ફરી એકવાર ICCનું આ ખિતાબ કબજે કરવાની તક છે.",https://gujarati.abplive.com/sports/cricket/rohit-sharma-complete-1000-runs-vs-new-zealand-in-odis-left-behind-babar-azam-932159,14,2025-04-01 18:47:17
,,"India drops 4 catches final: ચેમ્પિયન્સ ટ્રોફી 2025માં ટીમ ઇન્ડિયાની સફર બેટિંગ અને બોલિંગમાં શાનદાર રહી, અને સતત જીત સાથે ફાઇનલમાં પહોંચી. પરંતુ આ સફળતા વચ્ચે, ટીમની ફિલ્ડિંગ એક નબળી કડી સાબિત થઈ. ફાઇનલ મેચમાં પણ આ ખામી સુધરી શકી નહીં અને ભારતના શ્રેષ્ઠ ફિલ્ડરોએ પણ મહત્વના કેચ છોડી દીધા.

આ સમગ્ર ટૂર્નામેન્ટ દરમિયાન, ભારતીય બોલરોએ વિરોધી ટીમોને મોટો સ્કોર કરતા રોક્યા, જ્યારે બેટ્સમેનોએ મુશ્કેલ પરિસ્થિતિઓમાં પણ જીત અપાવી. આમ છતાં, ફિલ્ડિંગમાં ખરાબ પ્રદર્શન ચિંતાજનક રહ્યું. ટીમ ઇન્ડિયાએ ટૂર્નામેન્ટમાં કુલ 11 કેચ છોડીને સૌને આશ્ચર્યમાં મૂકી દીધા. ફાઇનલમાં પણ આ સિલસિલો યથાવત રહ્યો અને ટીમે ફરી કેચ છોડી નિરાશ કર્યા.

રવિવાર, 9 માર્ચના રોજ ન્યુઝીલેન્ડ સામેની ફાઇનલ મેચમાં ફિલ્ડિંગ સુધારવાની અપેક્ષા હતી. પરંતુ ટૂર્નામેન્ટની શરૂઆતથી જ ટીમ આ ક્ષેત્રમાં પાછળ રહી. ફિલ્ડિંગ એકંદરે ઠીક લાગતી હતી, પરંતુ કેચ પકડવામાં ખેલાડીઓ જાણે હાથમાં માખણ લગાવીને આવ્યા હોય તેવું લાગ્યું, જેના કારણે સરળ કેચ પણ છૂટી રહ્યા હતા. ફાઇનલમાં તો સ્થિતિ વધુ ખરાબ થઈ અને ભારતીય ખેલાડીઓએ ટૂર્નામેન્ટનું સૌથી કંગાળ ફિલ્ડિંગનું પ્રદર્શન કરીને 4 કેચ છોડ્યા.

ફાઇનલમાં કેપ્ટન રોહિત શર્મા સહિત ચાર અલગ-અલગ ખેલાડીઓએ કેચ છોડ્યા. આ કેચ ડ્રોપનો સિલસિલો મોહમ્મદ શમીએ શરૂ કર્યો, જ્યારે તેણે ઇનિંગની સાતમી ઓવરમાં પોતાના જ બોલ પર રચિન રવિન્દ્રનો આસાન કેચ છોડ્યો. તે પછીની ઓવરમાં, ફરીથી રચિનને જીવનદાન મળ્યું, આ વખતે ભૂલ શ્રેષ્ઠ ફિલ્ડર ગણાતા શ્રેયસ અય્યરથી થઈ. વરુણ ચક્રવર્તીના બોલ પર અય્યરે રચિનનો કેચ ડ્રોપ કર્યો. આ જીવનદાનનો ફાયદો ઉઠાવી રચિને મોટા શોટ્સ ફટકાર્યા, જોકે બાદમાં કુલદીપે તેની ઇનિંગનો અંત આણ્યો.

આ પછી, 35મી અને 36મી ઓવરમાં પણ ટીમ ઇન્ડિયાએ ઉપરાછાપરી કેચ છોડ્યા. અક્ષર પટેલની પહેલી જ ઓવરમાં કેપ્ટન રોહિત શર્માએ ડેરીલ મિશેલનો મુશ્કેલ કેચ લેવાનો પ્રયાસ કર્યો, પરંતુ એક હાથે બોલ પકડવામાં તે સફળ ના રહ્યો. મિશેલ ત્યારે 38 રન પર હતો, અને બાદમાં તેણે 63 રન બનાવ્યા.  ત્યારબાદ રવિન્દ્ર જાડેજાના બોલ પર, શુભમન ગિલે બાઉન્ડ્રી નજીક ગ્લેન ફિલિપ્સને કેચ આઉટ કરવાની તક ગુમાવી. જોકે, ફિલિપ્સ માત્ર બે ઓવર પછી આઉટ થઈ ગયો હતો.

ચેમ્પિયન્સ ટ્રોફી 2025માં સૌથી વધુ કેચ છોડનારી ટીમ બની ભારત

આ ખરાબ ફિલ્ડિંગના કારણે, ટીમ ઈન્ડિયા ચેમ્પિયન્સ ટ્રોફી 2025માં સૌથી વધુ કેચ છોડનારી ટીમ બની. ભારતીય ટીમે સમગ્ર ટૂર્નામેન્ટમાં કુલ 11 કેચ છોડ્યા, એટલે કે દરેક મેચમાં વિરોધી બેટ્સમેનોને સરેરાશ બે થી વધુ વખત જીવનદાન આપ્યું. ફાઇનલમાં પણ ટીમે માત્ર 4 કેચ જ નથી છોડ્યા, પરંતુ રન આઉટ કરવાની એક સોનેરી તક પણ ગુમાવી હતી. કુલદીપ યાદવ રવિન્દ્ર જાડેજાના થ્રો પર સ્ટમ્પ પાસે પહોંચીને બોલને પકડવાના બદલે દૂરથી જોતો રહ્યો, જેના લીધે કિવી ટીમનો બેટ્સમેન આઉટ થતા બચી ગયો. આ જીવનદાનનો લાભ લઇ ન્યુઝીલેન્ડે 251 રનનો સ્કોર બનાવ્યો.

આ પણ વાંચો...

વિરાટ કોહલી ફાઈનલમાં રમશે કે નહીં? દુબઈથી ટીમ ઈન્ડિયા માટે આવ્યા માઠા સમાચાર!",https://gujarati.abplive.com/sports/cricket/ind-vs-nz-final-team-india-sets-record-for-most-catches-dropped-932155,14,2025-04-01 18:47:20
,,"Yuzvendra Chahal RJ Mahvash: ભારત અને ન્યુઝીલેન્ડ વચ્ચે ચેમ્પિયન્સ ટ્રોફી 2025ની ફાઇનલ મેચ દુબઈ ઇન્ટરનેશનલ સ્ટેડિયમમાં રમાઈ રહી છે, અને આ મેચને જોવા માટે ભારતીય ક્રિકેટ ટીમના સ્ટાર યુઝવેન્દ્ર ચહલ પણ પહોંચ્યા હતા. પરંતુ મેચ કરતાં પણ વધારે ચર્ચા યુઝવેન્દ્ર ચહલની સાથે સ્ટેન્ડમાં બેઠેલી એક 'મિસ્ટ્રી ગર્લ'ની થઈ રહી છે.

યુઝવેન્દ્ર ચહલ સ્ટેન્ડમાં એક અજાણી મહિલા સાથે બેઠેલા જોવા મળ્યા, જેની તસવીરો સોશિયલ મીડિયા પર ઝડપથી વાયરલ થઈ ગઈ છે. ચાહકોમાં એ જાણવાની ઉત્સુકતા વધી ગઈ છે કે આ રહસ્યમય મહિલા કોણ છે, જે ચહલ સાથે મેચનો આનંદ માણી રહી છે.

જાણવા જેવું છે કે યુઝવેન્દ્ર ચહલે થોડા સમય પહેલા જ ધનશ્રી વર્મા સાથે છૂટાછેડા લીધા છે.  એવામાં, ચહલને કોઈ નવી મહિલા સાથે જોતાં, ચાહકો અને મીડિયામાં અનેક સવાલો ઉભા થયા છે. શું યુઝવેન્દ્ર ચહલ ફરી પ્રેમમાં પડ્યા છે? શું આ 'મિસ્ટ્રી ગર્લ' ચહલની નવી ગર્લફ્રેન્ડ છે? સોશિયલ મીડિયા પર ફેન્સ આવા અનેક પ્રશ્નો પૂછી રહ્યા છે, અને અનુમાન લગાવી રહ્યા છે કે ચહલ ફરીથી કોઈને ડેટ કરી રહ્યા છે.

જોકે, આ 'મિસ્ટ્રી ગર્લ' કોઈ અજાણી નથી. યુઝવેન્દ્ર ચહલની સાથે સ્ટેન્ડમાં બેઠેલી છોકરીનું નામ આરજે માહવાશ છે, અને તે એક જાણીતી યુટ્યુબર અને રેડિયો જોકી છે. માહવાશ અને ચહલ અગાઉ પણ સાથે જોવા મળ્યા છે, અને તે સમયે પણ તેમના સંબંધોને લઈને અટકળો થઈ હતી. તે સમયે માહવાશે સોશિયલ મીડિયા દ્વારા સ્પષ્ટતા કરી હતી કે આ અહેવાલો પાયાવિહોણા છે.

Yuzvendra Chahal in the stands for CT Final. pic.twitter.com/uJXZAGKJ9b

Is she the new Bhabhi? pic.twitter.com/nMokM1SA3d

Chahal bhai ki khusi bhi ab kisi se dekhi nahi ja rhi hai.. Najar na lge dono ko

Yuzvendra Chahal ki nayi bandi!🌚#INDvsNZ pic.twitter.com/fNc7WTu43Q

હવે ફરીથી માહવાશ અને ચહલ સાથે જોવા મળ્યા છે, ત્યારે ચાહકો ફરીથી તેમના સંબંધો વિશે ચર્ચા કરી રહ્યા છે. શું યુઝવેન્દ્ર ચહલ અને આરજે માહવાશ ખરેખર ડેટ કરી રહ્યા છે, કે પછી તેઓ ફક્ત મિત્રો છે? આ સવાલનો જવાબ તો સમય જ આપશે, પરંતુ હાલમાં તો સોશિયલ મીડિયા પર આ 'મિસ્ટ્રી ગર્લ' અને યુઝવેન્દ્ર ચહલની જોડી ચર્ચાનો વિષય બની છે.

આ પણ વાંચો...

ક્રિકેટ જગતમાં ભૂકંપ: ચેમ્પિયન્સ ટ્રોફીની ફાઇનલ બાદ રોહિત શર્માની ODIમાંથી નિવૃત્તિ?",https://gujarati.abplive.com/sports/cricket/yuzvendra-chahal-rj-mahvash-watch-ind-vs-nz-final-together-sparks-rumors-932154,14,2025-04-01 18:47:24
,,"Ravindra Jadeja retirement hint: રવિન્દ્ર જાડેજા ચેમ્પિયન્સ ટ્રોફીની ફાઇનલ મેચ બાદ વનડે ફોર્મેટમાંથી નિવૃત્તિની જાહેરાત કરીને ક્રિકેટ જગતને ચોંકાવી શકે છે. ભારત અને ન્યુઝીલેન્ડ વચ્ચેની ચેમ્પિયન્સ ટ્રોફીની ફાઇનલ મેચ દરમિયાન કેટલાક એવા સંકેતો જોવા મળ્યા છે, જેના કારણે આવી અટકળો તેજ થઈ છે.

મેચમાં જ્યારે રવિન્દ્ર જાડેજાએ તેની ઓવરનો સ્પેલ પૂરો કર્યો, ત્યારે વિરાટ કોહલીએ તેને ઉમળકાભેર ગળે લગાવ્યો હતો. આ ભાવુક ક્ષણને ઘણા લોકોએ જાડેજાની સંભવિત નિવૃત્તિના સંકેત તરીકે જોયો છે. ઉલ્લેખનીય છે કે જાડેજા અગાઉથી જ T20 આંતરરાષ્ટ્રીય ફોર્મેટમાંથી નિવૃત્તિ લઈ ચૂક્યો છે.

રવિન્દ્ર જાડેજાની નિવૃત્તિનો મુદ્દો સોશિયલ મીડિયા પર ચર્ચાનો વિષય બન્યો છે, અને તેમના યોગદાન બદલ ચાહકો તેમને શુભેચ્છાઓ પાઠવી રહ્યા છે. ન્યુઝીલેન્ડ સામેની ફાઇનલ મેચમાં જાડેજાએ શાનદાર પ્રદર્શન કર્યું હતું. તેણે 10 ઓવરમાં માત્ર 30 રન આપીને એક વિકેટ ઝડપી હતી. બેટિંગમાં પણ તેણે 14 રનનું યોગદાન આપ્યું હતું. જોકે, ચેમ્પિયન્સ ટ્રોફી 2025માં જાડેજાનું પ્રદર્શન જોઈએ તો, 4 મેચમાં તેણે માત્ર ચાર વિકેટ લીધી છે અને બેટિંગમાં પણ ફાઈનલ પહેલાના 2 દાવમાં માત્ર 18 રન બનાવ્યા હતા.

Virat Kohli hugged Ravindra Jadeja after Jadeja bowled his spell. ❤️ pic.twitter.com/gznlREq52U

રવિન્દ્ર જાડેજાની ODI કારકિર્દી પર નજર કરીએ તો, ફેબ્રુઆરી 2009માં તેણે શ્રીલંકા સામે વનડે ક્રિકેટમાં પદાર્પણ કર્યું હતું. છેલ્લા 16 વર્ષથી તે વનડે ક્રિકેટમાં ટોચના ઓલરાઉન્ડરોમાંનો એક રહ્યો છે. ચેમ્પિયન્સ ટ્રોફી 2025ની ફાઇનલ મેચ પહેલા તેણે 203 ODI મેચોમાં 2,797 રન બનાવ્યા છે, જેમાં 13 અડધી સદીનો સમાવેશ થાય છે. જોકે, તે ક્યારેય વનડેમાં સદી ફટકારી શક્યો નથી. બોલિંગમાં તેણે ODI ક્રિકેટમાં 230 વિકેટ પોતાના નામે કરી છે.

નોંધનીય છે કે, ભારત અને ન્યુઝીલેન્ડ વચ્ચે ચેમ્પિયન્સ ટ્રોફી 2025ની ફાઈનલ મેચ પહેલા એક ખૂબ જ સુંદર અને રોમેન્ટિક દ્રશ્ય જોવા મળ્યું. ટીમ ઈન્ડિયાનો સ્ટાર બેટ્સમેન વિરાટ કોહલી અને તેની પત્ની અનુષ્કા શર્માનો એક વીડિયો સોશિયલ મીડિયા પર વાયરલ થઈ રહ્યો છે, જેમાં બંને એકબીજાને હાથ મિલાવીને શુભેચ્છા પાઠવતા જોવા મળે છે.

આ પણ વાંચો...

ટીમ ઈન્ડિયા માટે 'રવિવાર' જ અસલી વિલન? ફાઇનલમાં ન્યૂઝીલેન્ડ સામે હારનું જોખમ તોળાઈ રહ્યું છે!",https://gujarati.abplive.com/sports/cricket/champions-trophy-final-jadeja-hugs-kohli-drops-retirement-hint-932153,14,2025-04-01 18:47:27
,,"IND vs NZ :  દુબઈમાં ટીમ ઈન્ડિયા અને ન્યૂઝીલેન્ડ વચ્ચે ફાઈનલ મેચ રમાઈ રહી છે. આ મેચમાં ન્યૂઝીલેન્ડની ટીમે ટોસ જીતી પ્રથમ બેટિંગ કરવાનો નિર્ણય કર્યો હતો. ન્યૂઝીલેન્ડની ટીમે પ્રથમ બેટિંગ કરતા ભારતીય ટીમને જીત માટે 252 રનનો લક્ષ્યાંક આપ્યો છે. ન્યૂઝીલેન્ડ તરફથી મિશેલ-બ્રેસવેલે અડધી સદીની ઈનિંગ રમી હતી. ચેમ્પિયન્સ ટ્રોફી 2025 જીતવા માટે ટીમ ઈન્ડિયાએ 252 રન બનાવવા પડશે.

ન્યૂઝીલેન્ડે ભારતને 252 રનનો લક્ષ્યાંક આપ્યો

ચેમ્પિયન્સ ટ્રોફી 2025ની ફાઇનલમાં ન્યૂઝીલેન્ડે ભારતને 252 રનનો લક્ષ્યાંક આપ્યો છે. ટોસ જીતીને પ્રથમ બેટિંગ કરવા ઉતરેલી કિવી ટીમ 50 ઓવરમાં સાત વિકેટ ગુમાવીને 251 રન બનાવી શકી હતી. છેલ્લી પાંચ ઓવરમાં 50 રન બનાવ્યા હતા, જેના કારણે ન્યૂઝીલેન્ડ આ આંકડાને સ્પર્શી શક્યું હતું. ન્યૂઝીલેન્ડની ટીમે શરુઆત ખૂબ જ સારી કરી હતી પરંતુ બાદમાં વિકેટો પડવાનું શરુ થયું હતું.

Innings Break!Clinical bowling effort from #TeamIndia bowlers as they restrict New Zealand to a total of 251/7 in the Finals of the Champions Trophy! Scorecard - https://t.co/OlunXdzr5n #INDvNZ #ChampionsTrophy #Final pic.twitter.com/F4WmHJ4wJR

આ સ્કોરમાં સૌથી મોટો ફાળો માઈકલ બ્રેસવેલનો હતો. તેણે પોતાની ODI કારકિર્દીની પ્રથમ અડધી સદી ફટકારી હતી. બ્રેસવેલે 40 બોલમાં ત્રણ ચોગ્ગા અને બે છગ્ગાની મદદથી 53 રનની અણનમ ઇનિંગ રમી હતી. આ સિવાય ડેરિલ મિશેલે 63 રન અને ગ્લેન ફિલિપ્સે 34 રન બનાવ્યા હતા. ભારત તરફથી કુલદીપ યાદવ અને વરુણ ચક્રવર્તીએ બે-બે વિકેટ લીધી હતી. આ સાથે જ જાડેજાને એક વિકેટ મળી હતી. શમીએ એક વિકેટ અને એક ખેલાડી રનઆઉટ થયો હતો.

દુબઈ ઈન્ટરનેશનલ ક્રિકેટ સ્ટેડિયમમાં રમાઈ રહેલી આ ફાઈનલ મેચમાં ન્યૂઝીલેન્ડે ટોસ જીતીને પ્રથમ બેટિંગ કરવાનું પસંદ કર્યું હતું. રચિન રવિન્દ્ર અને વિલ યંગે ન્યૂઝીલેન્ડને શાનદાર શરૂઆત અપાવી હતી. રવિન્દ્રએ 29 બોલમાં 37 રનની શાનદાર ઇનિંગ રમી હતી. કેન વિલિયમસન માત્ર 11 રન બનાવીને આઉટ થયો હતો, પરંતુ ડેરિલ મિશેલ અને ગ્લેન ફિલિપ્સની 57 રનની ભાગીદારીએ ન્યૂઝીલેન્ડને ઘણી હદ સુધી મેચમાં પરત લાવી દીધું હતું. મિશેલે 63 અને ફિલિપ્સે 34 રન બનાવ્યા હતા.

IND vs NZ: રોહિત શર્માએ ટોસ હારી ફરી બનાવ્યો શરમજનક રેકોર્ડ",https://gujarati.abplive.com/sports/cricket/new-zealand-set-a-target-of-252-runs-for-india-in-the-final-of-champions-trophy-2025-932152,14,2025-04-01 18:47:33
,,"India vs New Zealand Final: ચેમ્પિયન્સ ટ્રૉફી (ચેમ્પિયન્સ ટ્રૉફી 2025) ની ફાઇનલ મેચ આજે દુબઈમાં ભારત અને ન્યૂઝીલેન્ડ વચ્ચે રમાઈ રહી છે. ટીમ ઈન્ડિયા ટૂર્નામેન્ટની બધી મેચ ફક્ત દુબઈમાં જ રમી રહી છે. ઘણા ભૂતપૂર્વ વિદેશી ક્રિકેટરોએ આ વિશે વાત કરી છે કે ટીમ ઈન્ડિયાને એક જ સ્ટેડિયમમાં રમવાનો ફાયદો મળ્યો છે, જ્યારે અન્ય ટીમોને એક જગ્યાએથી બીજી જગ્યાએ જવું પડતું હતું. ચેમ્પિયન્સ ટ્રૉફીની ફાઇનલ પહેલા પાકિસ્તાનના ભૂતપૂર્વ ફાસ્ટ બોલર જુનૈદ ખાને આંકડાઓ સાથેના ટ્વીટ દ્વારા ફરી એકવાર ચર્ચાને વેગ આપ્યો. આમાં તેમણે જણાવ્યું હતું કે ટૂર્નામેન્ટ દરમિયાન અન્ય ટીમોને મુસાફરી કરવી પડી હતી જ્યારે ભારતે મુસાફરી કરી ન હતી.

જુનૈદે પોતાની પોસ્ટમાં કહ્યું કે ચેમ્પિયન્સ ટ્રૉફીનું શિડ્યૂલ ટૂર્નામેન્ટમાં ભારતની સફળતા પાછળ એક મોટું પરિબળ રહ્યું છે. પોતાની પોસ્ટમાં તેમણે વાત કરી કે ચેમ્પિયન્સ ટ્રૉફી ટૂર્નામેન્ટની શરૂઆતથી ભારતની સરખામણીમાં ન્યૂઝીલેન્ડ અને દક્ષિણ આફ્રિકા જેવી ટીમોને કેટલી મુસાફરી કરવી પડી છે.

Distance traveled between matches in Champions Trophy 2025:• New Zealand: 7,150 KM ✈️• South Africa: 3,286 KM ✈️• India: 0 KM 🏡 Some teams win by skill, some win by scheduling... #indvsnzfinal #indvsnz #ChampionsTrophy2025 #ChampionsTrophy

તેણે પોતાના ભૂતપૂર્વ મિત્રના એકાઉન્ટ પર પોસ્ટ કરી અને ચેમ્પિયન્સ ટ્રૉફી દરમિયાન કોણે કેટલી મુસાફરી કરી તે વિશે લખ્યું. તેમણે દાવો કર્યો હતો કે ન્યૂઝીલેન્ડે 7,150 કિલોમીટર અને દક્ષિણ આફ્રિકાએ 3,286 કિલોમીટરનો પ્રવાસ કર્યો હતો જ્યારે ભારતે બિલકુલ પ્રવાસ કર્યો ન હતો.

અશ્વિને આપ્યો જવાબ - આર. અશ્વિને એક યુટ્યુબ ચેનલ પર વાત કરતા ચેમ્પિયન્સ ટ્રૉફી 2025 દરમિયાન ભારત દ્વારા એક જ સ્ટેડિયમમાં રમવા અંગે પ્રશ્નો ઉઠાવનારાઓને જવાબ આપ્યો હતો. તેમણે કહ્યું કે દક્ષિણ આફ્રિકા 2009 માં આ જ મેદાન પર રમ્યું હતું અને તે ક્વૉલિફાય પણ થઈ શક્યું ન હતું. એવું ન કહેવું જોઈએ કે એક જ મેદાન પર રમીને ભારતને વધારે ફાયદો થયો, જ્યારે રોહિત શર્મા અને ટીમે સારું રમ્યું છે.

આ પણ વાંચો

Rohit Records: વનડેનો 'બાદશાહ' છે રોહિત શર્મા, એકનજર 'હીટમેન' ના આ 5 મહારેકોર્ડ પર, જેને તોડવા અસંભવ...",https://gujarati.abplive.com/sports/cricket/final-match-news-new-zealand-cricket-team-travelled-7150-km-india-0-accusation-against-bcci-from-pakistan-ahead-ind-vs-nz-champions-trophy-2025-932146,14,2025-04-01 18:47:37
,,"Virat Kohli Anushka Sharma moment: ભારત અને ન્યુઝીલેન્ડ વચ્ચે ચેમ્પિયન્સ ટ્રોફી 2025ની ફાઈનલ મેચ પહેલા એક ખૂબ જ સુંદર અને રોમેન્ટિક દ્રશ્ય જોવા મળ્યું. ટીમ ઈન્ડિયાનો સ્ટાર બેટ્સમેન વિરાટ કોહલી અને તેની પત્ની અનુષ્કા શર્માનો એક વીડિયો સોશિયલ મીડિયા પર વાયરલ થઈ રહ્યો છે, જેમાં બંને એકબીજાને હાથ મિલાવીને શુભેચ્છા પાઠવતા જોવા મળે છે.

વિરાટ કોહલી માત્ર એક શાનદાર ક્રિકેટર જ નથી, પરંતુ તે પોતાના પરિવારને પણ એટલો જ પ્રેમ કરે છે. ઘણીવાર મેદાન પરથી પણ તે પોતાની પત્ની અનુષ્કા માટે પ્રેમ વ્યક્ત કરતો જોવા મળે છે. ચેમ્પિયન્સ ટ્રોફીની ફાઈનલ મેચ પહેલા પણ કંઈક આવું જ જોવા મળ્યું. દુબઈમાં મેચ શરૂ થાય તે પહેલા વિરાટ કોહલીએ મેદાન પરથી જ અનુષ્કા તરફ હાથ હલાવીને અભિવાદન કર્યું. જવાબમાં અનુષ્કાએ પણ હસીને હાથ મિલાવ્યા અને પોતાના પતિને ફાઈનલ માટે શુભેચ્છાઓ આપી. આ પ્રેમાળ મોમેન્ટ કેમેરામાં કેદ થઈ ગઈ અને સોશિયલ મીડિયા પર તેના ચાહકોએ તેને ખૂબ પસંદ કરી રહ્યા છે.

ઉલ્લેખનીય છે કે, ચેમ્પિયન્સ ટ્રોફી 2025 (Champions Trophy 2025)માં વિરાટ કોહલીનું બેટ તોફાની અંદાજમાં બોલી રહ્યું છે. આ ટૂર્નામેન્ટમાં વિરાટ શાનદાર ફોર્મમાં છે. તેણે ફાઈનલ મેચ સિવાય અત્યાર સુધી ચાર મેચોમાં કુલ 217 રન બનાવ્યા છે. જેમાં પાકિસ્તાન અને ઓસ્ટ્રેલિયા જેવી મજબૂત ટીમો સામેની મેચોમાં તેણે ટીમને જીત અપાવવામાં મહત્વની ભૂમિકા ભજવી છે.

*Anushka Sharma in the stadium*#INDvsNZ #ChampionsTrophy2025 pic.twitter.com/hyrqdBFDcu

પાકિસ્તાન સામેની મેચમાં વિરાટે (Virat Kohli) અણનમ 100 રનની શાનદાર સદી ફટકારી હતી, જ્યારે ઓસ્ટ્રેલિયા સામેની સેમિફાઈનલ મેચમાં પણ મુશ્કેલ પરિસ્થિતિમાં 84 રનની મહત્વપૂર્ણ ઇનિંગ રમી હતી. જેના પરિણામે ટીમ ઈન્ડિયા આ મેચો જીતવામાં સફળ રહી.

હવે જ્યારે ટીમ (Team India) ફાઈનલમાં પહોંચી છે, ત્યારે ફરી એકવાર ક્રિકેટ ચાહકો વિરાટ કોહલી પાસેથી ફાઈનલ મેચમાં પણ આવા જ ધમાકેદાર પ્રદર્શનની અપેક્ષા રાખી રહ્યા છે. જો ફાઈનલમાં પણ કિંગ કોહલીનો જાદુ ચાલ્યો તો ટીમ ઈન્ડિયાનો વિજય નિશ્ચિત માનવામાં આવી રહ્યો છે.

આ પણ વાંચો...

ક્રિકેટ જગતમાં ભૂકંપ: ચેમ્પિયન્સ ટ્રોફીની ફાઇનલ બાદ રોહિત શર્માની ODIમાંથી નિવૃત્તિ?",https://gujarati.abplive.com/sports/cricket/ind-vs-nz-final-virat-kohli-waves-at-anushka-sharma-video-goes-viral-932142,14,2025-04-01 18:47:46
,,"Virat Kohli gives tip to Rohit: ચેમ્પિયન્સ ટ્રોફી 2025ની ફાઇનલમાં ભારત અને ન્યૂઝીલેન્ડ વચ્ચે રમાયેલા હાઈ-વોલ્ટેજ મુકાબલામાં એક રોમાંચક ઘટના જોવા મળી. ન્યૂઝીલેન્ડની બેટિંગ ચાલી રહી હતી ત્યારે પૂર્વ કેપ્ટન વિરાટ કોહલીએ વર્તમાન કેપ્ટન રોહિત શર્માને ફિલ્ડિંગ પોઝિશનને લઈને મહત્વપૂર્ણ સૂચનો આપ્યા, અને તેનું પરિણામ તરત જ જોવા મળ્યું – ભારતે બીજી જ ઓવરમાં વિકેટ ઝડપી પાડી.

મેચની શરૂઆતમાં ન્યૂઝીલેન્ડના કેપ્ટન સેન્ટનરે ટોસ જીતીને પ્રથમ બેટિંગ કરવાનો નિર્ણય કર્યો. કિવી ટીમના ઓપનરો રચિન રવિન્દ્ર અને વિલ યંગે ટીમને મજબૂત શરૂઆત આપવાનો પ્રયાસ કર્યો, પરંતુ તેમની ભાગીદારી લાંબી ચાલી શકી નહીં. બંને ખેલાડીઓ સારી લયમાં બેટિંગ કરી રહ્યા હતા અને લાગી રહ્યું હતું કે ન્યૂઝીલેન્ડ મોટો સ્કોર ઉભો કરી શકશે.

સાતમી ઓવર ચાલી રહી હતી ત્યારે વિરાટ કોહલીએ મેદાન પર કેપ્ટન રોહિત શર્માનો સંપર્ક કર્યો. કોહલીએ રોહિતને ફિલ્ડિંગ પોઝિશન બદલવા અંગે કેટલાક સૂચનો આપ્યા. રોહિતે કોહલીની વાતને ગંભીરતાથી લીધી અને તરત જ ફિલ્ડિંગમાં ફેરફાર કર્યો. આ વ્યૂહાત્મક બદલાવનું પરિણામ તરત જ જોવા મળ્યું.

આઠમી ઓવરના પ્રથમ બોલ પર મિસ્ટ્રી સ્પિનર વરુણ ચક્રવર્તીએ વિલ યંગને LBW આઉટ કરીને ભારતને મોટી સફળતા અપાવી. રસપ્રદ વાત એ છે કે વિલ યંગ કેચ આઉટ થયો ન હતો, પરંતુ કોહલીના સૂચન બાદ ફિલ્ડિંગ પોઝિશનમાં થયેલા ફેરફારથી દબાણમાં આવીને તે LBW થયો. વિલ યંગે 15 રન બનાવ્યા હતા જ્યારે રચિન રવિન્દ્ર 37 રન બનાવીને ટોપ સ્કોરર રહ્યો હતો. કેવ વિલિયમસન માત્ર 11 રન જ બનાવી શક્યો.

Virat Kohli giving tips to Rohit Sharma leading to a wicket in the very next over. pic.twitter.com/OPQL04tj1i

વિકેટ મળ્યા પછી રોહિત શર્માએ ઉત્સાહમાં વિરાટ કોહલીને ગળે લગાવીને તેનો આભાર માન્યો. આ ઘટનાનો વીડિયો સોશિયલ મીડિયા પર ઝડપથી વાયરલ થઈ રહ્યો છે, જેમાં કોહલીની ક્રિકેટ પ્રત્યેની સમજણ અને રોહિતની ખેલદિલીના લોકો વખાણ કરી રહ્યા છે.

મેચની વાત કરીએ તો, ભારતીય સ્પિનરોએ શાનદાર બોલિંગ કરીને ન્યૂઝીલેન્ડના બેટ્સમેનોને પરેશાન કર્યા હતા. ટોસ જીતીને બેટિંગ કરવાનું પસંદ કરનાર ન્યૂઝીલેન્ડની ટીમ ભારતીય બોલરો સામે સંઘર્ષ કરતી જોવા મળી હતી. આ ઘટના દર્શાવે છે કે ક્રિકેટમાં રણનીતિ અને અનુભવ કેટલા મહત્વપૂર્ણ છે, અને કેવી રીતે એક નાનું સૂચન પણ મેચનો ટર્નિંગ પોઈન્ટ સાબિત થઈ શકે છે.

આ પણ વાંચો....

પ્રેસ કોન્ફરન્સમાં ગિલની 10 મોટી વાતો: રોહિતની નિવૃત્તિ, અને ચેમ્પિયન્સ ટ્રોફી ફાઇનલને લઈ કર્યો મોટો ધડાકો!",https://gujarati.abplive.com/sports/cricket/viral-video-kohli-guides-rohit-india-gets-wicket-in-next-over-932136,14,2025-04-01 18:47:50
,,"Matt Henry injury video: ભારત અને ન્યૂઝીલેન્ડ વચ્ચે ચેમ્પિયન્સ ટ્રોફી 2025ની ફાઇનલ મેચ દુબઈ ઇન્ટરનેશનલ ક્રિકેટ સ્ટેડિયમ ખાતે રમાઈ રહી છે. મેચ શરૂ થતાં પહેલાં એક ભાવુક દ્રશ્ય જોવા મળ્યું હતું જ્યારે ન્યૂઝીલેન્ડના મુખ્ય બોલર મેટ હેનરીને ઇજાના કારણે ફાઇનલ મેચની પ્લેઇંગ 11માંથી બહાર થવું પડ્યું. મેદાન છોડતી વખતે મેટ હેનરીની આંખોમાં આંસુ હતા, જે દર્શાવે છે કે તે દેશ માટે ફાઇનલમાં રમવા અને યોગદાન આપવા માટે કેટલો ઉત્સુક હતો.

ચેમ્પિયન્સ ટ્રોફી 2025ની ફાઇનલમાં ટોસ માટે જ્યારે ટીમ ઈન્ડિયાના કેપ્ટન રોહિત શર્મા અને ન્યૂઝીલેન્ડના કેપ્ટન મિશેલ સેન્ટનર મેદાન પર આવ્યા, ત્યારે મેટ હેનરી પણ ટીમ સાથે હતો. જોકે, તે પ્લેઇંગ 11નો ભાગ નહોતો અને જ્યારે તે મેદાનની બહાર જઈ રહ્યો હતો ત્યારે તે ભાવુક થઈ ગયો હતો. સેમિફાઇનલમાં થયેલી ઈજાના કારણે તે ફાઇનલ મેચ માટે ફિટ થઈ શક્યો નહોતો.

મેટ હેનરી ન્યૂઝીલેન્ડ ટીમ માટે ટુર્નામેન્ટમાં શાનદાર ફોર્મમાં હતો, પરંતુ સેમિફાઇનલ મેચ દરમિયાન ખભામાં થયેલી ઈજાએ તેને ફાઇનલ મેચમાંથી બહાર કરી દીધો.  એક ખેલાડી માટે દેશ માટે રમવું અને મહત્વપૂર્ણ મેચોમાં યોગદાન આપવું સૌથી મોટું સપનું હોય છે, અને મેટ હેનરી પણ આ સપના સાથે જ આ ટુર્નામેન્ટમાં આવ્યો હતો. પરંતુ ઇજાના કારણે તેનું સપનું અધૂરું રહી ગયું.

મેટ હેનરીની જગ્યાએ નાથન સ્મિથને ન્યૂઝીલેન્ડની પ્લેઇંગ 11માં સામેલ કરવામાં આવ્યો છે.

ચેમ્પિયન્સ ટ્રોફી ફાઇનલ માટે ન્યૂઝીલેન્ડની પ્લેઇંગ 11: વિલ યંગ, રચિન રવિન્દ્ર, કેન વિલિયમસન, ડેરીલ મિશેલ, ટોમ લાથમ (વિકેટ-કીપર), ગ્લેન ફિલિપ્સ, માઈકલ બ્રેસવેલ, મિચેલ સેન્ટનર (કેપ્ટન), કાયલ જેમિસન, વિલ ઓ'રર્ક, નાથન સ્મિથ.

BREAKING: Matt Henry is OUT of the ICC Champions Trophy final with a shoulder injury 🚨 pic.twitter.com/qmBvTmVsiD

ન્યૂઝીલેન્ડના કેપ્ટન મિશેલ સેન્ટનરે ટોસ જીતીને પ્રથમ બેટિંગ કરવાનો નિર્ણય લીધો છે. ન્યૂઝીલેન્ડે સેમિફાઇનલમાં દક્ષિણ આફ્રિકાને હરાવ્યું હતું, જ્યારે ટીમ ઈન્ડિયાએ સેમિફાઇનલમાં ઓસ્ટ્રેલિયાને હરાવી ફાઇનલમાં જગ્યા બનાવી હતી. ભારતે સેમિફાઇનલમાં જે ટીમ રમાડી હતી, તે જ પ્લેઇંગ 11 સાથે ફાઇનલમાં પણ રમશે.

ચેમ્પિયન્સ ટ્રોફી ફાઇનલ માટે ટીમ ઈન્ડિયાની પ્લેઇંગ 11: રોહિત શર્મા (કેપ્ટન), શુભમન ગિલ, વિરાટ કોહલી, શ્રેયસ ઐયર, અક્ષર પટેલ, કેએલ રાહુલ (વિકેટ કીપર), હાર્દિક પંડ્યા, રવિન્દ્ર જાડેજા, મોહમ્મદ શમી, કુલદીપ યાદવ, વરુણ ચક્રવર્તી.

આ પણ વાંચો....

ક્રિકેટ જગતમાં ભૂકંપ: ચેમ્પિયન્સ ટ્રોફીની ફાઇનલ બાદ રોહિત શર્માની ODIમાંથી નિવૃત્તિ?",https://gujarati.abplive.com/sports/cricket/champions-trophy-2025-matt-henry-ruled-out-emotional-exit-video-932133,14,2025-04-01 18:48:01
,,"Shoaib Akhtar on Rohit Sharma: રવિવારે દુબઈ ઇન્ટરનેશનલ ક્રિકેટ સ્ટેડિયમ ખાતે ભારત અને ન્યુઝીલેન્ડ વચ્ચે ICC ચેમ્પિયન્સ ટ્રોફી 2025ની ફાઇનલ મેચ રમાઈ રહી છે. ન્યુઝીલેન્ડના કેપ્ટન મિશેલ સેન્ટનરે ટોસ જીતીને પ્રથમ બેટિંગ કરવાનો નિર્ણય લીધો છે. ટોસ સમયે સેન્ટનરે જણાવ્યું હતું કે મેટ હેનરી દક્ષિણ આફ્રિકા સામેની સેમિફાઇનલ દરમિયાન થયેલી ઈજામાંથી સાજો થયો ન હોવાથી આ મેચમાં રમી રહ્યો નથી. ભારતે આ ટૂર્નામેન્ટમાં અત્યાર સુધી અજેય રહીને ફાઇનલમાં પ્રવેશ કર્યો છે, જેમાં સેમિફાઇનલમાં ઓસ્ટ્રેલિયાને હરાવીને પોતાની ફાઇનલ ટિકિટ પાક્કી કરી હતી.

પાકિસ્તાનના પૂર્વ ફાસ્ટ બોલર શોએબ અખ્તરે ભારતીય ટીમને લઈને એક મોટું નિવેદન આપ્યું છે. અખ્તરે કહ્યું કે ભલે ભારતીય ટીમ ટોસ હારી ગઈ હોય, પરંતુ રોહિત શર્મા ટોસ હાર્યા પછી મેચ હારતો નથી. તેણે કહ્યું કે રોહિત શર્માનું નસીબ એવું છે કે તે ટોસ જીતતો નથી, પરંતુ આજનો દિવસ રોહિત શર્માનો જ હશે. અખ્તરે જણાવ્યું કે ન્યુઝીલેન્ડ ટીમ મોટું સ્કોર કરવાનો પ્રયાસ કરશે અને ઊંડા ઉતરવાનો પ્રયાસ કરશે, કારણ કે તેઓ જાણે છે કે ભારત સ્પિન બોલિંગમાં મજબૂત છે.

શોએબ અખ્તરે કહ્યું કે ભારત આ મેચ જીતવા માટે ફેવરિટ છે અને તેનું કારણ બધા જાણે છે. ભારતીય ટીમ અજેય છે અને તેમની પાસે બેટિંગ અને બોલિંગનું સંપૂર્ણ સંયોજન છે. હાર્દિક પંડ્યા અને શમી મધ્ય ઓવરોમાં વિકેટ લેવા માટે ખૂબ જ મજબૂત ફાસ્ટ બોલર છે. અખ્તરે એમ પણ કહ્યું કે શમીની નજર ન્યુઝીલેન્ડ સામે વર્લ્ડ કપ 2023માં કરેલા પ્રદર્શન પર પણ રહેશે.

અખ્તરે ભારતીય બેટિંગ અને બોલિંગને સંપૂર્ણ ગણાવી છે અને કહ્યું કે તેમની પાસે સફેદ બોલ ક્રિકેટનો ચેસ માસ્ટર વિરાટ કોહલી છે, જેની સામે કોઈ ટીમ પાસે કોઈ ઉકેલ નથી. જો કે, અખ્તરે એક મોટી ભવિષ્યવાણી કરતાં કહ્યું કે જો આજે રોહિત શર્મા શરૂઆતથી જ આક્રમક બેટિંગ કરે છે અને જો તે 50-60 રન બનાવી દે છે, તો પછી ન્યુઝીલેન્ડનું કામ સંપૂર્ણપણે બગડી જશે. અખ્તરે ભારતને એક અજેય ટીમ ગણાવી છે અને કહ્યું કે બે-ત્રણ કલાકમાં ખબર પડશે કે ન્યુઝીલેન્ડ જીતે છે કે નહીં. હવે જોવાનું એ રહેશે કે શોએબ અખ્તરની આ ભવિષ્યવાણી સાચી પડે છે કે નહીં.

આ પણ વાંચો....

પ્રેસ કોન્ફરન્સમાં ગિલની 10 મોટી વાતો: રોહિતની નિવૃત્તિ, અને ચેમ્પિયન્સ ટ્રોફી ફાઇનલને લઈ કર્યો મોટો ધડાકો!",https://gujarati.abplive.com/sports/cricket/ind-vs-nz-final-shoaib-akhtar-backs-rohit-sharma-predicts-win-932131,14,2025-04-01 18:48:06
,,"Rachin Ravindra record IN Champions Trophy 2025: રચિન રવિન્દ્રએ ભારત સામે ચેમ્પિયન્સ ટ્રોફી(champions trophy 2025)ની ફાઇનલમાં એક ખાસ કારનામું કર્યું છે. રવિન્દ્ર ચેમ્પિયન્સ ટ્રોફીની એક જ સિઝનમાં ન્યૂઝીલેન્ડ માટે સૌથી વધુ રન બનાવનાર કિવી બેટ્સમેન બની ગયો છે. રચિન રવિન્દ્ર આ ચેમ્પિયન્સ ટ્રોફીમાં 250થી વધુ રન બનાવવામાં સફળ રહ્યો છે. આ પહેલા ન્યૂઝીલેન્ડ માટે ચેમ્પિયન્સ ટ્રોફીની એક સિઝનમાં સૌથી વધુ રન બનાવવાનો રેકોર્ડ કેન વિલિયમસનના નામે હતો. વિલિયમસને 2017ની ચેમ્પિયન્સ ટ્રોફીમાં 3 મેચમાં 244 રન બનાવ્યા હતા. હવે રચિન તેનો રેકોર્ડ તોડીને વિલિયમ્સન કરતાં પણ આગળ નીકળી ગયો છે. રચિન રવિન્દ્ર ચેમ્પિયન્સ ટ્રોફીના ઈતિહાસમાં એક સિઝનમાં 250થી વધુ રન બનાવનાર ન્યૂઝીલેન્ડનો પ્રથમ બેટ્સમેન બની ગયો છે.

તમને જણાવી દઈએ કે ચેમ્પિયન્સ ટ્રોફીની એક સિઝનમાં સૌથી વધુ રન બનાવવાનો રેકોર્ડ ક્રિસ ગેલના નામે છે. ગેઈલે 2006-07માં 8 મેચમાં 474 રન બનાવ્યા હતા.

ન્યૂઝીલેન્ડે ટોસ જીતીને પ્રથમ બેટિંગ કરી હતી

મેચની વાત કરીએ તો રવિવારે ભારત સામે ચેમ્પિયન્સ ટ્રોફીની ફાઇનલમાં ન્યૂઝીલેન્ડે ટોસ જીતીને પ્રથમ બેટિંગ કરવાનો નિર્ણય કર્યો હતો. ન્યૂઝીલેન્ડના કેપ્ટન મિચેલ સેન્ટનરે ટોસ જીત્યા બાદ કહ્યું કે ભવિષ્યમાં પિચ ધીમી બની શકે છે. આવી સ્થિતિમાં તેની ટીમ સ્કોરબોર્ડ પર સારો સ્કોર બનાવવાનો પ્રયાસ કરશે. મેટ હેનરી નથી રમી રહ્યો, તેના સ્થાને નાથન સ્મિથને ટીમમાં લાવવામાં આવ્યો છે.

ભારતીય કેપ્ટન રોહિત શર્માએ કહ્યું કે તેને બાદમાં બેટિંગ કરવામાં કોઈ સમસ્યા નથી. તેણે કહ્યું કે છેલ્લી મેચમાં પણ તેની ટીમે સરળતાથી લક્ષ્યાંકનો પીછો કર્યો હતો. રોહિતે કહ્યું કે અંતે મહત્વની બાબત એ છે કે તેની ટીમ કેવું પ્રદર્શન કરે છે અને ભારતીય ડ્રેસિંગ રૂમમાં ચર્ચા એ છે કે પરિસ્થિતિને બદલે પોતાની રમત પર ધ્યાન કેન્દ્રિત કરવું. ભારતીય ટીમમાં કોઈ ફેરફાર કરવામાં આવ્યો નથી.

ભારતે પ્લેઈંગ ઈલેવનમાં કોઈ ફેરફાર કર્યો નથી. ભારતીય કેપ્ટન રોહિત શર્મા ફરી એકવાર ટોસ હારી ગયો છે.

ભારતની પ્લેઈંગ ઈલેવન: રોહિત શર્મા (કેપ્ટન), શુભમન ગિલ, વિરાટ કોહલી, શ્રેયસ ઐયર, અક્ષર પટેલ, કેએલ રાહુલ (વિકેટકીપર), હાર્દિક પંડ્યા, રવિન્દ્ર જાડેજા, મોહમ્મદ શમી, કુલદીપ યાદવ, વરુણ ચક્રવર્તી.

ન્યૂઝીલેન્ડ: વિલ યંગ, રચિન રવિન્દ્ર, કેન વિલિયમસન, ડેરીલ મિચેલ, ટોમ લાથમ (વિકેટકીપર), ગ્લેન ફિલિપ્સ, માઈકલ બ્રેસવેલ, મિશેલ સેન્ટનર (કેપ્ટન), કાયલ જૈમીસન, વિલિયમ ઓરુર્કે, નાથન સ્મિથ.

રોહિત શર્મા સતત ટોસ હારી રહ્યો છે. વનડેમાં સૌથી વધુ ટોસ હારનારા ટોપ-3 કેપ્ટનોમાં તેનું નામ સામેલ છે. રોહિત સતત 12 ODI મેચોમાં ટોસ હાર્યો છે. તે ODIમાં સૌથી વધુ ટોસ હારનાર કેપ્ટન બની ગયો છે.  રોહિત શર્માએ ટોસ હારવામાં બ્રાયન લારાની બરાબરી કરી છે.  લારાના નામે ODIમાં સતત 12 વખત ટોસ હારવાનો શરમજનક રેકોર્ડ છે.",https://gujarati.abplive.com/sports/cricket/rachin-ravindra-record-for-new-zealand-most-runs-in-a-series-for-icc-champions-trophy-ind-vs-nz-final-932127,14,2025-04-01 18:48:21
,,"Champions Trophy 2025 final: ક્રિકેટ જગતના ચાહકોની નજર હવે ચેમ્પિયન્સ ટ્રોફી 2025ની ફાઇનલ પર મંડાયેલી છે, જેમાં ભારત અને ન્યુઝીલેન્ડની ટીમો દુબઈના ઇન્ટરનેશનલ ક્રિકેટ સ્ટેડિયમ ખાતે ટકરાશે. આ મેચ માત્ર એટલા માટે ખાસ નથી કે 25 વર્ષ બાદ આ બંને ટીમો ફાઇનલમાં સામસામે છે, પરંતુ એક એવા નિયમને કારણે પણ રોમાંચક બની રહેશે જે ભારતીય ટીમના વિજયને અધવચ્ચે જ રોકી શકે છે.

ભારતીય ટીમ ત્રીજી વખત ચેમ્પિયન્સ ટ્રોફીનો ખિતાબ જીતવા માટે મેદાનમાં ઉતરશે, જ્યારે ન્યુઝીલેન્ડ 25 વર્ષના લાંબા ગાળા બાદ ફરી એકવાર આ ટ્રોફી પર કબ્જો જમાવવા માટે પ્રયત્ન કરશે.  પરંતુ મેચના પરિણામને લઈને ICC દ્વારા બનાવવામાં આવેલો એક નિયમ સૌથી વધુ ચર્ચામાં છે. ICCએ ફાઇનલ મેચ માટે રિઝર્વ ડે રાખ્યો છે, જેથી ખરાબ હવામાન કે અન્ય કોઈ અડચણ આવે તો મેચ 9મી માર્ચના બદલે 10મી માર્ચે રમાડી શકાય. જો 9મી માર્ચે રમત શરૂ ન થાય અથવા પૂર્ણ ન થાય તો 10મી માર્ચે મેચ ત્યાંથી જ શરૂ થશે જ્યાંથી રોકાઈ હતી, અથવા તો સંપૂર્ણ મેચ 10મી માર્ચે રમાશે.

જો કે, સૌથી મોટો પ્રશ્ન એ છે કે જો વરસાદ કે અન્ય કોઈ કારણોસર બંને દિવસ રમત શક્ય ન બને તો શું થશે? સેમીફાઈનલમાં તો નિયમ હતો કે મેચ રદ્દ થવા પર ગ્રુપ સ્ટેજમાં ટોચ પર રહેલી ટીમ ફાઇનલમાં પહોંચી જશે, પરંતુ ફાઇનલ માટે આવો કોઈ નિયમ નથી. જો ફાઇનલ મેચ બંને દિવસે રદ્દ થાય છે, તો ICC મેચને પરિણામ વિનાની જાહેર કરશે, અને ચેમ્પિયન્સ ટ્રોફીનો ખિતાબ ભારત કે ન્યુઝીલેન્ડ કોઈ પણ ટીમને નહીં મળે. આવી સ્થિતિમાં ટ્રોફી અને ઈનામની રકમ બંને ટીમો વચ્ચે વહેંચી દેવામાં આવશે.

ઉલ્લેખનીય છે કે, ચેમ્પિયન્સ ટ્રોફી 2025માં ભારત અને ન્યુઝીલેન્ડની આ બીજી ટક્કર હશે. ગ્રુપ સ્ટેજમાં ભારતનો ન્યુઝીલેન્ડ સામે 44 રને વિજય થયો હતો, જેમાં ભારતીય ટીમનું પ્રભુત્વ જોવા મળ્યું હતું. જો કે, ચેમ્પિયન્સ ટ્રોફીના ઇતિહાસમાં બંને ટીમો બીજી વખત ફાઇનલમાં ટકરાશે. 2002માં રમાયેલી ફાઇનલમાં ન્યુઝીલેન્ડે ભારતને હરાવીને ખિતાબ જીત્યો હતો, ત્યારે આ વખતે કોણ બાજી મારશે તે જોવું રસપ્રદ રહેશે.

આ પણ વાંચો....

ટીમ ઈન્ડિયા માટે 'રવિવાર' જ અસલી વિલન? ફાઇનલમાં ન્યૂઝીલેન્ડ સામે હારનું જોખમ તોળાઈ રહ્યું છે!",https://gujarati.abplive.com/sports/cricket/ind-vs-nz-champions-trophy-2025-final-match-title-details-932126,14,2025-04-01 18:48:26
,,"Team Indian Champions Trophy Final: ચેમ્પિયન્સ ટ્રોફી 2025માં ભારત અને ન્યુઝીલેન્ડ વચ્ચે મેચ રમાઈ રહી છે. આ મેચમાં ન્યૂઝીલેન્ડના કેપ્ટન મિચેલ સેન્ટનરે ટોસ જીતીને પ્રથમ બેટિંગ કરવાનો નિર્ણય લીધો છે. કેપ્ટન રોહિત શર્માએ આ મેચ માટે પ્લેઈંગ ઈલેવનમાં કોઈ ફેરફાર કર્યો નથી. એ જ ખેલાડીઓનો સમાવેશ કરવામાં આવ્યો છે જેઓ સેમીફાઈનલમાં ઓસ્ટ્રેલિયા સામે રમ્યા હતા. વર્તમાન ટુર્નામેન્ટમાં ટીમ ઈન્ડિયા અત્યાર સુધી અજેય છે અને એક પણ મેચ હારી નથી. હવે, ન્યૂઝીલેન્ડ સામેની ફાઈનલમાં ટોસ થતાં જ ભારતીય ટીમે એક ખાસ રેકોર્ડ બનાવી લીધો છે.

ભારતની સતત ત્રીજી ચેમ્પિયન્સ ટ્રોફીની ફાઈનલ

ભારતીય ટીમ ચેમ્પિયન્સ ટ્રોફીના ઈતિહાસમાં સતત ત્રીજી ફાઈનલ રમી રહી છે. આ પહેલા ભારતે ચેમ્પિયન્સ ટ્રોફી 2013 અને 2017ની ફાઈનલ મેચ પણ રમી હતી. ટીમ ઈન્ડિયા પહેલા કોઈપણ ટીમ ચેમ્પિયન્સ ટ્રોફીમાં સતત ત્રણ ફાઈનલ રમી શકી ન હતી. હવે ભારતે ઈતિહાસ રચ્યો છે. ભારતે ચેમ્પિયન્સ ટ્રોફી 2013ની ફાઈનલ મહેન્દ્ર સિંહ ધોનીની કપ્તાની હેઠળ અને ચેમ્પિયન્સ ટ્રોફી 2017ની ફાઈનલ વિરાટ કોહલીની આગેવાની હેઠળ રમી હતી. હવે ચેમ્પિયન્સ ટ્રોફી 2025 રોહિત શર્માની કેપ્ટન્સીમાં રમાઈ રહી છે.

ચેમ્પિયન્સ ટ્રોફીમાં સૌથી વધુ સતત ફાઈનલ રમનાર ટીમો:

ભારત- ત્રણ ફાઇનલ્સ (2013, 2017, 2025)વેસ્ટ ઈન્ડિઝ- બે ફાઈનલ (2004, 2006)ઓસ્ટ્રેલિયા - બે ફાઈનલ (2006, 2009)ભારત- બે ફાઈનલ (2000, 2002)

સૌરવ ગાંગુલીની સદી બેકાર ગઈ

ચેમ્પિયન્સ ટ્રોફી  ફાઈનલ મેચ પણ ભારત અને ન્યુઝીલેન્ડ વચ્ચે રમાઈ હતી. ત્યારબાદ ભારત માટે સૌરવ ગાંગુલીએ 117 રનની ઇનિંગ રમી અને ભારતીય ટીમે 264 રન બનાવ્યા. આવી સ્થિતિમાં ટીમ ઈન્ડિયાની જીત નિશ્ચિત જણાતી હતી, પરંતુ ત્યારપછી ક્રિસ કેઈન્સ ન્યૂઝીલેન્ડ માટે સૌથી મોટો હીરો બની ગયો અને તેમણે 102 રનની ઈનિંગ રમીને ટીમને જીત અપાવી. તેના કારણે જ કીવી ટીમે 4 વિકેટે મેચ જીતીને ચેમ્પિયન્સ ટ્રોફી 2000નું ટાઈટલ જીત્યું હતું.

ભારતે બે વખત ચેમ્પિયન્સ ટ્રોફીનો ખિતાબ જીત્યો હતો

ટીમ ઈન્ડિયા અત્યાર સુધીમાં બે વખત ચેમ્પિયન્સ ટ્રોફીનો ખિતાબ જીતી ચૂકી છે. વર્ષ 2002માં એકવાર સૌરવ ગાંગુલીની કેપ્ટનશીપ હેઠળ. ત્યારબાદ વરસાદના કારણે ફાઈનલ મેચ રમાઈ શકી ન હતી. આ કારણોસર ભારત અને શ્રીલંકાને સંયુક્ત વિજેતા જાહેર કરવામાં આવ્યા હતા. આ પછી ભારતે મહેન્દ્ર સિંહ ધોનીની કેપ્ટન્સીમાં ચેમ્પિયન્સ ટ્રોફી 2013નો ખિતાબ જીત્યો હતો. ત્યારબાદ ટીમ ઈન્ડિયાએ ઈંગ્લેન્ડને પાંચ રનથી હરાવ્યું હતું.",https://gujarati.abplive.com/sports/cricket/team-india-create-history-play-3rd-consecutive-champions-trophy-final-become-first-team-milestone-932123,14,2025-04-01 18:48:29
,,"Champions Trophy Final 2025: ચેમ્પિયન્સ ટ્રોફી 2025 ની ફાઇનલ મેચનો ઉત્સાહ ચાહકોથી લઈને ક્રિકેટરોના માતા-પિતામાં પણ જોવા મળી રહ્યો છે. ભારત પાસે સતત બીજા વર્ષે ICC ટ્રોફી જીતવાની તક હશે. 2024માં, ટીમ ઈન્ડિયાએ 2024નો ટી20 વર્લ્ડ કપ ખિતાબ જીત્યો હતો. સારું, હવે ભારત અને ન્યુઝીલેન્ડ વચ્ચેની ફાઇનલ મેચ (IND vs NZ Final) પહેલા, અક્ષર પટેલના માતા-પિતાએ તેમના પુત્ર અને સમગ્ર ભારતીય ટીમને સારા પ્રદર્શનની શુભેચ્છા પાઠવી છે.

અક્ષર પટેલના માતા-પિતાનું નિવેદનમીડિયા સાથે વાત કરતા, અક્ષર પટેલની માતાએ ટીમ ઈન્ડિયાને શુભેચ્છા પાઠવી અને કહ્યું, ""મને આશા છે કે મારો પુત્ર ફાઇનલ મેચમાં બેટિંગ, બોલિંગ અને ફિલ્ડિંગમાં સારું પ્રદર્શન કરશે. મને આશા છે કે ભારત ચેમ્પિયન્સ ટ્રોફી જીતશે.""

VIDEO | India vs New Zealand, Champions Trophy Final: ""I want Axar to perform exceptionally in the game. I want him to win the final for his country and his team,"" says Rajesh Patel, father of cricketer Axar Patel.#INDvsNZ #CTFinal2025(Full video available on PTI Videos-… pic.twitter.com/o4pZpiLvkB

અક્ષર પટેલના પિતા રાજેશ પટેલે પણ ટીમ ઈન્ડિયાને સારા પ્રદર્શનની શુભેચ્છા પાઠવી હતી અને કહ્યું હતું કે, ""મારા આશીર્વાદ મારા પુત્ર સાથે છે અને તે સારું પ્રદર્શન કરે. આખી ટીમનું સંયુક્ત પ્રદર્શન મેચનું પરિણામ નક્કી કરશે. હું બધા ખેલાડીઓને શુભકામનાઓ પાઠવું છું. મને આશા છે કે ટીમ ઈન્ડિયા ચેમ્પિયન્સ ટ્રોફીનો ખિતાબ જીતશે.""

VIDEO | India vs New Zealand, Champions Trophy Final: ""The final will be held today in Dubai. I hope my son will perform exceptionally in batting, fielding and bowling, and win the final for the country,"" says Preeti Patel, mother of cricketer Axar Patel.#INDvsNZ #CTFinal2025… pic.twitter.com/q9qlRN8PVi

ચેમ્પિયન્સ ટ્રોફીમાં અક્ષર પટેલનું અત્યાર સુધીનું પ્રદર્શનઅક્ષર પટેલે અત્યાર સુધી ચેમ્પિયન્સ ટ્રોફી 2025 ની ચારેય ઇનિંગ્સમાં બેટિંગ કરી છે, જેમાં તેણે કુલ 80 રન બનાવ્યા છે અને ટુર્નામેન્ટમાં તેનો સર્વોચ્ચ સ્કોર 42 રન રહ્યો છે. તમને જણાવી દઈએ કે અક્ષર પટેલને કેએલ રાહુલથી ઉપર પાંચમા નંબરે બેટિંગ કરવા મોકલવામાં આવી રહ્યો છે. બોલિંગની વાત કરીએ તો પટેલે અત્યાર સુધીમાં 4 મેચમાં 5 વિકેટ લીધી છે. અક્ષર પટેલ ચેમ્પિયન્સ ટ્રોફીમાં રમી રહ્યો છે તે આ પહેલી વાર છે. તે જ વર્ષે, તેમને ભારતની T20 ટીમના ઉપ-કપ્તાન પણ જાહેર કરવામાં આવ્યો છે.

આ પણ વાંચો....",https://gujarati.abplive.com/sports/cricket/axar-patel-parents-wished-luck-team-india-for-champions-trophy-final-against-new-zealand-ind-vs-nz-final-932115,14,2025-04-01 18:48:32
,,"ચેમ્પિયન્સ ટ્રોફી 2025ની ફાઈનલ ભારત અને ન્યુઝીલેન્ડ વચ્ચે રમાઈ રહી છે. આ મેચમાં ન્યૂઝીલેન્ડના કેપ્ટન મિચેલ સેન્ટનરે ટોસ જીતીને પ્રથમ બેટિંગ કરવાનો નિર્ણય લીધો છે. ફાઈનલ મેચ માટે કેપ્ટન રોહિતે પ્લેઈંગ ઈલેવનમાં કોઈ ફેરફાર કર્યો નથી. ત્રણ ખેલાડીઓ એવા છે જેઓ સમગ્ર ચેમ્પિયન્સ ટ્રોફી 2025 ટૂર્નામેન્ટ દરમિયાન બેન્ચ પર બેઠા હતા. તેમને એક પણ મેચ માટે ભારતીય ટીમની પ્લેઈંગ ઈલેવનમાં સામેલ કરવામાં આવ્યા નહોતા. જેમાં રિષભ પંત, અર્શદીપ સિંહ અને વોશિંગ્ટન સુંદરનો સમાવેશ થાય છે.

1. ઋષભ પંત

ઋષભ પંતને ચેમ્પિયન્સ ટ્રોફી દરમિયાન એક પણ મેચની પ્લેઈંગ ઈલેવનમાં તક મળી ન હતી. વર્તમાન ટૂર્નામેન્ટમાં કેએલ રાહુલે ટીમ ઈન્ડિયા માટે દરેક મેચમાં વિકેટકીપરની જવાબદારી લીધી હતી. આ કારણોસર પંતને બહાર બેસવું પડ્યું. પંતે વર્ષ 2018માં ભારતીય ટીમ માટે ODI ક્રિકેટમાં ડેબ્યૂ કર્યું હતું. આ પછી તેણે ટીમ ઈન્ડિયા માટે ODI ક્રિકેટમાં ઘણી ઈનિંગ્સ રમી. પરંતુ વર્ષ 2023માં થયેલા અકસ્માત બાદ તે ODI ટીમમાં પોતાની કાયમી જગ્યા બનાવી શક્યો ન હતો. અત્યાર સુધીમાં તેણે ટીમ ઈન્ડિયા માટે 31 ODI મેચોમાં કુલ 871 રન બનાવ્યા છે, જેમાં એક સદી અને પાંચ અડધી સદી સામેલ છે.

2. વોશિંગ્ટન સુંદર

ભારતીય ટીમની પ્લેઈંગ ઈલેવનમાં રવિન્દ્ર જાડેજા, અક્ષર પટેલ જેવા ઓલરાઉન્ડર પહેલેથી જ હાજર છે. આ કારણોસર સુંદરને પ્લેઈંગ ઈલેવનમાં સ્થાન મળી શક્યું નથી. તેણે વર્ષ 2017માં ભારતીય ટીમ માટે ODI ક્રિકેટમાં પદાર્પણ કર્યું હતું. આ પછી તેણે ટીમ ઈન્ડિયા માટે 23 ODI મેચમાં 24 વિકેટ લીધી અને 329 રન પણ બનાવ્યા. તે તેની મજબૂત બેટિંગ અને ઘાતક બોલિંગ માટે જાણીતો છે. કોઈપણ બેટ્સમેન માટે તેના બોલને સમજવું સરળ નથી.

3. અર્શદીપ સિંહ

અર્શદીપ સિંહ સમગ્ર ટૂર્નામેન્ટ દરમિયાન બેન્ચ પર બેઠો રહ્યો. તેણે વર્ષ 2022માં ભારતીય ટીમ માટે ODI ક્રિકેટમાં પદાર્પણ કર્યું હતું. આ પછી તેણે ટીમ ઈન્ડિયા માટે 9 ODI મેચમાં 14 વિકેટ ઝડપી છે. તે તેની ઘાતક બોલિંગ માટે જાણીતો છે અને ડેથ ઓવરોમાં શાનદાર બોલિંગ કરે છે. તેના યોર્કર બોલનો કોઈ જવાબ નથી.

IND vs NZ: રોહિત શર્માએ ટોસ હારી ફરી બનાવ્યો શરમજનક રેકોર્ડ",https://gujarati.abplive.com/sports/cricket/rishab-pant-arshdeep-singh-not-get-a-chance-to-playing-11-entire-champions-trophy-2025-932116,14,2025-04-01 18:48:37
,,"IND vs NZ: ચેમ્પિયન્સ ટ્રોફીની ફાઇનલ મેચ શરૂ થવા જઈ રહી છે. મેચનો પહેલો બોલ આજે (૯ માર્ચ) બપોરે 2.30 વાગ્યે દુબઈ ઈન્ટરનેશનલ સ્ટેડિયમ ખાતે ફેંકાવાનો છે. અગાઉ, સૂત્રોના જણાવ્યા અનુસાર, આ મેગા મેચ માટે અત્યાર સુધીમાં 5000 કરોડ રૂપિયાનો સટ્ટો લગાવવામાં આવ્યો છે.

દિલ્હી પોલીસની ક્રાઈમ બ્રાન્ચે ચાલી રહેલી ચેમ્પિયન્સ ટ્રોફી દરમિયાન અત્યાર સુધીમાં ઓછામાં ઓછા પાંચ મોટા બુકીઓની ધરપકડ કરી છે. ધરપકડ કરાયેલા બુકીઓની પૂછપરછ બાદ, તપાસમાં દુબઈનો એંગલ સામે આવ્યો. એનડીટીવીના એક અહેવાલમાં ખુલાસો થયો છે કે બુકીઓના અંડરવર્લ્ડ સાથે સંબંધો છે. પોલીસે સટ્ટાબાજી માટે વપરાતા અનેક ઇલેક્ટ્રોનિક ઉપકરણો અને વસ્તુઓ પણ જપ્ત કરી છે.

રિપોર્ટ અનુસાર, દાઉદ ઇબ્રાહિમની 'ડી કંપની' હંમેશા દુબઈમાં મોટી ક્રિકેટ મેચો પર સટ્ટાબાજીમાં સામેલ રહી છે. આવી મોટી મેચો દરમિયાન શહેરમાં ઘણા મોટા બુકીઓ હાજર હોય છે અને આ વખતે પણ વાર્તા એવી જ છે.

સટ્ટા બજારમાં કોણ જીતી રહ્યું હતું?આંતરરાષ્ટ્રીય સટ્ટા બજાર અનુસાર, ટીમ ઈન્ડિયા ચેમ્પિયન્સ ટ્રોફી 2025 ની વિજેતા બનશે. બુકીઓના મતે, ટીમ ઈન્ડિયા આ સમગ્ર ટુર્નામેન્ટમાં અપરાજિત રહી છે અને તેની બધી મેચો તે જ મેદાન પર રમાઈ છે જ્યાં આજે ફાઇનલ રમવાની છે. આ જ મેદાન પર, ગ્રુપ મેચો દરમિયાન, ટીમ ઈન્ડિયાએ ન્યુઝીલેન્ડ સામે ઓછા સ્કોરનો બચાવ કર્યો હતો.

#ICCChampionsTrophy | New Zealand win the toss and opt to bat first against India in the finals at Dubai International Cricket Stadium. #IndvsNZ pic.twitter.com/H5ddydpbaN

જોરદાર ટક્કર થવાની છેટીમ ઈન્ડિયાએ ગ્રુપ મેચોમાં પાકિસ્તાન, બાંગ્લાદેશ અને ન્યુઝીલેન્ડને હરાવીને અને સેમિફાઇનલ મેચમાં ઓસ્ટ્રેલિયાને હરાવીને ફાઇનલમાં પ્રવેશ કર્યો છે. ન્યુઝીલેન્ડે પાકિસ્તાન અને બાંગ્લાદેશને હરાવીને સેમિફાઇનલમાં જગ્યા બનાવી અને પછી દક્ષિણ આફ્રિકા સામે એકતરફી મેચ જીતીને ફાઇનલમાં સ્થાન મેળવ્યું.

હાલમાં, બંને ટીમો મજબૂત દેખાઈ રહી છે અને સ્પિન ટ્રેકને ધ્યાનમાં લેતા, બંને ટીમો પાસે સારા બોલરો અને બેટ્સમેન છે. આવી સ્થિતિમાં, ટીમ ઈન્ડિયા માટે ન્યુઝીલેન્ડના પડકારને પાર કરવો સરળ રહેશે નહીં. તમને જણાવી દઈએ કે ટીમ ઈન્ડિયાએ છેલ્લે 2013માં ચેમ્પિયન્સ ટ્રોફી જીતી હતી, ત્યારબાદ 2017ની ફાઇનલમાં તેને પાકિસ્તાન સામે હારનો સામનો કરવો પડ્યો હતો.

આ પણ વાંચો....",https://gujarati.abplive.com/sports/cricket/champions-trophy-final-ind-vs-nz-5000-crore-bets-placed-d-company-conection-knows-favourites-932111,14,2025-04-01 18:48:48
,,"IND vs NZ Final Toss: ચેમ્પિયન્સ ટ્રોફી 2025ની ફાઈનલ મેચમાં ન્યૂઝીલેન્ડે ટોસ જીતીને પ્રથમ બેટિંગ કરવાનું પસંદ કર્યું હતું. આ સતત 15મી વખત છે જ્યારે ભારતીય ટીમ ટોસ હારી છે. ન્યૂઝીલેન્ડને મોટો ફટકો પડ્યો છે કારણ કે ટીમનો મુખ્ય બોલર મેટ હેનરી ઈજાના કારણે પ્લેઈંગ ઈલેવનમાંથી બહાર થઈ ગયો છે. હેનરીએ ટૂર્નામેન્ટમાં અત્યાર સુધી 10 વિકેટ ઝડપી છે. ભારતીય ટીમ પ્રથમ બોલિંગ કરશે અને તેણે તેની પ્લેઈંગ ઈલેવનમાં કોઈ ફેરફાર કર્યો નથી.

ન્યુઝીલેન્ડનો સૌથી ઘાતક બોલર બહાર થયો છે

ચેમ્પિયન્સ ટ્રોફી 2025માં ન્યૂઝીલેન્ડનો અત્યાર સુધીનો સૌથી ઘાતક બોલર સાબિત થયેલો મેટ હેનરી ઈજાના કારણે પ્લેઈંગ ઈલેવનમાંથી બહાર છે. દક્ષિણ આફ્રિકા સામેની સેમિફાઇનલ મેચમાં કેચ લેતી વખતે હેનરીને ખભામાં ઈજા થઈ હતી. હેનરીના સ્થાને નાથન સ્મિથને પ્લેઈંગ ઈલેવનમાં છેલ્લા 11 ખેલાડીઓમાં સામેલ કરવામાં આવ્યો છે. હેનરી અત્યાર સુધી સમગ્ર ટૂર્નામેન્ટમાં સૌથી વધુ વિકેટ લેનારો બોલર છે.

ભારત vs ન્યુઝીલેન્ડ હેડ ટુ હેડ

ભારત અને ન્યુઝીલેન્ડ વચ્ચે અત્યાર સુધીમાં કુલ 119 ODI મેચ રમાઈ છે જેમાંથી ભારતીય ટીમ 61 વખત વિજયી રહી છે. ન્યૂઝીલેન્ડે 50 વખત જીત મેળવી છે, 7 મેચમાં કોઈ પરિણામ આવ્યું નથી અને તેમની એક મેચ ટાઈમાં સમાપ્ત થઈ હતી. તમને જણાવી દઈએ કે ચેમ્પિયન્સ ટ્રોફી 2025ના ગ્રુપ સ્ટેજમાં ભારતે ન્યૂઝીલેન્ડને 44 રનથી હરાવ્યું હતું.

ભારતે પ્લેઈંગ ઈલેવનમાં કોઈ ફેરફાર કર્યો નથી. ભારતીય કેપ્ટન રોહિત શર્મા ફરી એકવાર ટોસ હારી ગયો છે.

ભારતની પ્લેઈંગ ઈલેવન: રોહિત શર્મા (કેપ્ટન), શુભમન ગિલ, વિરાટ કોહલી, શ્રેયસ ઐયર, અક્ષર પટેલ, કેએલ રાહુલ (વિકેટકીપર), હાર્દિક પંડ્યા, રવિન્દ્ર જાડેજા, મોહમ્મદ શમી, કુલદીપ યાદવ, વરુણ ચક્રવર્તી.

ન્યૂઝીલેન્ડ: વિલ યંગ, રચિન રવિન્દ્ર, કેન વિલિયમસન, ડેરીલ મિચેલ, ટોમ લાથમ (વિકેટકીપર), ગ્લેન ફિલિપ્સ, માઈકલ બ્રેસવેલ, મિશેલ સેન્ટનર (કેપ્ટન), કાયલ જૈમીસન, વિલિયમ ઓરુર્કે, નાથન સ્મિથ.

રોહિત શર્મા સતત ટોસ હારી રહ્યો છે. વનડેમાં સૌથી વધુ ટોસ હારનારા ટોપ-3 કેપ્ટનોમાં તેનું નામ સામેલ છે. રોહિત સતત 12 ODI મેચોમાં ટોસ હાર્યો છે. તે ODIમાં સૌથી વધુ ટોસ હારનાર કેપ્ટન બની ગયો છે.  રોહિત શર્માએ ટોસ હારવામાં બ્રાયન લારાની બરાબરી કરી છે.  લારાના નામે ODIમાં સતત 12 વખત ટોસ હારવાનો શરમજનક રેકોર્ડ છે.

ODIમાં સતત સૌથી વધુ ટોસ હારનાર કેપ્ટન

12 - બ્રાયન લારા12 - રોહિત શર્મા11 - પીટર બોરેન",https://gujarati.abplive.com/sports/cricket/ind-vs-nz-final-toss-win-new-zealand-chose-to-bat-first-champions-trophy-final-2025-india-vs-new-zealand-playing-xi-932112,14,2025-04-01 18:48:52
,,"IND vs NZ: રોહિત શર્મા અને કંપની ચેમ્પિયન્સ ટ્રોફી 2025ની ફાઇનલમાં પોતાની તાકાત બતાવવા માટે તૈયાર છે. ટીમ ઈન્ડિયાને ન્યુઝીલેન્ડના પડકારનો સામનો કરવો પડશે. આજે 9 માર્ચે દુબઈમાં જ્યારે ટીમ ઈન્ડિયાનો કેપ્ટન રોહિત શર્મા ટોસ માટે મેદાનમાં ઉતર્યો ત્યારે ચાહકો પ્રાર્થના કરી રહ્યા હતા કે ટોસ ભારત જીતે. પરંતુ ફરી એક વખત રોહિત શર્મા ટોસ હાર્યો છે. રોહિત શર્માએ ટોસ હારી ફરી એક વખત શરમજનક રેકોર્ડ બનાવ્યો છે.

રોહિત શર્મા સતત ટોસ હારી રહ્યો છે. વનડેમાં સૌથી વધુ ટોસ હારનારા ટોપ-3 કેપ્ટનોમાં તેનું નામ સામેલ છે. રોહિત સતત 12 ODI મેચોમાં ટોસ હાર્યો છે. તે ODIમાં સૌથી વધુ ટોસ હારનાર કેપ્ટન બની ગયો છે.  રોહિત શર્માએ ટોસ હારવામાં બ્રાયન લારાની બરાબરી કરી છે.  લારાના નામે ODIમાં સતત 12 વખત ટોસ હારવાનો શરમજનક રેકોર્ડ છે.

ODIમાં સતત સૌથી વધુ ટોસ હારનાર કેપ્ટન

12 - બ્રાયન લારા12 - રોહિત શર્મા11 - પીટર બોરેન

ચેમ્પિયન્સ ટ્રૉફીની ફાઇનલ મેચ આજે દુબઇના ઇન્ટરનેશનલ ક્રિકેટ સ્ટેડિયમમાં રમાઇ રહી છે, આજે કીવી ટીમે ટૉસ જીતીને પહેલા બેટિંગ કરવાનો નિર્ણય લીધો છે. જોકે, આ પહેલા કીવી ટીમ માટે એક મોટો ઝટકારૂપ સમાચાર સામે આવ્યા છે. સ્ટાર બૉલર ફાઇનલ મેચ નથી રમી રહ્યો.

કીવી ટીમને ઝટકો, ભારત માટે સારા સમાચાર ?ટૉસ બાદ સામે આવેલી પ્લેઇંગ ઇલેવનમાં કીવી ટીમને મોટો ઝટકો લાગ્યો છે. ન્યૂઝીલેન્ડને મોટો ઝટકો એ લાગ્યો છે કે ટીમનો ખતરનાક ખેલાડી મેટ હેનરી ઈજાના કારણે ફાઇનલમાંથી બહાર થઈ ગયો છે. આ મેચ માટે ન્યૂઝીલેન્ડે પ્લેઇંગ ઇલેવનમાં ફેરફાર કર્યા છે. ચેમ્પિયન્સ ટ્રૉફી 2025ની ફાઇનલ મેચ માટે ન્યૂઝીલેન્ડે ટૉસ જીતીને પ્રથમ બેટિંગ કરવાનો નિર્ણય લીધો. ટીમ ઈન્ડિયા પહેલા બોલિંગ કરવા મેદાનમાં ઉતરશે.

મેચ પહેલા જ ન્યૂઝીલેન્ડ માટે ખરાબ સમાચાર સામે આવ્યા છે. કીવી ટીમનો સૌથી ઘાતક બૉલર મેટ હેનરી ફાઇનલમાંથી બહાર થઇ ગયો છે. આ પહેલા જ અનુભવી ભારતીય ખેલાડી આકાશ ચોપડાએ ઉત્સાહ વ્યક્ત કર્યો છે કે ટાઇટલ મુકાબલામાં બે ઝડપી બોલરો, મોહમ્મદ શમી અને મેટ હેનરી વચ્ચેનો મુકાબલો રસપ્રદ રહેશે. વળી, ચોપડાએ એવી પણ શંકા વ્યક્ત કરી હતી કે મેટ હેનરી અંતિમ મેચ માટે સંપૂર્ણપણે ફિટ નથી, તે સાચુ પડ્યુ છે, આજે મેચમાંથી બહાર છે, ખાસ વાત છે કે, મેટ હેનરીએ ટૂર્નામેન્ટમાં અત્યાર સુધીમાં 10 વિકેટ લીધી છે.",https://gujarati.abplive.com/sports/cricket/rohit-sharma-loses-the-toss-and-creates-another-embarrassing-record-932107,14,2025-04-01 18:48:57
,,"Matt Henry Injury Update: ચેમ્પિયન્સ ટ્રૉફીની ફાઇનલ મેચ આજે દુબઇના ઇન્ટરનેશનલ ક્રિકેટ સ્ટેડિયમમાં રમાઇ રહી છે, આજે કીવી ટીમે ટૉસ જીતીને પહેલા બેટિંગ કરવાનો નિર્ણય લીધો છે. જોકે, આ પહેલા કીવી ટીમ માટે એક મોટો ઝટકારૂપ સમાચાર સામે આવ્યા છે. સ્ટાર બૉલર ફાઇનલ મેચ નથી રમી રહ્યો.

કીવી ટીમને ઝટકો, ભારત માટે સારા સમાચાર ?ટૉસ બાદ સામે આવેલી પ્લેઇંગ ઇલેવનમાં કીવી ટીમને મોટો ઝટકો લાગ્યો છે. ન્યૂઝીલેન્ડને મોટો ઝટકો એ લાગ્યો છે કે ટીમનો ખતરનાક ખેલાડી મેટ હેનરી ઈજાના કારણે ફાઇનલમાંથી બહાર થઈ ગયો છે. આ મેચ માટે ન્યૂઝીલેન્ડે પ્લેઇંગ ઇલેવનમાં ફેરફાર કર્યા છે. ચેમ્પિયન્સ ટ્રૉફી 2025ની ફાઇનલ મેચ માટે ન્યૂઝીલેન્ડે ટૉસ જીતીને પ્રથમ બેટિંગ કરવાનો નિર્ણય લીધો. ટીમ ઈન્ડિયા પહેલા બોલિંગ કરવા મેદાનમાં ઉતરશે.

મેચ પહેલા જ ન્યૂઝીલેન્ડ માટે ખરાબ સમાચાર સામે આવ્યા છે. કીવી ટીમનો સૌથી ઘાતક બૉલર મેટ હેનરી ફાઇનલમાંથી બહાર થઇ ગયો છે. આ પહેલા જ અનુભવી ભારતીય ખેલાડી આકાશ ચોપડાએ ઉત્સાહ વ્યક્ત કર્યો છે કે ટાઇટલ મુકાબલામાં બે ઝડપી બોલરો, મોહમ્મદ શમી અને મેટ હેનરી વચ્ચેનો મુકાબલો રસપ્રદ રહેશે. વળી, ચોપડાએ એવી પણ શંકા વ્યક્ત કરી હતી કે મેટ હેનરી અંતિમ મેચ માટે સંપૂર્ણપણે ફિટ નથી, તે સાચુ પડ્યુ છે, આજે મેચમાંથી બહાર છે, ખાસ વાત છે કે, મેટ હેનરીએ ટૂર્નામેન્ટમાં અત્યાર સુધીમાં 10 વિકેટ લીધી છે.

પોતાની યુટ્યુબ ચેનલ પર ચર્ચા કરતી વખતે આકાશ ચોપડાએ કહ્યું કે ચેમ્પિયન્સ ટ્રૉફી 2025માં મોહમ્મદ શમી અને મેટ હેનરીમાંથી કોણ સારું રહ્યું છે તે કહેવું મુશ્કેલ છે. તેમણે કહ્યું, ""એક તરફ મોહમ્મદ શમી છે, તો બીજી તરફ મેટ હેનરી છે. તમે તેમાંથી એકને કેવી રીતે પસંદ કરી શકો છો? બંને વચ્ચે કઠિન સ્પર્ધા થશે. જો હેનરીએ આપણી સામે 5 વિકેટ લીધી હોત, તો શમીએ બાંગ્લાદેશ સામે પણ આવું જ કર્યું હોત. હેનરી ફાઇનલ રમી શકશે કે નહીં તે અંગે થોડી શંકા છે. મને ખબર નથી કે તે શું નિર્ણય લેશે?""

મેટ હેનરીએ અત્યાર સુધીમાં ચેમ્પિયન્સ ટૂર્નામેન્ટમાં કુલ 10 વિકેટ લીધી છે. ૫ માર્ચે દક્ષિણ આફ્રિકા સામેની સેમિફાઇનલ મેચમાં બોલ પકડતી વખતે તેને ખભામાં ઈજા થઈ હતી. ત્યારથી, હેનરીની ફિટનેસ ચિંતાનો વિષય રહી છે. બીજી તરફ, આકાશ ચોપડાએ મોહમ્મદ શમી વિશે કહ્યું કે આ કદાચ ICC ટ્રૉફી જીતવાની તેની છેલ્લી તક હશે. ચોપરાએ શંકા વ્યક્ત કરી કે શમીને 2026ના T20 વર્લ્ડ કપની યોજનાઓમાં સામેલ કરવામાં નહીં આવે. શમી અને હેનરીમાંથી ચેમ્પિયન્સ ટ્રૉફીમાં સૌથી વધુ વિકેટ લેનાર બોલર કોણ બને છે તે જોવું રસપ્રદ રહેશે.

આ પણ વાંચો

IND vs NZ: રોહિત શર્માએ ટોસ હારી ફરી બનાવ્યો શરમજનક રેકોર્ડ",https://gujarati.abplive.com/sports/cricket/new-zealand-big-updates-kiwi-bowler-matt-henry-out-from-the-final-match-against-india-in-the-icc-champions-trophy-2025-932110,14,2025-04-01 18:49:01
,,"Rachin Ravindra: આજે ચેમ્પિયન્સ ટ્રોફીની ફાઇનલમાં ભારત અને ન્યુઝીલેન્ડની ટીમો ટકરાશે. બંને ટીમો વચ્ચેની મેચ દુબઈ ઈન્ટરનેશનલ સ્ટેડિયમમાં રમાશે. હવે સવાલ એ છે કે શું ટીમ ઈન્ડિયા લગભગ 12 વર્ષ પછી રોહિત શર્માની કેપ્ટન્સીમાં ચેમ્પિયન્સ ટ્રોફીનો ખિતાબ જીતવામાં સફળ રહેશે? વાસ્તવમાં એવું માનવામાં આવે છે કે ભારતીય ટીમ માટે ન્યૂઝીલેન્ડને હરાવવું આસાન નહીં હોય. જો કે આ પહેલા ભારતે ગ્રુપ સ્ટેજની મેચમાં ન્યુઝીલેન્ડને 44 રને હરાવ્યું હતું. ક્રિકેટ નિષ્ણાતોનું માનવું છે કે, ચેમ્પિયન્સ ટ્રોફીની ફાઇનલમાં ન્યૂઝીલેન્ડનો ઓલરાઉન્ડર રચિન રવિન્દ્ર ટીમ ઇન્ડિયા માટે મોટો ખતરો બની શકે છે.

ચેમ્પિયન્સ ટ્રોફીમાં રચિન રવિન્દ્રનું શાનદાર પ્રદર્શન

વાસ્તવમાં ભારતીય મૂળના રચિન રવિન્દ્રનું પ્રદર્શન શાનદાર રહ્યું છે. બેટિંગ સિવાય આ ખેલાડીએ ચેમ્પિયન્સ ટ્રોફીમાં પોતાની બોલિંગથી ન્યૂઝીલેન્ડનું કામ સરળ કરી દીધું છે. તેથી રોહિત શર્માની કપ્તાનીવાળી ટીમ ઈન્ડિયાએ રચિન રવિન્દ્રથી સાવધ રહેવું પડશે. આ ટૂર્નામેન્ટમાં રચિન રવિન્દ્રએ 3 મેચમાં 75.33ની એવરેજથી 226 રન બનાવ્યા છે. તે જ સમયે, સૌથી વધુ રન બનાવનાર બેટ્સમેનોની યાદીમાં બેન ડકેટ પછી રચિન રવિન્દ્ર બીજા સ્થાને છે. સાઉથ આફ્રિકા સામેની સેમીફાઈનલમાં રચિન રવિન્દ્રએ શાનદાર સદી ફટકારી હતી.

રચિન રવિન્દ્રની વનડે કારકિર્દી

નોંધનિય છે કે, રચિન રવિન્દ્રએ 32 ODI મેચોમાં ન્યૂઝીલેન્ડનું પ્રતિનિધિત્વ કર્યું છે. બેટ્સમેન તરીકે, રચિન રવિન્દ્રએ 108.73ની સ્ટ્રાઈક રેટ અને 44.3ની એવરેજથી 1196 રન બનાવ્યા છે. આ ફોર્મેટમાં, 5 સદી ફટકારવા ઉપરાંત, રચિન રવિન્દ્રએ 4 વખત પચાસ રનનો આંકડો પાર કર્યો છે. ODI ફોર્મેટમાં રચિન રવિન્દ્રનો સર્વશ્રેષ્ઠ સ્કોર 123 રન છે. આ સિવાય બોલર તરીકે રચિન રવિન્દ્રએ 5.9ની ઈકોનોમી અને 45.2ની એવરેજ સાથે 20 બેટ્સમેનોને આઉટ કર્યા છે. વાસ્તવમાં, એવું માનવામાં આવે છે કે દુબઈની પીચ પર રચિન રવિન્દ્ર ભારત વિરુદ્ધ મોટી ભૂમિકા ભજવી શકે છે. રચિન રવિન્દ્ર દુબઈની પીચ પર સ્પિન મેળવી શકે છે.

રવિવારે એટલે કે આજે  ભારત અને ન્યુઝીલેન્ડ વચ્ચે સૌથી મોટી ટક્કર થશે, બંને ચેમ્પિયન્સ ટ્રોફીનો ખિતાબ (Champions Trophy 2025 Final) જીતવા માટે પોતાનું સર્વસ્વ લગાવી દેશે. ભલે અત્યાર સુધી તેમનું પ્રદર્શન ગમે તેવું  રહ્યું હોય, પણ જે કોઈ ફાઇનલ મેચના પ્રેશરને મેનેજ કરી લેશે તે જીતશે. રોહિત શર્માની કેપ્ટનશીપમાં ટીમ ઈન્ડિયા મજબૂત છે પરંતુ ન્યુઝીલેન્ડને બિલકુલ ઓછું આંકી શકાય નહીં. ચાલો જાણીએ કે કયા પ્લેઇંગ 11 સાથે બંને ટીમો ફાઇનલ મેચમાં પ્રવેશ કરી શકે છે. દુબઈ સ્ટેડિયમની પિચની સ્થિતિ કેવી હશે અને મેચમાં કઈ ટીમનો હાથ ઉપર રહેશે.

ભારતની સંભવિત પ્લેઇંગ ઇલેવન: રોહિત શર્મા (કેપ્ટન), શુભમન ગિલ, વિરાટ કોહલી, શ્રેયસ ઐયર, અક્ષર પટેલ, કેએલ રાહુલ (વિકેટકીપર), હાર્દિક પંડ્યા, રવિન્દ્ર જાડેજા, મોહમ્મદ શમી, કુલદીપ યાદવ, વરુણ ચક્રવર્તી.

ન્યૂઝીલેન્ડની સંભવિત પ્લેઇંગ ઇલેવન: વિલ યંગ, રચિન રવિન્દ્ર, કેન વિલિયમસન, ડેરિલ મિશેલ, ટોમ લેથમ (વિકેટકીપર), ગ્લેન ફિલિપ્સ, માઈકલ બ્રેસવેલ, મિશેલ સેન્ટનર (કેપ્ટન), મેટ હેનરી, કાયલ જેમીસન, વિલ ઓ'રોર્ક.",https://gujarati.abplive.com/sports/cricket/ind-vs-nz-final-this-new-zealand-player-can-increase-team-india-s-concerns-his-brilliant-performance-in-the-champions-trophy-932093,14,2025-04-01 18:49:06
,,,https://gujarati.abplive.com/photo-gallery/sports/cricket-rohit-sharma-is-likely-is-king-of-odi-cricketer-know-rohit-sharma-five-big-records-in-international-cricket-history-932088,14,2025-04-01 18:49:12
,,"Vaibhav Suryavanshi U19 IND: ભારતે UAE ને અંડર 19 એશિયા કપ 2024 ની મેચમાં 10 વિકેટે હરાવ્યું છે. ટીમ ઈન્ડિયાએ બુધવારે શારજાહમાં જોરદાર પ્રદર્શન કર્યું હતું. જેમાં વૈભવ સૂર્યવંશીએ ધમાકેદાર પરફોર્મન્સ આપ્યું હતું. તેણે 76 રનની શાનદાર ઇનિંગ રમી હતી. વૈભવની સાથે આયુષ માતરે પણ શાનદાર પ્રદર્શન કર્યું હતું. તેણે પણ અણનમ અડધી સદી ફટકારી હતી. પ્રથમ બેટિંગ કરતા UAEને 138 રનનો ટાર્ગેટ આપ્યો હતો. જવાબમાં ભારતે માત્ર 16.1 ઓવરમાં મેચ જીતી લીધી હતી.

Ayush Mhatre wins the Players of the Match award for his fantastic batting prowess 🙌India U19 qualify for the Semi Final 🥳#TeamIndia | #ACC | #ACCMensU19AsiaCup pic.twitter.com/Ysc2RA4KqX

UAEએ ટોસ જીતીને પ્રથમ બેટિંગ કરવાનો નિર્ણય કર્યો હતો. આ દરમિયાન ટીમ 44 ઓવરમાં 137 રન બનાવીને ઓલઆઉટ થઈ ગઈ હતી. તેના માટે રેયાન ખાને સૌથી વધુ 35 રન બનાવ્યા હતા. તેણે 3 ફોર અને 1 સિક્સ ફટકારી હતી. કેપ્ટન ઈયાન ખાન 5 રન બનાવીને આઉટ થયો હતો. આ દરમિયાન યુધ્ધજીત ગુહાએ 3 વિકેટ ઝડપી હતી. તેણે 7 ઓવરમાં 15 રન આપ્યા હતા. . ચેતન શર્માએ 8 ઓવરમાં 27 રન આપીને 2 વિકેટ લીધી હતી. હાર્દિક રાજે પણ 2 વિકેટ લીધી હતી. કેપી કાર્તિકેય અને આયુષ માત્ર્રેએ 1-1 વિકેટ લીધી હતી.

વૈભવની વિસ્ફોટક ઇનિંગે ભારતને જીત અપાવીટીમ ઈન્ડિયાએ UAEને માત્ર 16.1 ઓવરમાં હરાવ્યું. જેમાં વૈભવ સૂર્યવંશીએ ધમાકેદાર પરફોર્મન્સ આપ્યું હતું. તેણે અણનમ 76 રન બનાવ્યા હતા. વૈભવની આ ઇનિંગમાં 6 સિક્સ અને 3 ફોરનો સમાવેશ થાય છે. આયુષ માત્રાએ પણ જોરદાર પ્રદર્શન કર્યું હતું. તેણે 51 બોલનો સામનો કરીને અણનમ 67 રન બનાવ્યા હતા. આ દરમિયાન તેણે 4 ચોગ્ગા અને 4 છગ્ગા ફટકાર્યા હતા.

અંડર 19 એશિયા કપ 2024 ભારતનું અત્યાર સુધીનું પ્રદર્શન અંડર-19 એશિયા કપ 2024માં ભારતની પ્રથમ મેચ પાકિસ્તાન સામે હતી. આ મેચમાં ટીમ ઈન્ડિયાને 43 રનથી હારનો સામનો કરવો પડ્યો હતો. આ પછી ભારતનો સામનો જાપાન સામે થયો હતો. ટીમ ઈન્ડિયાએ આ મેચ 211 રને જીતી લીધી હતી. હવે ભારતે UAE ને 10 વિકેટે હરાવ્યું છે. ટીમ ઈન્ડિયાની છેલ્લી ગ્રુપ મેચ શ્રીલંકા સામે છે, જે શારજાહમાં રમાશે.

આ પણ વાંચો....",https://gujarati.abplive.com/sports/cricket/india-u19-wins-by-10-wickets-against-uae-u19-vaibhav-suryavanshi-half-century-920484,15,2025-04-01 18:49:17
,,"IND vs AUS Day Night Test 2024: ભારત અને ઓસ્ટ્રેલિયા વચ્ચે પાંચ મેચની બૉર્ડર-ગાવસ્કર ટ્રૉફી સીરીઝની બીજી મેચ 6 ડિસેમ્બરથી શરૂ થઈ રહી છે. આવી સ્થિતિમાં એડિલેડની પિચનો મૂડ કેવો હશે તેના પર બંને ટીમો સિવાય તમામ ચાહકોની નજર છે. એડિલેડની પિચ અંગે ક્યૂરેટર ડેમિયન હોગે કહ્યું કે તેઓ વિકેટને સંતુલિત કરવાનો પ્રયાસ કરી રહ્યા છે. હોફે પુષ્ટિ કરી છે કે પીચ પર 6 મીમી ઘાસ હશે અને બૉલ અહીં સ્વિંગ અને સીમ થશે.

આજે (4 ડિસેમ્બર) મીડિયા સાથે વાત કરતી વખતે એડિલેડ ઓવલના પિચ ક્યૂરેટર ડેમિયન હૉગે કહ્યું - બૉર્ડર-ગાવસ્કર ટ્રૉફીની બીજી ટેસ્ટ મેચમાં વિકેટ પર ઘાસનું એક સમાન સ્તર હશે. ક્યૂરેટરે કહ્યું કે 6 મીમી ઘાસની પીચ લેયર ફાસ્ટ બૉલરો માટે પરિસ્થિતિને મદદરૂપ થશે.

જ્યારે તેમને પૂછવામાં આવ્યું કે, શું એડિલેડમાં ફાસ્ટ બૉલરો માટે સ્થિતિ ઘણી અનુકૂળ રહેશે. તેના પર હૉફે કહ્યું કે તે અને તેની ટીમ સંતુલિત વિકેટ બનાવવાનો પ્રયાસ કરી રહી છે. જ્યાં બેટ્સમેન, ઝડપી બૉલર અને સ્પિનરો ટેસ્ટ મેચને પ્રભાવિત કરી શકે છે. ક્યૂરેટરે કહ્યું કે ઓછા પ્રકાશ અથવા વાદળછાયું સ્થિતિમાં ઝડપી બૉલરોને વિકેટમાંથી ઘણી મદદ મળશે.

એડિલેડમાં પહેલા દિવસે વરસાદની સંભાવના - એડિલેડ ટેસ્ટ મેચના પહેલા દિવસે વાવાઝોડા સાથે વરસાદની સંભાવના છે, જ્યારે 6 ડિસેમ્બરે વરસાદની 88 ટકા સંભાવના છે. આવી સ્થિતિમાં બૉલ સ્વિંગ થશે અને સીમ થશે, પરંતુ આ પીચને કારણે નહીં પરંતુ સ્થળની સ્થિતિને કારણે થશે. ડેમિયન હૉગે કહ્યું- ઈતિહાસ બતાવે છે કે એડિલેડમાં લાઇટમાં બેટિંગ કરવી મુશ્કેલ છે. પીચ પર 6 મીમી ઘાસ હશે. અમે એવી પીચ બનાવવાનો પ્રયાસ કરી રહ્યા છીએ કે જેના પર સારી સ્પર્ધા હોય. છેલ્લી વખત જ્યારે ભારત અહીં રમવા આવ્યું ત્યારે પિચે ટેસ્ટ મેચ 3 દિવસમાં પૂરી કરવામાં કોઈ ભૂમિકા ભજવી ન હતી. ત્યારે ઓસ્ટ્રેલિયાની બૉલિંગ ખરેખર સારી હતી. રમતના સંદર્ભમાં દરેક માટે કંઈક છે, હું ખુશ છું, મારે માત્ર એક સારી લડાઈ જોઈએ છે.

ધ્યાનમાં રાખો કે, ભારતે છેલ્લી વખત એડિલેડમાં ટેસ્ટ મેચ રમી હતી ત્યારે તે 36 રનમાં આઉટ થઈ ગઈ હતી. જે ટેસ્ટ ક્રિકેટમાં તેનો અત્યાર સુધીનો સૌથી ઓછો સ્કૉર છે. આ વખતે ટીમ વધુ આત્મવિશ્વાસ સાથે ટેસ્ટ મેચ રમશે કારણ કે ભારતે સીરીઝની પ્રથમ ટેસ્ટ મેચ 295 રનથી જીતી હતી. જે ઓસ્ટ્રેલિયામાં રનના માર્જિનથી તેમની સૌથી મોટી જીત છે. ટીમ વર્લ્ડ ટેસ્ટ ચેમ્પિયનશિપની ફાઇનલમાં જગ્યા બનાવવા માટે પર્થની સફળતાનું પુનરાવર્તન કરવાનો પ્રયાસ કરશે.

બૉર્ડર-ગાવસ્કર ટ્રૉફી સીરીઝમાં બન્ને દેશોની સ્ક્વૉડ ભારતની ટીમઃ રોહિત શર્મા (કેપ્ટન), જસપ્રીત બુમરાહ (વાઈસ-કેપ્ટન), યશસ્વી જાયસ્વાલ, અભિમન્યુ ઇશ્વરન, શુભમન ગીલ, વિરાટ કોહલી, કેએલ રાહુલ, ઋષભ પંત, સરફરાઝ ખાન, ધ્રુવ જુરેલ, આર. અશ્વિન, રવિન્દ્ર જાડેજા, મોહમ્મદ સિરાજ, આકાશ દીપ, પ્રસિદ્ધ ક્રિષ્ના, હર્ષિત રાણા, નીતિશ કુમાર રેડ્ડી, વૉશિંગ્ટન સુંદર અને દેવદત્ત પડિકલ.

બીજી ટેસ્ટ માટે ઓસ્ટ્રેલિયાની ટીમઃ પેટ કમિન્સ (કેપ્ટન), સ્કૉટ બૉલેન્ડ, એલેક્સ કેરી, ટ્રેવિસ હેડ, જૉશ ઈંગ્લિસ, ઉસ્માન ખ્વાજા, માર્નસ લાબુશેન, નાથન લિયૉન, મિચેલ માર્શ, નાથન મેકસ્વિની, સ્ટીવ સ્મિથ, મિશેલ સ્ટાર્ક, બ્યૂ વેબસ્ટર, બ્રાન્ડૉન ડૉગેટ અને સીન એબૉટ.

અત્યારે ભારતીય ટીમ ઓસ્ટ્રેલિયા પ્રવાસે છે - 22-25 નવેમ્બર: - 1લી ટેસ્ટ, પર્થ (ભારત 295 રનથી જીત્યું)6-10 ડિસેમ્બર: - બીજી ટેસ્ટ, એડિલેડ14-18 ડિસેમ્બર: - ત્રીજી ટેસ્ટ, બ્રિસ્બેન26-30 ડિસેમ્બર: - ચોથી ટેસ્ટ, મેલબોર્ન03-07 જાન્યુઆરી: - પાંચમી ટેસ્ટ, સિડની

આ પણ વાંચો

બાંગ્લાદેશે ભારતની મુશ્કેલીઓ વધારી ? વેસ્ટ ઇન્ડિઝને હરાવતા બદલાઇ ગયુ WTCનું પૉઇન્ટ ટેબલ",https://gujarati.abplive.com/sports/cricket/know-about-pitch-in-the-aus-vs-ind-2nd-pink-ball-day-night-test-adelaide-grass-pitch-curator-920474,15,2025-04-01 18:49:21
,,"WTC 2023-25 Points Table After BAN vs WI 2nd Test: બે મેચની ટેસ્ટ સીરીઝની બીજી મેચમાં બાંગ્લાદેશે વેસ્ટ ઈન્ડિઝને હરાવ્યું છે. બાંગ્લાદેશે બીજી ટેસ્ટ 101 રને જીતી લીધી હતી. જોકે, ટીમ પ્રથમ ટેસ્ટ 201 રનથી હારી ગઈ હતી. હવે બીજી ટેસ્ટમાં જીત સાથે બાંગ્લાદેશે ભારત માટે મુશ્કેલીઓ વધારી દીધી છે ? તો ચાલો જાણીએ કે બાંગ્લાદેશ અને વેસ્ટ ઈન્ડિઝ વચ્ચેની બીજી ટેસ્ટ બાદ વર્લ્ડ ટેસ્ટ ચેમ્પિયનશિપ 2023-25ના પૉઈન્ટ ટેબલમાં કેટલો બદલાવ આવ્યો છે.

બાંગ્લાદેશ અને વેસ્ટ ઈન્ડિઝ વચ્ચેની બીજી ટેસ્ટથી વર્લ્ડ ટેસ્ટ ચેમ્પિયનશિપ 2023-25ના પૉઈન્ટ ટેબલમાં કોઈ ખાસ ફરક પડ્યો નથી. ટીમ ઈન્ડિયાને પણ આ મેચમાં કોઈ નુકસાન થયું નથી. આ પહેલા પણ ટીમ ઈન્ડિયા પોઈન્ટ ટેબલમાં નંબર વન પર હતી અને હજુ પણ નંબર વન પર છે. ભારતીય ટીમે અત્યાર સુધી 15 ટેસ્ટ રમી છે, જેમાં તેણે 9માં જીત, 5માં હાર અને 1 મેચ ડ્રો રહી હતી.

પૉઇન્ટ ટેબલમાં તળીયાની ટીમો છે બાંગ્લાદેશ અને વેસ્ટ ઇન્ડિઝ બાંગ્લાદેશ અને વેસ્ટ ઈન્ડિઝની વાત કરીએ તો બંને ટીમો પૉઈન્ટ ટેબલમાં સૌથી નીચે છે. બાંગ્લાદેશ 8માં અને વેસ્ટ ઈન્ડિઝ 9માં સ્થાને છે. બંને ટીમો માટે ફાઇનલમાં પહોંચવું લગભગ અશક્ય છે. બાંગ્લાદેશ પાસે હવે આ 2023-25 ​​વર્લ્ડ ટેસ્ટ ચેમ્પિયનશિપ ચક્રમાં કોઈ ટેસ્ટ બાકી નથી. તેણે આ ચક્રની તેની છેલ્લી ટેસ્ટ વેસ્ટ ઈન્ડિઝ સામે રમી હતી.

તળિયે રહેલી વેસ્ટ ઈન્ડિઝને હજુ બે વધુ ટેસ્ટ રમવાની છે, જે પાકિસ્તાન સામે હશે. પાકિસ્તાન સામેની બંને ટેસ્ટ જીત્યા બાદ પણ વેસ્ટ ઈન્ડિઝની ફાઇનલમાં પહોંચવાની કોઈ શક્યતા નહીં રહે. આ ચક્રમાં વેસ્ટ ઈન્ડિઝે અત્યાર સુધી 11 ટેસ્ટ રમી છે, જેમાંથી તેણે માત્ર 2માં જ જીત મેળવી છે. ટીમ 7 મેચ હારી અને બાકીની 2 મેચ ડ્રૉમાં સમાપ્ત થઈ ગઇ છે.

આ પણ વાંચો

PHOTOS: ડે-નાઇટ ટેસ્ટમાં વિરાટનો છે વિરાટ રેકોર્ડ, એડિલેડ ટેસ્ટ પહેલા કરી લો એકનજર...",https://gujarati.abplive.com/sports/cricket/wtc-points-table-update-after-bangladesh-defeat-west-indies-in-2nd-test-know-icc-world-test-championship-920436,15,2025-04-01 18:49:28
,,"World Richest Cricketer Retired : માત્ર 22 વર્ષની ઉંમરે રાજસ્થાન રોયલ્સ ટીમનો ભાગ બનેલા આર્યમાન બિરલાએ ક્રિકેટમાંથી નિવૃત્તિ લેવાની જાહેરાત કરી છે. તેની પાસે સચિન તેંડુલકર, મહેન્દ્ર સિંહ ધોની અને વિરાટ કોહલી જેવા ખેલાડીઓ કરતા પણ વધુ પૈસા છે જેઓ દેશની સૌથી મોટી બ્રાન્ડ બની ગયા છે. જો ભારતના સૌથી અમીર ક્રિકેટરની વાત કરીએ તો આર્યમન બિરલા પહેલા નંબર પર આવે છે.

આર્યમાન બિરલાની કુલ સંપત્તિ 70,000 કરોડ રૂપિયા છે, જે કમાણીની દૃષ્ટિએ સચિન તેંડુલકર, મહેન્દ્ર સિંહ ધોની અને વિરાટ કોહલી કરતાં આગળ છે. આદિત્ય બિરલા ગ્રુપના ચેરમેન કુમાર મંગલમ બિરલાના પુત્ર આર્યમાન ભારતના સૌથી અગ્રણી ઔદ્યોગિક પરિવારોમાંથી એક છે. આર્યમાને 2017-18 સીઝનમાં મધ્ય પ્રદેશ માટે રણજી ટ્રોફીમાં પ્રવેશ કર્યો હતો. 30 લાખ રૂપિયામાં ખરીદ્યા બાદ 2018 ઇન્ડિયન પ્રીમિયર લીગ (IPL)માં રાજસ્થાન રોયલ્સમાં જોડાયો હતો.

ESPNcricinfo અનુસાર, આર્યમાને નવ ફર્સ્ટ ક્લાસ મેચ રમી છે જેમાં તેણે 414 રન બનાવ્યા છે. તેના નામે એક સદી અને એક અડધી સદી છે. તેણે લિસ્ટ A ક્રિકેટમાં ચાર મેચ રમી અને 36 રન બનાવ્યા હતા. ઘરેલુ ક્રિકેટમાં સારી શરૂઆત કર્યા પછી આર્યમાને વ્યક્તિગત કારણોસર 2019માં પ્રોફેશનલ ક્રિકેટથી અંતર બનાવી લીધું હતું. તેણે રાજસ્થાન રોયલ્સ સાથે બે સિઝન વીતાવી પરંતુ તે IPLમાં ડેબ્યૂ કરી શક્યો નહીં. આ પછી ફ્રેન્ચાઇઝીએ તેને રીલિઝ કરી દીધો હતો.

આર્યમાન બિરલા પાસે લગભગ 70,000 કરોડ રૂપિયાની સંપત્તિ છે, જે તેને વિશ્વના સૌથી ધનિક ક્રિકેટ ખેલાડીઓમાં સ્થાન આપે છે. આમ છતાં આર્યમાન બિરલા ભારતીય ક્રિકેટ ટીમ માટે એક પણ મેચ રમી શક્યો નહોતો. આર્યમાન બિરલાએ પોતાની પ્રથમ મેચમાં શાનદાર પ્રદર્શન કર્યું અને 9 મેચની 16 ઇનિંગ્સમાં 1 સદી અને 1 અડધી સદી સાથે કુલ 414 રન બનાવ્યા. આ પછી આર્યમન બિરલાની પણ લિસ્ટ A ક્રિકેટ માટે પસંદગી કરવામાં આવી અને તેણે ત્યાં પણ પોતાની છાપ છોડી હતી.

આર્યમાન બિરલાના આ નિર્ણયે ક્રિકેટ જગતમાં બધાને ચોંકાવી દીધા છે. આર્યમાન બિરલા પાસે ક્રિકેટમાં સફળતા હાંસલ કરવાનો સમય હતો. પરંતુ આર્યમાન બિરલાને ટીમ ઈન્ડિયામાં સ્થાન ન મળી શક્યું અને તે પછી પણ તે ક્રિકેટ છોડીને પોતાના ફેમિલી બિઝનેસ તરફ વળી રહ્યો છે. આર્યમાન બિરલાના જીવનમાં આ એક નવો અધ્યાય સાબિત થઈ શકે છે.

BCCI એ પાકિસ્તાનની માંગ ફગાવી દીધી, ચેમ્પિયન્સ ટ્રોફી પર ઘેરાતા સંકટના વાદળો, જાણો લેટેસ્ટ અપડેટ",https://gujarati.abplive.com/sports/cricket/world-richest-cricketer-aryaman-birla-son-of-kumar-mangalam-birla-retires-at-22-920434,15,2025-04-01 18:49:35
,,"ICC World Test Championship Points Table :    ઈન્ટરનેશનલ ક્રિકેટ કાઉન્સિલે ઈંગ્લેન્ડ અને ન્યુઝીલેન્ડને ત્રણ પેનલ્ટી પોઈન્ટ આપીને સજા કરી છે. ક્રાઈસ્ટચર્ચમાં રમાયેલી પ્રથમ ટેસ્ટમાં સ્લો ઓવર રેટના કારણે બંને ટીમોને પેનલ્ટી પોઈન્ટ આપવામાં આવ્યા છે. ઈંગ્લેન્ડ પહેલેથી જ વર્લ્ડ ટેસ્ટ ચેમ્પિયનશિપ ફાઈનલની રેસમાંથી બહાર થઈ ગયું છે, બીજી તરફ, આ પેનલ્ટીએ કિવી ટીમની આશાઓને મોટો ફટકો આપ્યો છે. 3 પોઈન્ટની કપાતને કારણે, ન્યુઝીલેન્ડ હવે WTC પોઈન્ટ ટેબલમાં ચોથાથી પાંચમા સ્થાને સરકી ગયું છે અને શ્રીલંકા  નંબર-4 પર આવી ગયું છે.

ન્યુઝીલેન્ડની પોઈન્ટ ટકાવારી હવે ઘટીને 47.92 થઈ ગઈ છે અને તેની આગામી તમામ મેચો જીતીને તેની ટકાવારી મહત્તમ 55.36 સુધી જઈ શકે છે. હાલમાં, ઓસ્ટ્રેલિયા, શ્રીલંકા, દક્ષિણ આફ્રિકા અને ભારત ટેબલમાં કિવી ટીમથી આગળ છે. ટીમ ઈન્ડિયા પ્રથમ (61.11), દક્ષિણ આફ્રિકા બીજા (59.26), ઓસ્ટ્રેલિયા ત્રીજા (57.26) અને શ્રીલંકા (50) ચોથા સ્થાને છે. હવે ન્યૂઝીલેન્ડની ફાઈનલનું સમીકરણ એવું છે કે જો તે ઈંગ્લેન્ડ સામેની બાકીની બંને મેચ જીતી જાય તો પણ તેણે ફાઇનલમાં જગ્યા બનાવવા માટે અન્ય પર નિર્ભર રહેવું પડશે.

ફીના 15 ટકાનો દંડ ફટકારવામાં આવ્યો

ICC એ પેનલ્ટી અંગે નિવેદન જાહેર કરીને કહ્યું હતું કે, ""આવતા વર્ષે લોર્ડ્સના મેદાનમાં યોજાનારી વર્લ્ડ ટેસ્ટ ચેમ્પિયનશિપની ફાઈનલની રેસમાં એક વળાંક આવ્યો છે. ઈંગ્લેન્ડ અને ન્યુઝીલેન્ડની મેચમાં સ્લો  ઓવર રેટના કારણે ક્રાઇસ્ટચર્ચમાં બંને ટીમોને ફીના 15 ટકાનો દંડ ફટકારવામાં આવ્યો છે, જેના કારણે બંને ટીમોના વર્લ્ડ ટેસ્ટ ચેમ્પિયનશિપના પોઈન્ટમાં ઘટાડો થયો છે.

ભારતને ફાયદો થશે

વર્લ્ડ ટેસ્ટ ચેમ્પિયનશિપની ફાઈનલ માટે અત્યાર સુધી પાંચ ટીમો સીધી રેસમાં છે. હવે ન્યૂઝીલેન્ડ માટે ફાઇનલમાં પહોંચવું ખૂબ મુશ્કેલ દેખાઈ રહ્યું છે, તેથી ટોચ પર રહેલા ભારત પરનો ખતરો લગભગ ઓછો થઈ ગયો છે. શ્રીલંકાની આગામી શિડ્યુલ ખૂબ જ મુશ્કેલ લાગી રહી છે,  તેથી જો ઔપચારિક રીતે જોવામાં આવે તો ભારત, ઓસ્ટ્રેલિયા અને દક્ષિણ આફ્રિકા આ ત્રણેય દેશો ફાઈનલ માટે પ્રબળ દાવેદાર માનવામાં આવે છે.

IND vs AUS: ટીમ ઈન્ડિયાની પ્લેઈંગ ઈલેવનમાં આટલા બદલાવ નક્કી, શું રોહિત લઈ શકશે આ મોટો નિર્ણય",https://gujarati.abplive.com/sports/cricket/icc-penalizes-england-and-new-zealand-three-points-deduction-world-test-championship-points-table-wtc-2025-final-scenarios-920408,15,2025-04-01 18:49:45
,,"Virat Kohli Injury Boder Gavaskar Trophy 2024: બોર્ડર-ગાવસ્કર ટ્રોફી 2024માં ભારતીય ટીમ જીતનો સિલસિલો જાળવી રાખવા અને 2-0ની લીડ લેવા ઈચ્છે છે. 6 ડિસેમ્બરથી શરૂ થઈ રહેલી એડિલેડ ટેસ્ટ પહેલા ટીમ ઈન્ડિયા નેટ્સમાં ખૂબ પરસેવો પાડી રહી છે, પરંતુ આ દરમિયાન વિરાટ કોહલીની એક તસવીર સામે આવી છે, જેણે ટીમ ઈન્ડિયાનું ટેન્શન વધારી દીધું છે. હકીકતમાં, પ્રેક્ટિસ દરમિયાન મેડિકલ સ્ટાફ કોહલીના જમણા ઘૂંટણ પર પટ્ટી બાંધતા જોવા મળ્યા હતા અને આ ઘટનાની તસવીરો થોડી જ વારમાં સોશિયલ મીડિયા પર વાયરલ થઈ ગઈ હતી.

Trouble for Team India? 😟 Virat Kohli's bandaged knee raises questions before the pink-ball Test. Fans hold their breath as the injury watch begins! 🙌 #AUSvIND | #WTC25 #MSDhoni #Pushpa3TheRampage #RohitSharma #BadaltaKashmir pic.twitter.com/x3fWWcL58h

પ્લેઈંગ ઈલેવનમાં વિરાટ કોહલીની હાજરી ભારતીય ટીમ માટે ઘણી મહત્વની રહેશે. બોર્ડર-ગાવસ્કર ટ્રોફીમાં માત્ર તેનો રેકોર્ડ જ શાનદાર નથી, પર્થ ટેસ્ટમાં તેની સદી પણ તેનું મનોબળ વધારશે. કોહલી બીજી સદી ફટકારતાની સાથે જ બોર્ડર-ગાવસ્કર ટ્રોફીમાં સૌથી વધુ સદી ફટકારવાનો રેકોર્ડ પોતાના નામે કરી લેશે. હાલમાં સચિન અને વિરાટ બંનેના નામે 9 સદી છે. કોહલીની ફિટનેસ પર હજુ પણ પ્રશ્નાર્થ ચિન્હો છે, પરંતુ ભારતીય ટીમ માટે સારી વાત એ છે કે કેપ્ટન રોહિત શર્મા સતત નેટમાં ઘણો સમય વિતાવી રહ્યો છે.

એડિલેડ ઓવલમાં વિરાટ કોહલીનો રેકોર્ડ

વિરાટ કોહલીની ઈજા ટીમ ઈન્ડિયા માટે મોટો ફટકો હશે. એડિલેડ ઓવલ મેદાન પર કોહલીનો રેકોર્ડ શાનદાર છે. અત્યાર સુધી તેણે આ મેદાન પર રમાયેલી 4 મેચની 8 ઇનિંગ્સમાં 63.63ની શાનદાર એવરેજથી 509 રન બનાવ્યા છે. એ વાત પણ નોંધનીય છે કે એડિલેડમાં રમાયેલી 8 ઇનિંગ્સમાં તેણે ત્રણ સદી અને એક અડધી સદી ફટકારી છે. મતલબ કે વિરાટ આ મેદાન પર લગભગ દરેક ત્રીજી ઇનિંગમાં સદી ફટકારે છે. ભારત અને ઓસ્ટ્રેલિયા વચ્ચેની ટેસ્ટ મેચ એડિલેડમાં પિંક બોલથી રમાશે. અત્યારે તો એવી આશા રાખી શકાય કે વિરાટની ઈજા મોટી ચિંતાનો વિષય ન બને. પિંક બોલની ટેસ્ટ મેચોમાં ટીમ ઈન્ડિયાની જીતની ટકાવારી 75 છે.

શુભમન ગિલ પણ આગામી ટેસ્ટમાંથી વાપસી કરી રહ્યો છે

શુભમન ગિલ હવે ઈજામાંથી બહાર આવ્યો છે. તે પ્રેક્ટિસ મેચમાં પણ જોવા મળ્યો હતો, એટલે કે તે લગભગ નિશ્ચિત છે કે તે બીજી ટેસ્ટ રમશે, તે ત્રીજા નંબર પર બેટિંગ કરવા આવશે. દેવદત્ત પડિક્કલને BCCI દ્વારા માત્ર એક ટેસ્ટ માટે ટીમમાં સામેલ કરવામાં આવ્યો હતો, તેથી તેનુ બહાર જવાનું નિશ્ચિત છે. વિરાટ કોહલી અને ઋષભ પંત રમશે તે પણ નિશ્ચિત છે. એટલે કે ધ્રુવ જુરેલે રોહિત શર્મા માટે જગ્યા ખાલી કરવી પડશે. જો બોલિંગ આક્રમણની વાત કરીએ તો તેમાં બહુ ફેરફાર થવાની સંભાવના નથી. જસપ્રીત બુમરાહની સાથે મોહમ્મદ સિરાજ અને હર્ષિત રાણા ફાસ્ટ બોલિંગની જવાબદારી સંભાળશે. નીતિશ કુમાર રેડ્ડી ચોથા ઝડપી બોલરની જવાબદારી નિભાવતા જોવા મળશે. વોશિંગ્ટન સુંદર એકમાત્ર સ્પિનર ​​હશે, જે જરૂર પડ્યે ટીમને બેટિંગમાં પણ મદદ કરશે.

પર્થ ટેસ્ટ માટે ભારતની સંભવિત પ્લેઈંગ ઈલેવન: યશસ્વી જયસ્વાલ, કેએલ રાહુલ, શુભમન ગિલ, વિરાટ કોહલી, રોહિત શર્મા (કેપ્ટન), ઋષભ પંત (વિકેટકીપર), વોશિંગ્ટન સુંદર, નીતિશ રેડ્ડી, હર્ષિત રાણા, જસપ્રિત બુમરાહ, મોહમ્મદ સિરાજ.

IND vs AUS: ટીમ ઈન્ડિયાની પ્લેઈંગ ઈલેવનમાં આટલા બદલાવ નક્કી, શું રોહિત લઈ શકશે આ મોટો નિર્ણય",https://gujarati.abplive.com/sports/cricket/virat-kohli-possible-knee-injury-during-practice-ahead-adelaide-test-india-vs-australia-920398,15,2025-04-01 18:49:56
,,"ભારતીય ક્રિકેટ ટીમે ઓસ્ટ્રેલિયા પ્રવાસ પર પહેલી જ ટેસ્ટ મેચ જીતી છે, તે પણ નિયમિત કેપ્ટન રોહિત શર્માની ગેરહાજરીમાં. હવે રોહિત શર્મા ટીમ સાથે જોડાઈ ગયો છે અને તેણે ટીમની કમાન પણ સંભાળી લીધી છે. બીજી ટેસ્ટની તૈયારીઓ પણ અંતિમ તબક્કામાં છે, જે 6 ડિસેમ્બરથી એડિલેડમાં રમાશે. આ પિંક બોલની ટેસ્ટ હશે, જે ડે નાઈટ મેચ છે, તેથી આ મેચને લઈને રોમાંચ છે. આ દરમિયાન, ભારતીય ટીમ ભલે પ્રથમ મેચ જીતી ગઈ હોય, પરંતુ તેણે તેના વિનિંગ કોમ્બિનેશનમાં ફેરફાર કરવો પડશે.  પરંતુ સવાલ એ છે કે શું રોહિત શર્મા વધુ એક મોટો નિર્ણય લઈ શકશે, જેના વિશે ઘણી ચર્ચા થઈ રહી છે.

શું માત્ર કેએલ રાહુલ અને યશસ્વી જયસ્વાલ ભારત માટે ઓપનિંગ કરશે?

રોહિત શર્મા ફરી એકવાર ટીમ ઈન્ડિયાની કેપ્ટનશીપ માટે તૈયાર છે. પરંતુ સવાલ એ છે કે જ્યારે રોહિત શર્મા પરત ફરશે ત્યારે તે કયા નંબર પર બેટિંગ કરશે?  તે છેલ્લા ઘણા સમયથી ઓપનિંગ કરી રહ્યો છે. પરંતુ આ સીરીઝની પ્રથમ મેચમાં જ્યારે રોહિત શર્મા ત્યાં ન હતો ત્યારે તેની જગ્યાએ કેએલ રાહુલ અને યશસ્વી જયસ્વાલે ઇનિંગ્સની શરૂઆત કરી હતી. આ જોડી ભલે પ્રથમ દાવમાં હીટ ન રહી પરંતુ બંનેએ બીજી ઇનિંગમાં 200થી વધુ રનની ભાગીદારી કરીને નવો રેકોર્ડ બનાવ્યો. શું રોહિત શર્મા આ જોડી તોડશે ?

રોહિત શર્મા 5માં નંબર પર બેટિંગ કરી શકે છે

જો કેપ્ટન નક્કી કરે છે કે ફક્ત કેએલ રાહુલ અને યશસ્વી જયસ્વાલ જ ઈનિંગ્સની શરુઆત કરે,  તો તેણે પાંચમાં અને પછી છ નંબર પર બેટિંગ કરવા આવવું પડશે. જો કે રોહિત શર્માએ ત્યાંથી પોતાની ટેસ્ટ કારકિર્દીની શરૂઆત કરી હતી, તેથી ત્યાં રમવું તેના માટે નવી વાત નથી. યશસ્વી જયસ્વાલે બીજી ઇનિંગમાં 161 રનની લાંબી ઇનિંગ રમી એટલું જ નહીં, કેએલ રાહુલે પણ 250 બોલનો સામનો કર્યો અને બંને ઇનિંગ્સમાં સંયુક્ત રીતે 103 રન બનાવ્યા.

શુભમન ગિલ પણ આગામી ટેસ્ટમાંથી વાપસી કરી રહ્યો છે

શુભમન ગિલ હવે ઈજામાંથી બહાર આવ્યો છે. તે પ્રેક્ટિસ મેચમાં પણ જોવા મળ્યો હતો, એટલે કે તે લગભગ નિશ્ચિત છે કે તે બીજી ટેસ્ટ રમશે, તે ત્રીજા નંબર પર બેટિંગ કરવા આવશે. દેવદત્ત પડિક્કલને BCCI દ્વારા માત્ર એક ટેસ્ટ માટે ટીમમાં સામેલ કરવામાં આવ્યો હતો, તેથી તેનુ બહાર જવાનું નિશ્ચિત છે. વિરાટ કોહલી અને ઋષભ પંત રમશે તે પણ નિશ્ચિત છે. એટલે કે ધ્રુવ જુરેલે રોહિત શર્મા માટે જગ્યા ખાલી કરવી પડશે. જો બોલિંગ આક્રમણની વાત કરીએ તો તેમાં બહુ ફેરફાર થવાની સંભાવના નથી. જસપ્રીત બુમરાહની સાથે મોહમ્મદ સિરાજ અને હર્ષિત રાણા ફાસ્ટ બોલિંગની જવાબદારી સંભાળશે. નીતિશ કુમાર રેડ્ડી ચોથા ઝડપી બોલરની જવાબદારી નિભાવતા જોવા મળશે. વોશિંગ્ટન સુંદર એકમાત્ર સ્પિનર ​​હશે, જે જરૂર પડ્યે ટીમને બેટિંગમાં પણ મદદ કરશે.

પર્થ ટેસ્ટ માટે ભારતની સંભવિત પ્લેઈંગ ઈલેવન: યશસ્વી જયસ્વાલ, કેએલ રાહુલ, શુભમન ગિલ, વિરાટ કોહલી, રોહિત શર્મા (કેપ્ટન), ઋષભ પંત (વિકેટકીપર), વોશિંગ્ટન સુંદર, નીતિશ રેડ્ડી, હર્ષિત રાણા, જસપ્રિત બુમરાહ, મોહમ્મદ સિરાજ.",https://gujarati.abplive.com/sports/cricket/india-possible-playing-xi-for-pink-ball-test-in-adelaide-vs-australia-920387,15,2025-04-01 18:50:02
,,,https://gujarati.abplive.com/photo-gallery/sports/cricket-cricketer-test-record-virat-kohli-pink-ball-test-record-before-ind-vs-aus-2nd-adelaide-test-border-gavaskar-trophy-2024-920335,15,2025-04-01 18:50:06
,,"PV Sindhu Marriage:  ભારતની મહાન શટલર પીવી સિંધુ તેના જીવનની એક નવી અને સૌથી સુંદર સફર શરૂ કરવા જઈ રહી છે. બે વખતની ઓલિમ્પિક મેડલ વિજેતા બેડમિન્ટન સ્ટાર સિંધુ ટૂંક સમયમાં લગ્ન કરવા જઈ રહી છે. સિંધુના પિતાએ સોમવારે, 2 ડિસેમ્બરના રોજ તેમની પુત્રીના લગ્નના સારા સમાચાર તેમના ચાહકો અને મીડિયા સાથે શેર કર્યા હતા. ભારતીય સ્ટાર હૈદરાબાદના એક બિઝનેસ એક્ઝિક્યુટિવ સાથે લગ્ન કરી રહી છે. સિંધુના પિતા પીવી રમન્નાએ જણાવ્યું કે લગ્નની વિધિ 22 ડિસેમ્બરે રાજસ્થાનના લેક સિટી ઉદયપુરમાં પૂર્ણ થશે.

ઉદયપુરમાં લગ્ન, ભાવિ પતિનું આઈપીએલ સાથે કનેક્શન

એક ડિસેમ્બર રવિવારના રોજ સૈયદ મોદી ઇન્ટરનેશનલ ટૂર્નામેન્ટ જીતીને તેના ચાહકોને ખુશ કરનાર પીવી સિંધુએ હવે દરેકને ડબલ સેલિબ્રેટ કરવાનો મોકો આપ્યો છે. સિંધુ હૈદરાબાદની એક કંપનીમાં સિનિયર એક્ઝિક્યુટિવ વેંકટ દત્તા સાથે લગ્ન કરી રહી છે. સિંધુની જેમ વેંકટ પણ હૈદરાબાદનો રહેવાસી છે. લગ્ન વિશે માહિતી આપતાં સિંધુના પિતાએ કહ્યું કે બંને પરિવાર લાંબા સમયથી એકબીજાને ઓળખે છે. પીટીઆઈએ પીવી રમન્નાને ટાંકીને કહ્યું કે લગ્ન એક મહિના પહેલા નક્કી કરવામાં આવ્યા હતા અને સિંધુના વ્યસ્ત કાર્યક્રમને ધ્યાનમાં રાખીને 22 ડિસેમ્બરની તારીખ નક્કી કરવામાં આવી હતી.

તેમણે એ પણ જણાવ્યું કે 20 ડિસેમ્બરથી લગ્નની વિધિઓ શરૂ થશે અને 22 ડિસેમ્બરે સિંધુ અને વેંકટ તમામ વિધિઓ સાથે એકબીજા સાથે લગ્ન કરશે. આ પછી 24 ડિસેમ્બરે હૈદરાબાદમાં રિસેપ્શન પાર્ટીનું પણ આયોજન કરવામાં આવશે. સિંધુના ભાવિ પતિ વેંકટ દત્તા વિશે વાત કરીએ તો તે પોસિડેક્સ ટેક્નોલોજીના એક્ઝિક્યુટિવ ડિરેક્ટર છે. વેંકટ માત્ર ટેક્નોલોજી કંપની સાથે જોડાયેલા નથી પરંતુ આ પહેલા તેઓ વિશ્વની સૌથી પ્રખ્યાત ટી20 લીગ IPL સાથે પણ જોડાઇ ચૂક્યા છે. વેંકટએ તેના LinkedIn બાયોમાં પણ આનો ઉલ્લેખ કર્યો છે, જ્યાં તેમણે કહ્યું હતું કે તે IPL ફ્રેન્ચાઇઝીનું સંચાલન કરી રહ્યો છે. જોકે, તેમણે તેમાં ફ્રેન્ચાઈઝીના નામનો ઉલ્લેખ કર્યો નથી.

સિંધુ વિશે વાત કરીએ તો ભારતની સૌથી સફળ બેડમિન્ટન સ્ટાર માટે અચાનક ખુશી પરત આવી છે જે ઘણા સમયથી ખરાબ તબક્કામાંથી પસાર થઈ રહી હતી. તે લાંબા સમયથી કોઈ મોટી સફળતા હાંસલ કરી શકી ન હતી. આ વર્ષે પેરિસ ઓલિમ્પિકમાં પણ તેને સફળતા મળી નથી. સતત બે ઓલિમ્પિકમાં સિલ્વર અને બ્રોન્ઝ મેડલ જીતનારી સિંધુ પ્રથમ વખત ખાલી હાથે પરત ફરી હતી. આ સિવાય તે કોઈપણ મોટી ટુર્નામેન્ટમાં ટાઈટલ જીતી શકી નથી. તેની ફિટનેસની સમસ્યાઓ પણ ચાલી રહી છે.  હવે સિંધુએ 1 ડિસેમ્બરે પ્રતિષ્ઠિત સૈયદ મોદી ટૂર્નામેન્ટ જીતીને વાપસી કરી છે. આટલું જ નહીં, થોડા દિવસો પહેલા તેણે હૈદરાબાદમાં પોતાની બેડમિન્ટન એકેડમીનો પાયો પણ નાખ્યો હતો.

પીવી સિંધુએ સૈયદ મોદી ઈન્ટરનેશન બેડમિન્ટન ટૂર્નામેન્ટમાં જીત્યો ગોલ્ડ, ફાઈનલમાં ચીનની પ્લેયરને મ્હાત આપી",https://gujarati.abplive.com/sports/pv-sindhu-to-marry-hyderabad-based-tech-executive-on-december-22-920297,15,2025-04-01 18:50:12
,,"BCCI Rejects Dubai Neutral Venue Offer Champions Trophy 2025: ચૈમ્પિયંસ ટ્રોફી મુદ્દામાં પાકિસ્તાન ક્રિકેટ બોર્ડ ઇચ્છતું હતું કે હાઇબ્રિડ મોડલ સ્વીકાર કરવા બદલે તેને પણ ફાયદો થાય અને બીસીસીઆઈ પણ સંતુષ્ટ થઈ જાય. વાસ્તવમાં, PCB નું કહેવું હતું કે ભારતીય ટીમ તેઓનાં દેશ આવવા ઇચ્છતી નથી, તો આગામી ઇવેન્ટ્સમાં પાક ટીમ પણ રમવા માટે ભારત નહીં જાય અને તેના માટે પણ હાઇબ્રિડ મોડલ લાગુ કરવું જોઈએ. સ્પષ્ટ રીતે, પાકિસ્તાન તરફથી ભારત-પાક મેચો દુબઈમાં કરાવવાની માંગ કરવામાં આવી હતી. હવે એક નવો ખુલાસો થયો છે કે બીસીસીઆઈ એ ભારત બનામ પાકિસ્તાન આગામી મેચોને હાઇબ્રિડ મોડલ હેઠળ કરાવવાની માંગ ને નકારી દીધી છે.

માંગ એ હતી કે આગામી 3 વર્ષ સુધી કોઈ પણ ICC ઇવેન્ટમાં ભારત બનામ પાકિસ્તાન મેચને ન્યૂટ્રલ વેન્યુ પર કરાવવામાં આવે. ન્યૂટ્રલ વેન્યુ તરીકે દુબઈનું નામ આપવામાં આવ્યું હતું અને આ ફૉર્મૂલાને પહેલાં 'પાર્ટનરશિપ' કહીને સંબોધવામાં આવ્યું હતું. શરૂઆતમાં, તેને લીલી ઝંડી આપવાની અટકળો હતી, પરંતુ હવે પાકિસ્તાની મીડિયા મુજબ, બીસીસીઆઈએ આ માંગને નકારી દીધી છે.

બીસીસીઆઈએ દુબઈમાં મેચ કરાવવાની માંગ નકારી

રિપોર્ટ મુજબ, બીસીસીઆઈએ પહેલાં આ 'પાર્ટનરશિપ' ફૉર્મૂલામાં રસ બતાવ્યો હતો, જેના હેઠળ આગામી 3 વર્ષ સુધી ભારત બનામ પાકિસ્તાન મેચ દુબઈમાં થઈ શકે. રવિવારે રજાનો ઉલ્લેખ કરતાં, બીસીસીઆઈ એ કોઈ નિર્ણય ન કર્યો, જ્યારે સોમવાર અને મંગળવારે યુએઈમાં કચેરીઓ બંધ રહેશે. તે જ સમયે, જય શાહ એ 1 ડિસેમ્બર ના રોજ ICC ચેરમેન પદ સંભાળ્યું છે. આ બધી ઘટનાઓની વચ્ચે, ચૈમ્પિયંસ ટ્રોફી મુદ્દો હજી સુધી કોઈ નિર્ણય થઈ શક્યો નથી.

એક પાકિસ્તાની મીડિયા વેબસાઇટના સંદર્ભમાં, PCB ના એક સૂત્રએ કહ્યું, ""અમે બિલ્કુલ યોગ્ય સમાધાન પ્રસ્તુત કર્યું હતું. હવે, જો ભારત આ ફૉર્મૂલા ને સ્વીકાર નથી કરતું, તો તે અમારી પાસેથી અપેક્ષા ન રાખે કે અમે ભવિષ્યમાં અમારી ટીમને તેઓના દેશમાં મોકલીશું. જો ભવિષ્યમાં ભારતમાં કોઈ ICC ઇવેન્ટ થાય, તો તે અમારી સામે મેચ દુબઈમાં રમવી પડશે.""

આ પણ વાંચોઃ

ગામડેથી પાછા આવ્યા બાદ એકનાથ શિંદેનું પહેલું મોટું નિવેદન, કહ્યું - મહારાષ્ટ્રના મુખ્યમંત્રી તો....",https://gujarati.abplive.com/sports/cricket/bcci-rejects-pcb-neutral-venue-icc-champions-trophy-2025-920246,15,2025-04-01 18:50:17
,,"Jayden Seales Record WI vs BAN 2nd Test: વેસ્ટ ઈન્ડિઝ અને બાંગ્લાદેશ વચ્ચે બે મેચની ટેસ્ટ શ્રેણીની છેલ્લી મેચ જમૈકામાં રમાઈ રહી છે. આ મેચમાં વેસ્ટ ઈન્ડિઝના ફાસ્ટ બોલર જેડન સીલ્સે 46 વર્ષ જૂનો રેકોર્ડ તોડ્યો હતો. સીલ્સે છેલ્લા 46 વર્ષમાં ટેસ્ટ ક્રિકેટના ઈતિહાસમાં સૌથી વધુ ઇકોનોમિકલ સ્પેલ ફેંક્યો હતો. સીલ્સની શાનદાર બોલિંગ સામે બાંગ્લાદેશી બેટ્સમેનો 200 રનનો આંકડો પણ પાર કરી શક્યા ન હતા.

મેચમાં બાંગ્લાદેશે ટોસ જીતીને બેટિંગ કરવાનો નિર્ણય કર્યો હતો. આ દરમિયાન વેસ્ટ ઈન્ડિઝના જેડન સીલ્સે 15.5 ઓવરમાં માત્ર 05 રન આપીને 4 વિકેટ ઝડપી હતી. જેડન ઇનિંગ્સમાં સૌથી વધુ વિકેટ લેનાર બોલર હતો. દરમિયાન તેણે 0.31ના ઇકોનોમીથી રન આપ્યા હતા. 15.5 ઓવરનો સ્પેલ ફેંકનાર જેડને 10 ઓવર મેડન્સ ફેંકી હતી. 1978 પછી ટેસ્ટ ક્રિકેટમાં આ સૌથી ઇકોનોમિક સ્પેલ રહ્યો હતો.

ઉમેશ યાદવનો રેકોર્ડ તૂટ્યો

ભારતીય ટીમના સ્ટાર ફાસ્ટ બોલર ઉમેશ યાદવે 2015માં દક્ષિણ આફ્રિકા સામે રમાયેલી ટેસ્ટમાં 21 ઓવરમાં માત્ર 09 રન આપીને 3 વિકેટ ઝડપી હતી. ઉમેશે તેના સ્પેલમાં 0.42ની ઇકોનોમી પર રન આપ્યા હતા. હવે સીલ્સે ઉમેશનો રેકોર્ડ તોડ્યો છે.

બાંગ્લાદેશ 164માં ઓલઆઉટ

મેચના પ્રથમ દાવમાં બેટિંગ કરવા આવેલી બાંગ્લાદેશની ટીમ 164 રનમાં ઓલઆઉટ થઈ ગઈ હતી. આ દરમિયાન શાદમાન ઇસ્લામે ટીમ માટે સૌથી મોટી ઇનિંગ રમી અને 5 ચોગ્ગા અને 1 છગ્ગાની મદદથી 64 રન બનાવ્યા. જ્યારે વેસ્ટ ઈન્ડિઝ માટે સીલ્સે 4 અને શમર જોસેફે 3 વિકેટ લીધી હતી. આ સિવાય કેમાર રોચે 2 અને અલ્ઝારી જોસેફે 1 વિકેટ લીધી હતી.

જેડેન સીલ્સની આંતરરાષ્ટ્રીય કારકિર્દી

જેડન સીલ્સે તેની આંતરરાષ્ટ્રીય કારકિર્દીમાં અત્યાર સુધીમાં 16 ટેસ્ટ અને 15 વનડે રમી છે. તેણે ટેસ્ટમાં 67 વિકેટ લીધી છે. આ સિવાય તેણે વનડેમાં અત્યાર સુધી 8 વિકેટ પોતાના નામે કરી છે.

IND vs AUS 2nd Test: એડિલેડ ટેસ્ટ માટે લગભગ નક્કી ભારતીય પ્લેઇંગ-11, આ ખેલાડીઓને મળશે સ્થાન",https://gujarati.abplive.com/sports/cricket/jayden-seales-etches-his-name-in-record-books-with-a-sensational-spell-against-bangladesh-920228,15,2025-04-01 18:50:23
,,,https://gujarati.abplive.com/photo-gallery/sports/suryakumar-yadav-shared-candid-pictures-from-his-sister-dinals-wedding-920226,15,2025-04-01 18:50:37
,,"IPL 2025 Ajinkya Rahane KKR Captain: IPL 2025માં ઘણી ટીમોની કેપ્ટનશીપમાં મોટા ફેરફારો થશે, જેના માટે ધીમે ધીમે ચિત્ર સ્પષ્ટ થઈ રહ્યું છે. રિપોર્ટમાં ખુલાસો થયો છે કે ડિફેન્ડિંગ ચેમ્પિયન કોલકાતા નાઈટ રાઈડર્સ (KKR) આગામી સિઝનમાં અજિંક્ય રહાણેને કેપ્ટન બનાવવા પર વિચાર કરી રહી છે.

ટાઈમ્સ ઓફ ઈન્ડિયાના અહેવાલમાં કહેવામાં આવ્યું છે કે, કેકેઆરએ રહાણેને કેપ્ટનશિપ માટે ખરીદ્યો છે. તમને જણાવી દઈએ કે જેદ્દામાં આયોજિત મેગા ઓક્શનમાં કોલકાતાએ રહાણેને 1.5 કરોડ રૂપિયાની બેઝ પ્રાઈસ પર ખરીદ્યો હતો.

અહેવાલમાં એક સૂત્રને ટાંકીને કહેવામાં આવ્યું છે કે, ""હા, અત્યારે 90 ટકા નક્કી છે કે અજિંક્ય રહાણે KKRનો કેપ્ટન હશે. તેને ખાસ કરીને એક સક્ષમ સુકાનીપદ વિકલ્પ બનવાના ઉદ્દેશ્યથી ખરીદવામાં આવ્યો હતો.""

જોકે, અગાઉ આવા અહેવાલો પણ સામે આવ્યા હતા જેમાં કહેવામાં આવ્યું હતું કે, KKR આગામી સિઝન માટે ઓલરાઉન્ડર વેંકટેશ ઐયરને ટીમની કમાન સોંપી શકે છે. વેંકટેશને ફ્રેન્ચાઈઝીએ મેગા ઓક્શનમાં રૂ. 23.75 કરોડમાં ખરીદ્યો હતો. જો કે, હજુ સુધી રહાણે કે વેંકટેશ અય્યરને કેપ્ટન બનાવવા અંગે કોઈ સત્તાવાર માહિતી બહાર આવી નથી.

મુંબઇએ રહાણેને કેપ્ટન પદેથી હટાવ્યો રણજી ટ્રૉફીમાં મુંબઈની કમાન સંભાળનારા અજિંક્ય રહાણેને સૈયદ મુશ્તાક અલી ટ્રૉફી માટે ટીમની કમાન સોંપવામાં આવી ન હતી. મુંબઈ ક્રિકેટ એસોસિએશને સૈયદ મુશ્તાક અલી ટ્રૉફી માટે શ્રેયસ અય્યરને મુંબઈનો કેપ્ટન બનાવ્યો હતો.

નોંધનીય બાબત એ છે કે, ઐયરની કેપ્ટન્સીમાં કોલકાતાએ ગયા વર્ષે (IPL 2024) આઈપીએલનો ખિતાબ જીત્યો હતો. હવે KKR એવા ખેલાડીને કેપ્ટન બનાવવાનું વિચારી રહી છે જેને મુંબઈએ T20 ટૂર્નામેન્ટ માટે કેપ્ટન બનાવ્યો ન હતો.

રહાણે છેલ્લી બે સિઝન (2023 અને 2024) માટે ચેન્નાઈ સુપર કિંગ્સનો ભાગ હતો. હવે KKRએ તેના પર જુગાર ખેલ્યો છે. હવે તે જોવાનું રસપ્રદ રહેશે કે KKR આ દાવથી કેટલો નફો મેળવવામાં સફળ થાય છે.

આ પણ વાંચો

IPL Cheerleaders Salary: એક જ મેચમાં આટલા રૂપિયાની કમાણી કરે છે ચીયરલીડર્સ? જાણીને લાગશે આંચકો",https://gujarati.abplive.com/sports/ipl/kkr-2025-news-indian-cricketer-ajinkya-rahane-will-be-become-next-captain-of-kolkata-knight-riders-920192,15,2025-04-01 18:50:41
,,"IPL Cheerleaders Salary:  ઇન્ડિયન પ્રિમિયર લીગ 2025 (IPL 2025)ની તૈયારીઓ શરૂ થઈ ગઈ છે. તાજેતરમાં મેગા ઓક્શનમાં 180થી વધુ ખેલાડીઓ પર કરોડોની બોલીઓ લાગી હતી પરંતુ ઘણા ખેલાડીઓ અનસોલ્ડ રહ્યા હતા. આઈપીએલની ગણતરી વિશ્વની સૌથી મોટી ક્રિકેટ લીગમાં થાય છે. આ લીગમાં ગ્લેમરનું સ્તર અલગ છે. લીગમાં જ્યાં ખેલાડીઓ પર પૈસાનો વરસાદ થાય છે, ત્યાં ચીયરલીડર્સ પણ કમાણીના મામલામાં પાછળ નથી. આજે અમે તમને જણાવીશું કે આઈપીએલમાં ચીયરલીડર્સને કેટલો પગાર મળે છે.

મીડિયા રિપોર્ટ્સ અનુસાર, ચીયર લીડર્સને પ્રતિ મેચ 15 થી 25 હજાર રૂપિયા મળે છે. આઈપીએલમાં ચીયર લીડર્સને સૌથી વધુ પગાર કોલકાતા નાઈટ રાઈડર્સ દ્વારા આપવામાં આવે છે. આ ટીમ ચીયરલીડર્સને મેચ દીઠ 25 હજાર રૂપિયા આપે છે. મુંબઈ અને RCB પણ ચીયરલીડર્સને મેચ દીઠ લગભગ 20 હજાર રૂપિયા ચૂકવે છે. રિપોર્ટ્સ અનુસાર, આટલું જ નહીં, મેચ જીતનારી ટીમના ચીયર લીડર્સને પણ બોનસ મળે છે.

ચીયરલીડરનો ક્રેઝ

ઈન્ડિયન પ્રીમિયર લીગ (આઈપીએલ)માં ચીયરલીડર્સનું અલગ મહત્વ છે. 2008માં આઈપીએલની શરૂઆત સાથે વિદેશી ચીયરલીડર્સનો પણ સમાવેશ કરવામાં આવ્યો હતો. આ પહેલનો મુખ્ય ઉદ્દેશ્ય ચાહકો અને ખેલાડીઓનું મનોબળ વધારવાનો હતો. જો કે, સમય જતાં ચીયરલીડર્સ માત્ર એક પરંપરા જ નહીં પરંતુ IPLનો મહત્વનો ભાગ બની ગયા હતા.

મેચ દરમિયાન ચીયરલીડર્સના ડાન્સ મૂવ્સ અને પ્રદર્શન દર્શકોનું ખૂબ મનોરંજન કરે છે. ખાસ કરીને વિદેશી ચીયરલીડર્સની આકર્ષક સ્ટાઇલ ચાહકોમાં ચર્ચાનો વિષય બની રહે છે. ટૂર્નામેન્ટની દરેક ટીમ તેના ચીયર લીડર્સને ખૂબ મહત્વ આપે છે. આઈપીએલની ભવ્યતા અને ગ્લેમરમાં ચીયરલીડર્સનું યોગદાન નકારી શકાય તેમ નથી. આ માત્ર મેચોને રોમાંચક બનાવે છે, પરંતુ ક્રિકેટને લગતી ઉત્તેજના પણ વધારે છે. આ જ કારણ છે કે ચીયરલીડર્સનો આ વ્યવસાય દર વર્ષે નવી ઊંચાઈઓ પર પહોંચી રહ્યો છે.

તે ક્યાંથી શરૂ થયું?

ચીયરલીડિંગનો ઇતિહાસ ખૂબ જ રસપ્રદ છે. આ વ્યવસાય સૌપ્રથમ અમેરિકામાં શરૂ થયો હતો. શરૂઆતમાં ચીયરલીડર્સનો ઉપયોગ અમેરિકન ફૂટબોલ મેચો દરમિયાન ટીમોને પ્રોત્સાહિત કરવા માટે કરવામાં આવતો હતો. ખાસ વાત એ છે કે આજે જ્યારે ચીયરલીડિંગ મહિલાઓ સાથે જોડાયેલું છે, તો પહેલા આ પ્રોફેશનમાં માત્ર પુરૂષ ચીયરલીડર્સ હતા. ઈન્ટરનેટ પર ઉપલબ્ધ માહિતી અનુસાર, ચીયરલીડર્સ પહેલીવાર 1898માં ફૂટબોલ મેચ દરમિયાન જોવા મળી હતી.  પુરૂષ ચીયરલીડર્સ ટીમોને ચીયર કરતા હતા. આ પરંપરા 1923 સુધી ચાલુ રહી હતી.

IPL 2025ની હરાજીમાં ભારત સરકાર થઇ માલામાલ, આટલા કરોડની કમાણી થઇ",https://gujarati.abplive.com/sports/ipl/ipl-cheerleaders-salary-ipl-2025-how-much-do-cheerleaders-earn-per-match-920170,15,2025-04-01 18:50:49
,,"IND vs AUS Adelaide Test: ટીમ ઈન્ડિયાનું ઓસ્ટ્રેલિયામાં અત્યાર સુધી શાનદાર પ્રદર્શન જોવા મળ્યું છે. પ્રથમ ટેસ્ટ જીત્યા બાદ ભારતે વોર્મ અપ મેચ પણ જીતી લીધી છે. ટીમ ઈન્ડિયાએ પ્રાઈમ મિનિસ્ટર ઈલેવનને 6 વિકેટે હરાવ્યું હતું. હવે શ્રેણીની બીજી મેચ 6 ડિસેમ્બરથી એડિલેડમાં રમાશે. આ મેચ માટે ભારતની પ્લેઈંગ ઈલેવન લગભગ નક્કી છે. ટીમ ઈન્ડિયાના કેટલાક ખેલાડીઓનું સ્થાન લગભગ ફાઇનલ છે જેમાં વિરાટ કોહલી અને રોહિત શર્માની સાથે શુભમન ગિલનું નામ પણ સામેલ છે.

Pink-ball mode: Activated 🚨India geared up for the upcoming Day-Night Test with a warm-up game against the Prime Minister’s XI 🏏#WTC25 | #AUSvIND pic.twitter.com/734m6tXfkh

ટેસ્ટ શ્રેણીની પ્રથમ મેચમાં કેપ્ટન રોહિત શર્મા રમ્યો ન હતો. તે સમયે તે મુંબઈમાં હતો. પરંતુ હવે તેણે વાપસી કરી છે. રોહિતનો પણ પ્લેઈંગ ઈલેવનમાં સમાવેશ કરવામાં આવશે. રોહિતની સાથે ગિલ પણ વાપસી કરશે. ઈજાના કારણે શુભમન પ્રથમ ટેસ્ટ રમી શક્યો ન હતો. ગિલે વોર્મ-અપ મેચમાં 50 રનની ઇનિંગ રમી હતી. આ દરમિયાન 7 ચોગ્ગા ફટકાર્યા હતા.

હર્ષિત રાણાનું સ્થાન લગભગ નિશ્ચિત

બીજી ટેસ્ટની પ્લેઈંગ ઈલેવનમાં હર્ષિત રાણાનું સ્થાન લગભગ નિશ્ચિત છે. તેણે વોર્મ-અપ મેચમાં ઘાતક બોલિંગ કરી હતી. તેણે 6 ઓવરમાં 44 રન આપીને 4 વિકેટ ઝડપી હતી. રાણાએ ટેસ્ટ શ્રેણીની પ્રથમ મેચમાં પણ પોતાની ક્ષમતા દેખાડી હતી. ઓસ્ટ્રેલિયાની પ્રથમ ઇનિંગ દરમિયાન તેણે 3 વિકેટ ઝડપી હતી. તેણે બીજી ઇનિંગ્સમાં 1 વિકેટ લીધી હતી. આ સાથે વોશિંગ્ટન સુંદરને પણ મેદાનમાં ઉતરવાની તક મળી શકે છે.

ટીમ ઈન્ડિયા આ ખેલાડીઓને ડ્રોપ કરી શકે છે.

ગિલ અને રોહિતની વાપસીથી બે ખેલાડીઓને પ્લેઈંગ ઈલેવનમાંથી બહાર જવું પડી શકે છે. આમાં પહેલું નામ દેવદત્ત પડ્ડિકલનું છે. પર્થ ટેસ્ટમાં તે કંઈ ખાસ કરી શક્યો નહોતો. ધ્રુવ જુરેલને પણ બ્રેક આપવામાં આવી શકે છે.

ઓસ્ટ્રેલિયા સામેની બીજી ટેસ્ટ મેચ માટે ભારતની સંભવિત પ્લેઈંગ ઈલેવન

યશસ્વી જયસ્વાલ, રોહિત શર્મા (કેપ્ટન), શુભમન ગિલ, વિરાટ કોહલી, ઋષભ પંત (વિકેટકીપર), કેએલ રાહુલ, નીતિશ રેડ્ડી, વોશિંગ્ટન સુંદર, હર્ષિત રાણા, જસપ્રીત બુમરાહ, મોહમ્મદ સિરાજ

Champions Trophy 2025: ચેમ્પિયન્સ ટ્રોફી હાઇબ્રિડ મોડલમાં યોજાશે! ટીમ ઈન્ડિયા તેની મેચો આ દેશમાં રમશે",https://gujarati.abplive.com/sports/cricket/ind-vs-aus-2nd-test-india-and-australia-playing-xi-for-adelaide-test-920160,15,2025-04-01 18:50:53
,,"syed modi international in womens single event   : લખનઉમાં ચાલી રહેલી સૈયદ મોદી ઈન્ટરનેશનલ સુપર 300 બેડમિન્ટન ટૂર્નામેન્ટની ફાઈનલ મેચમાં ભારતની સ્ટાર મહિલા ખેલાડી પીવી સિંધુનું એકતરફી પ્રદર્શન જોવા મળ્યું છે. સિંધુએ 1 ડિસેમ્બરે રમાયેલી ફાઈનલ મેચમાં ચીનની ખેલાડી વુ લુઓ યુ સામે સીધા સેટમાં જીત મેળવીને ગોલ્ડ મેડલ જીત્યો હતો. સિંધુએ કારકિર્દીમાં ત્રીજી વખત સૈયદ મોદી ઈન્ટરનેશનલ ટૂર્નામેન્ટનો ખિતાબ જીત્યો છે.

સિંધુએ બંને સેટમાં ચીનની ખેલાડીને વાપસી કરવાની તક આપી ન હતી

પીવી સિંધુએ ફાઈનલ મેચના પહેલા સેટથી જ ચીનની ખેલાડી વુ લુઓ યુ પર પોતાનો દબાવ જાળવી રાખ્યો હતો જેમાં તેણે 21-14થી જીત મેળવી હતી. આ પછી બીજા સેટમાં પણ સિંધુએ પોતાનું શાનદાર પ્રદર્શન જારી રાખ્યું અને તેને 21-16થી જીતી લીધો. સમગ્ર મેચ દરમિયાન સિંધુ સંપૂર્ણ રીતે વર્ચસ્વ ધરાવતી હતી જેમાં તેણે એક વખત પણ ચીની ખેલાડીને વાપસી કરવાની તક આપી ન હતી. વર્ષ 2024માં સિંધુનું આ પહેલું ટાઈટલ છે, જ્યારે તેણે છેલ્લે વર્ષ 2022માં જુલાઈમાં આયોજિત સિંગાપોર ઓપનમાં ટાઈટલ જીત્યું હતું.

મહિલા સિંગલ્સમાં ભારતની પીવી સિંધુએ ચીનની વુ લુઓ યુને 21-16ના માર્જિનથી હરાવીને મેચ જીતી લીધી હતી. 2022 પછી સિંધુએ સૈયદ મોદી ચેમ્પિયનશિપ જીતી છે. તે 2017માં પણ જીતી ચૂકી છે. 2019માં ફાઈનલમાં પહોંચી હતી. પરંતુ તે હારી ગઈ હતી.

આ વર્ષે બીજી વખત ટુર્નામેન્ટની ફાઇનલમાં પ્રવેશ કર્યો છે

ભારત માટે બે વખત ઓલિમ્પિક મેડલ જીતનારી પીવી સિંધુ માટે વર્ષ 2024 કંઈ ખાસ ન હતું, જેમાં તે માત્ર બે વખત જ ફાઇનલમાં પ્રવેશ કરવામાં સફળ રહી હતી. પેરિસ ઓલિમ્પિકમાં પણ સિંધુ અપેક્ષા મુજબનું પ્રદર્શન કરી શકી ન હતી અને રાઉન્ડ ઓફ 16માં બહાર થઈ ગઈ હતી. આ સિવાય તે મલેશિયા માસ્ટર્સની ફાઇનલમાં જગ્યા બનાવવામાં સફળ રહી હતી પરંતુ અહીં તેને ચીનની ખેલાડી પાસેથી હારનો સામનો કરવો પડ્યો હતો.

પીવી સિંધુનું પુરું નામ પુસરલા વેંકટ સિંધુ છે. તેનો જન્મ 5 જુલાઈ 1995ના રોજ હૈદરાબાદમાં થયો છે. બેડમિન્ટનમાં આંતરરાષ્ટ્રીય કરિયર 2009થી શરુ થયું, આંતરરાષ્ટ્રીય સ્તર પર તેમણે પ્રથમ મેડલ 2009માં જીત્યું હતુ.

મોહમ્મદ સિરાજને DSP બનવા પર તેલંગાણા સરકાર તરફથી કેટલો મળશે પગાર ? જાણો",https://gujarati.abplive.com/sports/pv-sindhu-wins-gold-medal-in-syed-modi-international-in-womens-single-event-920115,15,2025-04-01 18:50:59
,,"બોર્ડર ગાવસ્કર ટ્રોફીની બીજી મેચ 6 ડિસેમ્બરથી રમાશે. ભારત અને ઓસ્ટ્રેલિયા વચ્ચેની આ મેચ એડિલેડ ઓવલમાં રમાશે. રોહિત શર્મા પારિવારિક કારણોસર પ્રથમ ટેસ્ટ રમી શક્યો ન હતો. આવી સ્થિતિમાં તે બીજી ટેસ્ટમાં વાપસી કરવા માટે તૈયાર છે. રોહિત પર્થ ટેસ્ટ દરમિયાન જ ભારતીય ટીમ સાથે જોડાયો હતો. રોહિતના વાપસી બાદ બીજી ટેસ્ટમાં ભારતના પ્લેઈંગ 11માં ફેરફાર નિશ્ચિત છે. આટલું જ નહીં, શુભમન ગિલ પણ ઈજામાંથી સાજો થઈ રહ્યો છે અને વાપસી કરી શકે છે. આ દરમિયાન, દિગ્ગજ ભારતીય ક્રિકેટર સુનીલ ગાવસ્કરે જણાવ્યું કે ત્રીજી ટેસ્ટમાં ભારતની પ્લેઈંગ 11 કેવી હશે.

ભારતના પ્લેઈંગ 11માં 3 ફેરફાર થઈ શકે છે

ગાવસ્કરે કહ્યું છે કે પિંક બોલ ટેસ્ટમાં ભારતના પ્લેઈંગ 11માં 3 ફેરફાર થઈ શકે છે. 7 ક્રિકેટ સાથે વાત કરતી વખતે, ગાવસ્કરે કહ્યું કે રોહિત શર્મા અને શુભમન ગિલ ચોક્કસપણે દેવદત્ત પડિકલ અને ધ્રુવ જુરેલની જગ્યાએ પ્લેઈંગ ઈલેવનમાં પરત ફરશે.

તેમણે સૂચન કર્યું કે મેનેજમેન્ટ બેટિંગ ક્રમમાં ફેરફાર કરી શકે છે. રોહિતની ગેરહાજરીમાં કેએલ રાહુલે ઓપનિંગ કર્યું હતું. બીજી ટેસ્ટમાં રાહુલ મિડલ ઓર્ડરમાં બેટિંગ કરી શકે છે. ઉપરાંત, રોહિત શર્મા યશસ્વી જયસ્વાલ સાથે ઇનિંગની શરૂઆત કરતા જોવા મળી શકે છે.

ગાવસ્કરે કહ્યું, ""મને લાગે છે કે ચોક્કસપણે બે ફેરફારો થશે, રોહિત શર્મા અને શુભમન ગિલ બંને પ્લેઇંગ 11માં પરત ફરી રહ્યા છે. મને લાગે છે કે બેટિંગ ક્રમ બદલાશે. જ્યારે રોહિત શર્મા રાહુલનું સ્થાન લેશે, શુભમન ગિલ ત્રીજા નંબરે બેટિંગ કરશે. ધ્રુવ જુરેલ પ્લેઇંગ 11માંથી બહાર રહેશે. રાહુલ છઠ્ઠા નંબર પર બેટિંગ કરશે.

ગાવસ્કરે સૂચવ્યું કે ભારતીય મેનેજમેન્ટ વોશિંગ્ટન સુંદરની જગ્યાએ રવિન્દ્ર જાડેજાને તક આપી શકે છે. તેમણે કહ્યું, ""અને બીજો ફેરફાર જે થઈ શકે છે તે એ છે કે રવીન્દ્ર જાડેજાને વોશિંગ્ટન સુંદરની જગ્યાએ તક મળી શકે છે.""

ગાવસ્કરના મતે ભારતની  પ્લેઈંગ 11

રોહિત શર્મા (કેપ્ટન), યશસ્વી જયસ્વાલ, શુભમન ગિલ, વિરાટ કોહલી, ઋષભ પંત (વિકેટકીપર), કેએલ રાહુલ, રવિન્દ્ર જાડેજા, નીતિશ કુમાર રેડ્ડી, હર્ષિત રાણા, જસપ્રિત બુમરાહ, મોહમ્મદ સિરાજ.

મોહમ્મદ સિરાજને DSP બનવા પર તેલંગાણા સરકાર તરફથી કેટલો મળશે પગાર ? જાણો",https://gujarati.abplive.com/sports/cricket/ind-vs-aus-2nd-test-3-changes-in-india-playing-11-in-second-test-sunil-gavaskar-920117,15,2025-04-01 18:51:05
,,"Mohammed Siraj DSP Salary: ભારતીય ફાસ્ટ બોલર મોહમ્મદ સિરાજને આ વર્ષે તેલંગાણા સરકારે DSPના પદ પર નિયુક્ત કર્યા હતા. ડીએસપી તરીકે તેમની નિમણૂકની જાહેરાત આ વર્ષે જુલાઈમાં કરવામાં આવી હતી, જ્યારે તેનું જોઈનિંગ ઓક્ટોબર મહિનામાં થયું હતું. તમને યાદ અપાવી દઈએ કે ભારત T20 વર્લ્ડ કપ વિજેતા બન્યા બાદ તેલંગાણા સરકારે સિરાજને 600 ગજનો પ્લોટ આપવા ઉપરાંત સરકારી નોકરીનું વચન આપ્યું હતું. પરંતુ અત્યાર સુધી બધા અજાણ છે કે સિરાજ ડીએસપી બન્યો છે, પરંતુ પોલીસ ફોર્સમાં જોડાયા પછી તેનો પગાર કેટલો છે ?

ઈન્ડિયન એક્સપ્રેસ અનુસાર, ડીએસપી બન્યા બાદ મોહમ્મદ સિરાજનો પગાર ગ્રેડ 58,850 રૂપિયાથી લઈને 1,37,50 રૂપિયા સુધીનો છે. પગારની સાથે તેમને મેડિકલ, ટ્રાવેલ અને ઘર ભાડા માટે અલગથી ભથ્થા મળશે. તમને જણાવી દઈએ કે ડીએસપી પદ પર બેસવા માટે ગ્રેજ્યુએશનની ડિગ્રી હોવી જરૂરી છે, પરંતુ સિરાજે માત્ર 12મા ધોરણ સુધી જ અભ્યાસ કર્યો છે. આ સંદર્ભમાં તેલંગાણા સરકારે એક નિવેદન જાહેર કરીને કહ્યું હતું કે મોહમ્મદ સિરાજને છૂટ આપવામાં આવી છે.

મોહમ્મદ સિરાજ BCCIમાંથી કેટલી કમાણી કરે છે ?

વર્ષ 2024 માટે બીસીસીઆઈની સેન્ટ્રલ કોન્ટ્રાક્ટ લિસ્ટ અનુસાર, મોહમ્મદ સિરાજને ગ્રેડ Aમાં સામેલ કરવામાં આવ્યો છે. A ગ્રેડના ખેલાડીઓને વાર્ષિક 5 કરોડ રૂપિયાનો પગાર મળે છે. IPL 2025ની મેગા ઓક્શનમાં ગુજરાત ટાઇટન્સે તેને 12.25 કરોડ રૂપિયામાં ખરીદ્યો હતો. આ સિવાય આ ભારતીય બોલર જાહેરાતોમાંથી પણ ઘણી કમાણી કરે છે.

સિરાજ પહેલા જોગીન્દર શર્મા ડીએસપીના પદ પર કામ કરતા હતા. ભારતીય મહિલા ક્રિકેટ ટીમની કેપ્ટન હરમનપ્રીત કૌર પણ પંજાબમાં ડીએસપી રહી ચૂકી છે. બીજી તરફ, 2022 કોમનવેલ્થ ગેમ્સ અને 2023 એશિયન ગેમ્સમાં ભારતીય મહિલા ક્રિકેટ ટીમના શાનદાર પ્રદર્શન બાદ દીપ્તિ શર્માને યુપી પોલીસમાં ડીએસપીનું પદ મળ્યું. મોહમ્મદ સિરાજની વાત કરીએ તો તે હાલમાં ઓસ્ટ્રેલિયાના પ્રવાસ પર છે, જ્યાં ટીમ ઈન્ડિયા બોર્ડર-ગાવસ્કર ટ્રોફીમાં 1-0થી આગળ છે.

મોહમ્મદ સિરાજ IPL 2025માં RCB નહીં પરંતુ ગુજરાત ટાઇટન્સ તરફથી રમતો જોવા મળશે. ગુજરાત ટાઈટન્સની ટીમે મોહમ્મદ સિરાજને 12.25 કરોડમાં ખરીદ્યો હતો. સિરાજ છેલ્લા 7 વર્ષથી આરસીબીનો ભાગ હતો.

RCB નો સાથ છૂટી જતા ભાવૂક થયો મોહમ્મદ સિરાજ, ઈમોશનલ પોસ્ટ કરી લખ્યો ખાસ મેસેજ",https://gujarati.abplive.com/sports/cricket/mohammed-siraj-salary-dsp-telangana-government-how-much-earning-920107,15,2025-04-01 18:51:10
,,"Joe Root Most Test Runs in Fourth Innings Sachin Tendulkar:  ઇંગ્લેન્ડે પ્રથમ ટેસ્ટ મેચમાં ન્યૂઝીલેન્ડને 8 વિકેટે હરાવ્યું છે. ક્રાઈસ્ટચર્ચમાં રમાયેલી આ મેચમાં જો રૂટે વર્લ્ડ રેકોર્ડ બનાવ્યો છે. રૂટ હવે ચોથી ઇનિંગ્સમાં વિશ્વમાં સૌથી વધુ રન બનાવનાર બેટ્સમેન બની ગયો છે. કિવી ટીમ સામેની મેચ પહેલા જો રૂટે ચોથી ઇનિંગમાં 48 વખત બેટિંગ કરી હતી, જેમાં તેના નામે 1,607 રન હતા. રૂટે ન્યૂઝીલેન્ડ સામેની મેચની ચોથી ઇનિંગમાં 23 રન બનાવીને આ યાદીમાં સચિન તેંડુલકરને પાછળ છોડી દીધો છે.

આ રેકોર્ડ ભારતના દિગ્ગજ બેટ્સમેન સચિન તેંડુલકરના નામે હતો

અત્યાર સુધી આ રેકોર્ડ ભારતના દિગ્ગજ બેટ્સમેન સચિન તેંડુલકરના નામે હતો, જેણે પોતાની 24 વર્ષની કારકિર્દીમાં ચોથી ઇનિંગમાં રમતા 60 વખત બેટિંગ કરીને 1,625 રન બનાવ્યા હતા. હવે જો રૂટે ચોથી ઇનિંગમાં 49 વખત બેટિંગ કરતા 1,630 રન બનાવ્યા છે. તમને જણાવી દઈએ કે રૂટ અને તેંડુલકર સિવાય ગ્રીમ સ્મિથ અને એલિસ્ટર કૂક એવા બે બેટ્સમેન છે જેમણે ટેસ્ટ ક્રિકેટ ઈતિહાસમાં ચોથી ઈનિંગમાં 1,600થી વધુ રન બનાવ્યા હતા. આ રેકોર્ડ ઐતિહાસિક અને યાદગાર પણ છે કારણ કે રૂટે આ સિદ્ધિ મેળવવા માટે તેંડુલકર કરતા 11 ઇનિંગ્સ ઓછી રમી હતી.

ટેસ્ટ ક્રિકેટમાં સૌથી વધુ રનઆ વર્ષે જો રૂટે ઈંગ્લેન્ડ માટે ટેસ્ટ ક્રિકેટમાં સૌથી વધુ રન બનાવવાના મામલે એલિસ્ટર કૂકને પાછળ છોડી દીધો હતો. કુકે તેની કારકિર્દીમાં 161 ટેસ્ટ મેચમાં 12,472 રન બનાવ્યા હતા. બીજી તરફ જો રૂટ આ યાદીમાં પાંચમા સ્થાને છે, જેમના હાલમાં 12,777 રન છે. હવે માત્ર સચિન તેંડુલકર, રિકી પોન્ટિંગ, જેક કાલિસ અને રાહુલ દ્રવિડ સૌથી વધુ રન બનાવવાના મામલે તેનાથી ઉપર છે. સચિન તેંડુલકરે ટેસ્ટ ક્રિકેટમાં સૌથી વધુ રન બનાવ્યા હતા, જેમણે 200 ટેસ્ટ મેચમાં 15,921 રન બનાવ્યા હતા.

જો રૂટે છેલ્લા એક વર્ષથી માત્ર ટેસ્ટ ક્રિકેટ પર ધ્યાન કેન્દ્રિત કર્યું છે

જો રૂટે છેલ્લા એક વર્ષથી માત્ર ટેસ્ટ ક્રિકેટ પર ધ્યાન કેન્દ્રિત કર્યું છે કારણ કે તે છેલ્લે 2023 વર્લ્ડ કપ દરમિયાન ODI મેચ રમતા જોવા મળ્યો હતો. તે જ સમયે, વર્ષ 2019 પછી, તેણે ઇંગ્લેન્ડ માટે એકપણ T20 મેચ રમી નથી.

આ પણ વાંચો...",https://gujarati.abplive.com/sports/cricket/joe-root-breaks-sachin-tendulkar-record-for-most-runs-in-test-cricket-fourth-innings-during-eng-vs-nz-test-match-920103,15,2025-04-01 18:51:20
,,"New ICC Chairman Jay Shah: જય શાહ હવે બીસીસીઆઈના ભૂતપૂર્વ સચિવ કહેવાશે કારણ કે આજથી એટલે કે 1 ડિસેમ્બરથી તેઓ આઈસીસીના નવા અધ્યક્ષનું પદ સંભાળવા જઈ રહ્યા છે. શાહને આ વર્ષે ઓગસ્ટમાં સર્વસંમતિથી નવા અધ્યક્ષ તરીકે ચૂંટવામાં આવ્યા હતા અને હવે તેઓ સત્તાવાર રીતે આંતરરાષ્ટ્રીય ક્રિકેટ પરિષદના ચીફ તરીકેનો ચાર્જ સંભાળવા જઈ રહ્યા છે. ચાર્જ સંભાળતા પહેલા, જય શાહે એક નિવેદન જારી કરીને કહ્યું હતું કે તેમની પ્રાથમિકતાઓમાં 2028 લોસ એન્જલસ ઓલિમ્પિકમાં ક્રિકેટનું સફળ આયોજન અને મહિલા ક્રિકેટને પ્રોત્સાહન આપવાનો સમાવેશ થાય છે.

A new chapter of global cricket begins today with Jay Shah starting his tenure as ICC Chair.Details: https://t.co/y8RKJEvXvl pic.twitter.com/Fse4qrRS7a

જય શાહે ખુશી વ્યક્ત કરી અને કહ્યું, ""ચેરમેનનું પદ સંભાળીને હું સન્માનની લાગણી અનુભવું છું અને ICCના તમામ ડિરેક્ટરો અને બોર્ડના સભ્યોનો તેમના સમર્થન માટે આભાર વ્યક્ત કરું છું. અમે 2028ના લોસ એન્જલસ ઓલિમ્પિક તરફ આગળ વધી રહ્યા છીએ અને આ સફર ખૂબ જ સફળ થવાની છે. અમે ચાહકો માટે ક્રિકેટની રમતને વધુ આનંદપ્રદ બનાવવાનો પ્રયાસ કરીશું અને ક્રિકેટમાં ઘણા ફોર્મેટ છે અને આપણે તેને સાથે લઈને ચાલવું પડશે. તમને જણાવી દઈએ કે જય શાહ હવે ગ્રેગ બાર્કલેનું સ્થાન લેવા જઈ રહ્યા છે, જે નવેમ્બર 2020થી આઈસીસીના ચીફ હતા. શાહે બાર્કલેના યોગદાનને બિરદાવ્યું અને તેની ખૂબ પ્રશંસા પણ કરી.

ICCના અધ્યક્ષ બનવામાં 15 વર્ષ લાગ્યાંજય શાહે વર્ષ 2009માં ક્રિકેટ મેનેજમેન્ટ અને એડમિનિસ્ટ્રેશનમાં પ્રવેશ કર્યો હતો, જ્યારે તે માત્ર 21 વર્ષના હતા. તેઓ ગુજરાત ક્રિકેટ એસોસિએશનમાં બોર્ડ મેમ્બર હતા અને 4 વર્ષનો અનુભવ મેળવ્યા બાદ તેમને વર્ષ 2013માં GCA ના જોઈન્ટ સેક્રેટરી બનવાની તક મળી. 2015માં તેમણે ફાઇનાન્સ અને માર્કેટિંગ કમિટીના સભ્ય બનીને BCCIમાં પ્રવેશ કર્યો. તેણે 2019 માં GCA ના સંયુક્ત સચિવ પદ પરથી રાજીનામું આપ્યું કારણ કે તે જ વર્ષે તે BCCI ના સચિવ બન્યા અને નવેમ્બર 2024 સુધી તે જ પદ પર રહ્યા. ICCના અધ્યક્ષ હોવા ઉપરાંત, તેઓ હાલમાં એશિયન ક્રિકેટ કાઉન્સિલના અધ્યક્ષનું પદ પણ ધરાવે છે.

આ પણ વાંચો...",https://gujarati.abplive.com/sports/cricket/icc-chairman-jay-shah-starts-tenure-from-1-december-prioritise-los-angeles-2028-olympics-women-cricket-920101,15,2025-04-01 18:51:29
,,"India vs Pakistan Champions Trophy 2025: ચેમ્પિયન્સ ટ્રોફી 2025ને લઈને હજુ પણ વિવાદ ચાલી રહ્યો છે. પરંતુ હવે આ અંગેની સત્તાવાર જાહેરાત ટૂંક સમયમાં કરવામાં આવશે. પાકિસ્તાન ક્રિકેટ બોર્ડ પહેલા હાઈબ્રિડ મોડલ માટે તૈયાર નહોતું. પરંતુ અહેવાલો અનુસાર હવે તે તૈયાર છે. ટીમ ઈન્ડિયા તેની તમામ મેચ UAEમાં રમી શકે છે. પરંતુ હજુ સુધી તેની સત્તાવાર જાહેરાત કરવામાં આવી નથી. ટુર્નામેન્ટની એક સેમી ફાઈનલ લાહોરમાં અને એક દુબઈમાં યોજાઈ શકે છે.

PCBના અધ્યક્ષ મોહસિન નકવીએ તાજેતરમાં હાઇબ્રિડ મોડલના મુદ્દે પ્રતિક્રિયા આપી હતી. તેમણે કહ્યું કે જે પણ થશે તે સન્માન સાથે થશે. નકવીએ સંકેત આપ્યો કે PCB હાઇબ્રિડ મોડલ તરફ આગળ વધી રહ્યું છે. જો અહેવાલોનું માનીએ તો પાકિસ્તાન ક્રિકેટ બોર્ડ હાઇબ્રિડ મોડલ માટે તૈયાર છે અને UAE બોર્ડ સાથે પણ વાતચીત કરી રહ્યું છે.

સેમી ફાઈનલ મેચ લાહોર અને દુબઈમાં યોજાઈ શકે છે

મીડિયા રિપોર્ટ્સનું માનીએ તો ટીમ ઈન્ડિયા તેની તમામ મેચ દુબઈમાં રમી શકે છે. હાઇબ્રિડ મોડલ સ્વીકારવાના બદલામાં PCBએ ICC સમક્ષ બે શરતો મૂકી છે. આમાંની એક શરતો ભંડોળ સંબંધિત છે. પીસીબીનું કહેવું છે કે તેને વધુ ફંડની જરૂર પડશે. આ સાથે ટીમ ઈન્ડિયાની મેચ દુબઈ, UAEમાં યોજાઈ શકે છે. આ સાથે ટુર્નામેન્ટની એક સેમી ફાઈનલ મેચ દુબઈમાં અને બીજી સેમી ફાઈનલ મેચ લાહોરમાં રમાઈ શકે છે.

PCBએ ICC સમક્ષ કઈ શરત મૂકી?

PCBએ ICC સમક્ષ મોટી શરત મૂકી છે. જો અહેવાલો પર વિશ્વાસ કરવામાં આવે તો તેમનું કહેવું છે કે 2031 સુધીમાં ભારતમાં યોજાનારી ICC ટૂર્નામેન્ટ પણ હાઇબ્રિડ મોડલ પર હોવી જોઈએ. પાકિસ્તાનની ટીમ પણ ભારત જઈને મેચ નહીં રમે. બીજી શરત ભંડોળની હતી. ICC પાકિસ્તાનને લગભગ 550 કરોડ રૂપિયા આપી ચૂક્યું છે. હવે વધુ ફંડની માંગણી કરી રહી છે.

પીસીબીએ પાકિસ્તાનમાં આખી ટુર્નામેન્ટની યજમાની કરવાના તેના વલણ પર અડગ રહીને કહ્યું હતું કે તેઓ ભારત વિના ટૂર્નામેન્ટનું આયોજન કરી શકતા નથી અને ભારતને પાકિસ્તાનમાં રમવા માટે મનાવવું લગભગ અશક્ય છે. જો તેઓ અડગ રહ્યા હોત, તો ICC એ ટૂર્નામેન્ટ પાકિસ્તાન પાસેથી પાછી ખેંચી લીધી હોત, જેના કારણે PCBને મોટો આર્થિક ફટકો પડત અને તેને લગભગ 65 મિલિયન ડોલરનું નુકસાન થાત.

આ પણ વાંચો....

IND U19 vs PAK U19: એશિયા કપની રોમાંચક મેચમાં પાકિસ્તાને ભારતને 44 રને હરાવ્યું",https://gujarati.abplive.com/sports/cricket/champions-trophy-2025-india-pakistan-cricket-dubai-match-920044,15,2025-04-01 18:51:39
